// This file is autogenerated. See /text_converter/converter.py for the conversion file
#include "modding.h"
#include "ultra64.h"
#include "enums.h"
#include "common_structs.h"
u8 text_0[] = {
	0x21, 0x1, 0x1, 0x1, 0x0, 0x0, 0x0, 0x0, 0x0, 0x1e, 0x0, 0x0, 0x0, 0x0, 0x0, 0x0, 
	0x3, 0x1, 0x2, 0x0, 0x0, 0x0, 0x1e, 0x0, 0x26, 0x0, 0x0, 0x0, 0x0, 0x0, 0x44, 0x0, 
	0x6, 0x0, 0x0, 0x0, 0x0, 0x0, 0x0, 0x2, 0x1, 0x0, 0x6e, 0x0, 0x0, 0x0, 0x0, 0x0, 
	0x0, 0x1, 0x1, 0x0, 0x0, 0x0, 0x4a, 0x0, 0x16, 0x0, 0x0, 0x0, 0x0, 0x0, 0x0, 0x3, 
	0x1, 0x2, 0x0, 0x0, 0x0, 0x60, 0x0, 0x49, 0x0, 0x0, 0x0, 0x0, 0x0, 0xa9, 0x0, 0x6, 
	0x0, 0x0, 0x0, 0x0, 0x0, 0x0, 0x2, 0x1, 0x0, 0x6e, 0x0, 0x0, 0x0, 0x0, 0x0, 0x0, 
	0x1, 0x1, 0x0, 0x0, 0x0, 0xaf, 0x0, 0x16, 0x0, 0x0, 0x0, 0x0, 0x0, 0x0, 0x3, 0x1, 
	0x2, 0x0, 0x0, 0x0, 0xc5, 0x0, 0x41, 0x0, 0x0, 0x0, 0x0, 0x1, 0x6, 0x0, 0x6, 0x0, 
	0x0, 0x0, 0x0, 0x0, 0x0, 0x2, 0x1, 0x0, 0x6e, 0x0, 0x0, 0x0, 0x0, 0x0, 0x0, 0x1, 
	0x1, 0x0, 0x0, 0x1, 0xc, 0x0, 0x27, 0x0, 0x0, 0x0, 0x0, 0x0, 0x0, 0x1, 0x1, 0x1, 
	0x0, 0x0, 0x1, 0x33, 0x0, 0xa, 0x0, 0x0, 0x0, 0x0, 0x0, 0x0, 0x1, 0x1, 0x1, 0x0, 
	0x0, 0x1, 0x3d, 0x0, 0x9, 0x0, 0x0, 0x0, 0x0, 0x0, 0x0, 0x1, 0x1, 0x1, 0x0, 0x0, 
	0x1, 0x46, 0x0, 0x1a, 0x0, 0x0, 0x0, 0x0, 0x0, 0x0, 0x1, 0x1, 0x1, 0x0, 0x0, 0x1, 
	0x60, 0x0, 0x12, 0x0, 0x0, 0x0, 0x0, 0x0, 0x0, 0x1, 0x1, 0x1, 0x0, 0x0, 0x1, 0x72, 
	0x0, 0x1d, 0x0, 0x0, 0x0, 0x0, 0x0, 0x0, 0x3, 0x1, 0x2, 0x0, 0x0, 0x1, 0x8f, 0x0, 
	0x1a, 0x0, 0x0, 0x0, 0x0, 0x1, 0xa9, 0x0, 0x1b, 0x0, 0x0, 0x0, 0x0, 0x0, 0x0, 0x2, 
	0x1, 0x0, 0x6e, 0x0, 0x0, 0x0, 0x0, 0x0, 0x0, 0x1, 0x1, 0x0, 0x0, 0x1, 0xc4, 0x0, 
	0x31, 0x0, 0x0, 0x0, 0x0, 0x0, 0x0, 0x3, 0x1, 0x1, 0x0, 0x0, 0x1, 0xf5, 0x0, 0x15, 
	0x0, 0x0, 0x0, 0x0, 0x0, 0x0, 0x2, 0x1, 0x0, 0x6e, 0x0, 0x0, 0x0, 0x0, 0x0, 0x0, 
	0x1, 0x1, 0x0, 0x0, 0x2, 0xa, 0x0, 0x23, 0x0, 0x0, 0x0, 0x0, 0x0, 0x0, 0x3, 0x1, 
	0x2, 0x0, 0x0, 0x2, 0x2d, 0x0, 0x34, 0x0, 0x0, 0x0, 0x0, 0x2, 0x61, 0x0, 0x6, 0x0, 
	0x0, 0x0, 0x0, 0x0, 0x0, 0x2, 0x1, 0x0, 0x6e, 0x0, 0x0, 0x0, 0x0, 0x0, 0x0, 0x1, 
	0x1, 0x0, 0x0, 0x2, 0x67, 0x0, 0x3c, 0x0, 0x0, 0x0, 0x0, 0x0, 0x0, 0x3, 0x1, 0x2, 
	0x0, 0x0, 0x2, 0xa3, 0x0, 0x21, 0x0, 0x0, 0x0, 0x0, 0x2, 0xc4, 0x0, 0x6, 0x0, 0x0, 
	0x0, 0x0, 0x0, 0x0, 0x2, 0x1, 0x0, 0x6e, 0x0, 0x0, 0x0, 0x0, 0x0, 0x0, 0x1, 0x1, 
	0x0, 0x0, 0x2, 0xca, 0x0, 0x16, 0x0, 0x0, 0x0, 0x0, 0x0, 0x0, 0x5, 0x1, 0x2, 0x0, 
	0x0, 0x2, 0xe0, 0x0, 0x1f, 0x0, 0x0, 0x0, 0x0, 0x2, 0xff, 0x0, 0x6, 0x0, 0x0, 0x0, 
	0x0, 0x0, 0x0, 0x2, 0x1, 0x0, 0x6e, 0x0, 0x0, 0x0, 0x0, 0x0, 0x0, 0x1, 0x1, 0x0, 
	0x0, 0x3, 0x5, 0x0, 0x12, 0x0, 0x0, 0x0, 0x0, 0x0, 0x0, 0x2, 0x1, 0x0, 0x6f, 0x0, 
	0x0, 0x0, 0x0, 0x0, 0x0, 0x1, 0x1, 0x0, 0x0, 0x3, 0x17, 0x0, 0x16, 0x0, 0x0, 0x0, 
	0x0, 0x0, 0x0, 0x1, 0x1, 0x1, 0x0, 0x0, 0x3, 0x2d, 0x0, 0x32, 0x0, 0x0, 0x0, 0x0, 
	0x0, 0x0, 0x1, 0x1, 0x1, 0x0, 0x0, 0x3, 0x5f, 0x0, 0x31, 0x0, 0x0, 0x0, 0x0, 0x0, 
	0x0, 0x3, 0x1, 0x1, 0x0, 0x0, 0x3, 0x90, 0x0, 0x1d, 0x0, 0x0, 0x0, 0x0, 0x0, 0x0, 
	0x2, 0x1, 0x0, 0x6f, 0x0, 0x0, 0x0, 0x0, 0x0, 0x0, 0x1, 0x1, 0x0, 0x0, 0x3, 0xad, 
	0x0, 0x10, 0x0, 0x0, 0x0, 0x0, 0x0, 0x0, 0x1, 0x1, 0x1, 0x0, 0x0, 0x3, 0xbd, 0x0, 
	0x36, 0x0, 0x0, 0x0, 0x0, 0x0, 0x0, 0x1, 0x1, 0x1, 0x0, 0x0, 0x3, 0xf3, 0x0, 0x36, 
	0x0, 0x0, 0x0, 0x0, 0x0, 0x0, 0x1, 0x1, 0x1, 0x0, 0x0, 0x4, 0x29, 0x0, 0x2b, 0x0, 
	0x0, 0x0, 0x0, 0x0, 0x0, 0x7, 0x1, 0x2, 0x0, 0x0, 0x4, 0x54, 0x0, 0x14, 0x0, 0x0, 
	0x0, 0x0, 0x4, 0x68, 0x0, 0x1b, 0x0, 0x0, 0x0, 0x0, 0x0, 0x0, 0x2, 0x1, 0x0, 0x70, 
	0x0, 0x0, 0x0, 0x0, 0x0, 0x0, 0x1, 0x1, 0x0, 0x0, 0x4, 0x83, 0x0, 0x16, 0x0, 0x0, 
	0x0, 0x0, 0x0, 0x0, 0x2, 0x1, 0x0, 0x6f, 0x0, 0x0, 0x0, 0x0, 0x0, 0x0, 0x1, 0x1, 
	0x0, 0x0, 0x4, 0x99, 0x0, 0x11, 0x0, 0x0, 0x0, 0x0, 0x0, 0x0, 0x2, 0x1, 0x0, 0x6b, 
	0x0, 0x0, 0x0, 0x0, 0x0, 0x0, 0x1, 0x2, 0x0, 0x0, 0x4, 0xaa, 0x0, 0x8, 0x0, 0x0, 
	0x0, 0x0, 0x4, 0xb2, 0x0, 0xb, 0x0, 0x0, 0x0, 0x0, 0x0, 0x0, 0x1, 0x1, 0x1, 0x0, 
	0x0, 0x4, 0xbd, 0x0, 0x34, 0x0, 0x0, 0x0, 0x0, 0x0, 0x0, 0x1, 0x1, 0x1, 0x0, 0x0, 
	0x4, 0xf1, 0x0, 0x39, 0x0, 0x0, 0x0, 0x0, 0x0, 0x0, 0x1, 0x1, 0x1, 0x0, 0x0, 0x5, 
	0x2a, 0x0, 0x59, 0x0, 0x0, 0x0, 0x0, 0x0, 0x0, 0x1, 0x1, 0x1, 0x0, 0x0, 0x5, 0x83, 
	0x0, 0x3e, 0x0, 0x0, 0x0, 0x0, 0x0, 0x0, 0x1, 0x1, 0x1, 0x0, 0x0, 0x5, 0xc1, 0x0, 
	0x14, 0x0, 0x0, 0x0, 0x0, 0x0, 0x0, 0x1, 0x1, 0x1, 0x0, 0x0, 0x5, 0xd5, 0x0, 0x4f, 
	0x0, 0x0, 0x0, 0x0, 0x0, 0x0, 0x1, 0x1, 0x1, 0x0, 0x0, 0x6, 0x24, 0x0, 0x55, 0x0, 
	0x0, 0x0, 0x0, 0x0, 0x0, 0x1, 0x1, 0x1, 0x0, 0x0, 0x6, 0x79, 0x0, 0x49, 0x0, 0x0, 
	0x0, 0x0, 0x0, 0x0, 0x1, 0x1, 0x1, 0x0, 0x0, 0x6, 0xc2, 0x0, 0x50, 0x0, 0x0, 0x0, 
	0x0, 0x0, 0x0, 0x1, 0x1, 0x1, 0x0, 0x0, 0x7, 0x12, 0x0, 0x49, 0x0, 0x0, 0x0, 0x0, 
	0x0, 0x0, 0x1, 0x1, 0x1, 0x0, 0x0, 0x7, 0x5b, 0x0, 0x2c, 0x0, 0x0, 0x0, 0x0, 0x0, 
	0x0, 0x1, 0x1, 0x1, 0x0, 0x0, 0x7, 0x87, 0x0, 0x3c, 0x0, 0x0, 0x0, 0x0, 0x0, 0x0, 
	0x7, 0xc3, 0x57, 0x49, 0x4c, 0x4c, 0x4b, 0x4f, 0x4d, 0x4d, 0x45, 0x4e, 0x20, 0x49, 0x4e, 0x20, 
	0x44, 0x45, 0x52, 0x20, 0x42, 0x4f, 0x4e, 0x55, 0x53, 0x20, 0x53, 0x54, 0x41, 0x47, 0x45, 0x21, 
	0x54, 0x52, 0x45, 0x46, 0x46, 0x45, 0x20, 0x53, 0x4f, 0x20, 0x56, 0x49, 0x45, 0x4c, 0x45, 0x20, 
	0x4b, 0x52, 0x45, 0x4d, 0x4c, 0x49, 0x4e, 0x47, 0x53, 0x20, 0x57, 0x49, 0x45, 0x20, 0x4d, 0xd6, 
	0x47, 0x4c, 0x49, 0x43, 0x48, 0x21, 0x44, 0x52, 0xdc, 0x43, 0x4b, 0x45, 0x55, 0x4d, 0x20, 0x4d, 
	0x45, 0x4c, 0x4f, 0x4e, 0x45, 0x4e, 0x20, 0x41, 0x42, 0x5a, 0x55, 0x46, 0x45, 0x55, 0x45, 0x52, 
	0x4e, 0x21, 0x44, 0x49, 0x45, 0x20, 0x53, 0x43, 0x48, 0x49, 0x4c, 0x44, 0x4b, 0x52, 0xd6, 0x54, 
	0x45, 0x4e, 0x20, 0x44, 0x52, 0x45, 0x48, 0x45, 0x4e, 0x20, 0x53, 0x49, 0x43, 0x48, 0x2c, 0x20, 
	0x57, 0x45, 0x4e, 0x4e, 0x20, 0x44, 0x55, 0x20, 0x44, 0x49, 0x45, 0x20, 0x53, 0x43, 0x48, 0x4c, 
	0x41, 0x4e, 0x47, 0x45, 0x4e, 0x20, 0x4d, 0x49, 0x54, 0x20, 0x4d, 0x45, 0x4c, 0x4f, 0x4e, 0x45, 
	0x4e, 0x20, 0x46, 0xdc, 0x54, 0x54, 0x45, 0x52, 0x53, 0x54, 0x2e, 0x44, 0x52, 0xdc, 0x43, 0x4b, 
	0x45, 0x55, 0x4d, 0x20, 0x4d, 0x45, 0x4c, 0x4f, 0x4e, 0x45, 0x4e, 0x20, 0x41, 0x42, 0x5a, 0x55, 
	0x46, 0x45, 0x55, 0x45, 0x52, 0x4e, 0x21, 0x57, 0x45, 0x4e, 0x4e, 0x20, 0x44, 0x55, 0x20, 0x34, 
	0x20, 0x42, 0x41, 0x4e, 0x41, 0x4e, 0x45, 0x4e, 0x20, 0x41, 0x55, 0x46, 0x20, 0x44, 0x49, 0x45, 
	0x20, 0x52, 0x45, 0x49, 0x48, 0x45, 0x20, 0x42, 0x45, 0x4b, 0x4f, 0x4d, 0x4d, 0x53, 0x54, 0x2c, 
	0x20, 0x4b, 0x4e, 0x41, 0x43, 0x4b, 0x53, 0x54, 0x20, 0x44, 0x55, 0x20, 0x44, 0x45, 0x4e, 0x20, 
	0x4a, 0x41, 0x43, 0x4b, 0x50, 0x4f, 0x54, 0x21, 0x44, 0x52, 0xdc, 0x43, 0x4b, 0x45, 0x55, 0x4d, 
	0x20, 0x44, 0x49, 0x45, 0x20, 0x52, 0xc4, 0x44, 0x45, 0x52, 0x20, 0x5a, 0x55, 0x20, 0x53, 0x54, 
	0x41, 0x52, 0x54, 0x45, 0x4e, 0x20, 0x55, 0x4e, 0x44, 0x20, 0x5a, 0x55, 0x20, 0x53, 0x54, 0x4f, 
	0x50, 0x50, 0x45, 0x4e, 0x21, 0x4e, 0x41, 0x43, 0x48, 0x4c, 0x41, 0x44, 0x45, 0x4e, 0x21, 0x42, 
	0x45, 0x45, 0x49, 0x4c, 0x55, 0x4e, 0x47, 0x21, 0x46, 0x41, 0x53, 0x54, 0x20, 0x47, 0x45, 0x53, 
	0x43, 0x48, 0x41, 0x46, 0x46, 0x54, 0x21, 0x20, 0x57, 0x45, 0x49, 0x54, 0x45, 0x52, 0x20, 0x53, 
	0x4f, 0x21, 0x47, 0x4c, 0xdc, 0x43, 0x4b, 0x57, 0x55, 0x4e, 0x53, 0x43, 0x48, 0x21, 0x20, 0x43, 
	0x4f, 0x4f, 0x4c, 0x21, 0x53, 0x43, 0x48, 0x41, 0x44, 0x45, 0x21, 0x20, 0x44, 0x55, 0x20, 0x57, 
	0x41, 0x52, 0x53, 0x54, 0x20, 0x4e, 0x41, 0x48, 0x45, 0x20, 0x44, 0x52, 0x41, 0x4e, 0x2e, 0x2e, 
	0x2e, 0x54, 0x52, 0x45, 0x46, 0x46, 0x45, 0x20, 0x44, 0x49, 0x45, 0x20, 0x47, 0x4f, 0x4c, 0x44, 
	0x45, 0x4e, 0x45, 0x20, 0x42, 0x41, 0x4e, 0x41, 0x4e, 0x45, 0x21, 0x41, 0x42, 0x45, 0x52, 0x20, 
	0x42, 0x4c, 0x4f, 0x53, 0x53, 0x20, 0x4e, 0x49, 0x43, 0x48, 0x54, 0x20, 0x44, 0x49, 0x45, 0x20, 
	0x4b, 0x4f, 0x4e, 0x47, 0x53, 0x21, 0x55, 0x4d, 0x20, 0x41, 0x42, 0x5a, 0x55, 0x46, 0x45, 0x55, 
	0x45, 0x52, 0x4e, 0x2e, 0x20, 0x54, 0x52, 0x45, 0x46, 0x46, 0x45, 0x20, 0x44, 0x49, 0x45, 0x20, 
	0x4d, 0x45, 0x4c, 0x4f, 0x4e, 0x45, 0x2c, 0x20, 0x55, 0x4d, 0x20, 0x4e, 0x41, 0x43, 0x48, 0x5a, 
	0x55, 0x4c, 0x41, 0x44, 0x45, 0x4e, 0x21, 0x45, 0x52, 0x57, 0x49, 0x53, 0x43, 0x48, 0x45, 0x20, 
	0x44, 0x49, 0x45, 0x20, 0x46, 0x4c, 0x49, 0x45, 0x47, 0x45, 0x4e, 0x21, 0x55, 0x4d, 0x20, 0x44, 
	0x49, 0x45, 0x20, 0x46, 0x4c, 0x49, 0x45, 0x47, 0x45, 0x4e, 0x4b, 0x4c, 0x41, 0x54, 0x53, 0x43, 
	0x48, 0x45, 0x20, 0x45, 0x49, 0x4e, 0x5a, 0x55, 0x53, 0x45, 0x54, 0x5a, 0x45, 0x4e, 0x2e, 0x54, 
	0x52, 0x45, 0x46, 0x46, 0x45, 0x20, 0x44, 0x49, 0x45, 0x20, 0x4b, 0x4c, 0x41, 0x50, 0x20, 0x54, 
	0x52, 0x41, 0x50, 0x53, 0x2c, 0x20, 0x55, 0x4d, 0x20, 0x44, 0x45, 0x52, 0x20, 0x46, 0x45, 0x45, 
	0x20, 0x44, 0x45, 0x4e, 0x20, 0x57, 0x45, 0x47, 0x20, 0x5a, 0x55, 0x20, 0x52, 0xc4, 0x55, 0x4d, 
	0x45, 0x4e, 0x21, 0x44, 0x52, 0xdc, 0x43, 0x4b, 0x45, 0x55, 0x4d, 0x20, 0x4d, 0x45, 0x4c, 0x4f, 
	0x4e, 0x45, 0x4e, 0x20, 0x41, 0x42, 0x5a, 0x55, 0x46, 0x45, 0x55, 0x45, 0x52, 0x4e, 0x20, 0x55, 
	0x4e, 0x44, 0x20, 0x54, 0x52, 0x45, 0x46, 0x46, 0x45, 0x20, 0x44, 0x49, 0x45, 0x20, 0x4d, 0x45, 
	0x4c, 0x4f, 0x4e, 0x45, 0x2c, 0x20, 0x55, 0x4d, 0x20, 0x4e, 0x41, 0x43, 0x48, 0x5a, 0x55, 0x4c, 
	0x41, 0x44, 0x45, 0x4e, 0x21, 0x53, 0x55, 0x43, 0x48, 0x45, 0x20, 0x55, 0x4e, 0x44, 0x20, 0x54, 
	0x52, 0x45, 0x46, 0x46, 0x45, 0x20, 0x41, 0x4c, 0x4c, 0x45, 0x20, 0x4b, 0x4c, 0x41, 0x50, 0x20, 
	0x54, 0x52, 0x41, 0x50, 0x53, 0x21, 0x44, 0x52, 0xdc, 0x43, 0x4b, 0x45, 0x55, 0x4d, 0x20, 0x4d, 
	0x45, 0x4c, 0x4f, 0x4e, 0x45, 0x4e, 0x20, 0x41, 0x42, 0x5a, 0x55, 0x46, 0x45, 0x55, 0x45, 0x52, 
	0x4e, 0x2e, 0x54, 0x52, 0x45, 0x49, 0x42, 0x45, 0x20, 0x41, 0x4c, 0x4c, 0x45, 0x20, 0x42, 0x49, 
	0x42, 0x45, 0x52, 0x20, 0x49, 0x4e, 0x20, 0x44, 0x49, 0x45, 0x20, 0x47, 0x52, 0x55, 0x42, 0x45, 
	0x21, 0x44, 0x52, 0xdc, 0x43, 0x4b, 0x45, 0x55, 0x4d, 0x20, 0x5a, 0x55, 0x20, 0x53, 0x50, 0x52, 
	0x49, 0x4e, 0x47, 0x45, 0x4e, 0x20, 0x55, 0x4e, 0x44, 0x55, 0x4d, 0x20, 0x53, 0x49, 0x45, 0x20, 
	0x5a, 0x55, 0x20, 0x45, 0x52, 0x53, 0x43, 0x48, 0x52, 0x45, 0x43, 0x4b, 0x45, 0x4e, 0x21, 0x45, 
	0x52, 0x4c, 0x45, 0x44, 0x49, 0x47, 0x45, 0x20, 0x44, 0x49, 0x45, 0x20, 0x53, 0x43, 0x48, 0x55, 
	0x52, 0x4b, 0x45, 0x4e, 0x20, 0x55, 0x4e, 0x44, 0x20, 0x45, 0x52, 0x52, 0x45, 0x49, 0x43, 0x48, 
	0x45, 0x20, 0x44, 0x49, 0x45, 0x20, 0x5a, 0x49, 0x45, 0x4c, 0x46, 0x4c, 0x41, 0x47, 0x47, 0x45, 
	0x21, 0x53, 0x43, 0x48, 0x4c, 0x45, 0x49, 0x43, 0x48, 0x45, 0x20, 0x44, 0x55, 0x52, 0x43, 0x48, 
	0x20, 0x44, 0x41, 0x53, 0x20, 0x4c, 0x41, 0x42, 0x59, 0x52, 0x49, 0x4e, 0x54, 0x48, 0x20, 0x48, 
	0x49, 0x4e, 0x20, 0x5a, 0x55, 0x52, 0x20, 0x5a, 0x49, 0x45, 0x4c, 0x46, 0x4c, 0x41, 0x47, 0x47, 
	0x45, 0x21, 0xdc, 0x42, 0x45, 0x52, 0x53, 0x54, 0x45, 0x48, 0x45, 0x20, 0x44, 0x49, 0x45, 0x20, 
	0x41, 0x54, 0x54, 0x41, 0x43, 0x4b, 0x45, 0x21, 0x20, 0x44, 0x52, 0xdc, 0x43, 0x4b, 0x45, 0x55, 
	0x4d, 0x20, 0x5a, 0x55, 0x20, 0x53, 0x43, 0x48, 0x49, 0x45, 0x53, 0x53, 0x45, 0x4e, 0x2e, 0x53, 
	0x41, 0x4d, 0x4d, 0x4c, 0x45, 0x20, 0x41, 0x4c, 0x4c, 0x45, 0x20, 0x4d, 0xdc, 0x4e, 0x5a, 0x45, 
	0x4e, 0x20, 0x55, 0x4e, 0x44, 0x20, 0x45, 0x52, 0x52, 0x45, 0x49, 0x43, 0x48, 0x45, 0x20, 0x44, 
	0x41, 0x4e, 0x41, 0x43, 0x48, 0x20, 0x44, 0x49, 0x45, 0x20, 0x5a, 0x49, 0x45, 0x4c, 0x46, 0x4c, 
	0x41, 0x47, 0x47, 0x45, 0x21, 0x53, 0x41, 0x4d, 0x4d, 0x4c, 0x45, 0x20, 0x41, 0x4c, 0x4c, 0x45, 
	0x20, 0x4d, 0xdc, 0x4e, 0x5a, 0x45, 0x4e, 0x2c, 0x20, 0x41, 0x42, 0x45, 0x52, 0x20, 0x48, 0xdc, 
	0x54, 0x45, 0x20, 0x44, 0x49, 0x43, 0x48, 0x20, 0x56, 0x4f, 0x52, 0x20, 0x44, 0x45, 0x4e, 0x20, 
	0x53, 0x45, 0x45, 0x53, 0x54, 0x45, 0x52, 0x4e, 0x45, 0x4e, 0x21, 0x48, 0xdc, 0x50, 0x46, 0x45, 
	0x20, 0x41, 0x55, 0x46, 0x20, 0x44, 0x49, 0x45, 0x20, 0x42, 0xc4, 0x55, 0x4d, 0x45, 0x20, 0x55, 
	0x4e, 0x44, 0x20, 0x53, 0x41, 0x4d, 0x4d, 0x4c, 0x45, 0x20, 0x41, 0x4c, 0x4c, 0x45, 0x20, 0x4d, 
	0xdc, 0x4e, 0x5a, 0x45, 0x4e, 0x21, 0x4d, 0x45, 0x49, 0x44, 0x45, 0x20, 0x44, 0x49, 0x45, 0x20, 
	0x54, 0x4e, 0x54, 0x2d, 0x4c, 0x4f, 0x52, 0x45, 0x4e, 0x21, 0x55, 0x4d, 0x20, 0x5a, 0x55, 0x20, 
	0x42, 0x45, 0x53, 0x43, 0x48, 0x4c, 0x45, 0x55, 0x4e, 0x49, 0x47, 0x45, 0x4e, 0x2c, 0x20, 0x44, 
	0x52, 0xdc, 0x43, 0x4b, 0x45, 0x5a, 0x55, 0x4d, 0x20, 0x41, 0x42, 0x42, 0x52, 0x45, 0x4d, 0x53, 
	0x45, 0x4e, 0x20, 0x4d, 0x55, 0x53, 0x53, 0x54, 0x20, 0x44, 0x55, 0x55, 0x4e, 0x44, 0x20, 0x5a, 
	0x55, 0x4d, 0x20, 0x52, 0x41, 0x4e, 0x47, 0x49, 0x45, 0x52, 0x45, 0x4e, 0x44, 0x52, 0xdc, 0x43, 
	0x4b, 0x45, 0x4e, 0x2e, 0x56, 0x49, 0x45, 0x4c, 0x20, 0x47, 0x4c, 0xdc, 0x43, 0x4b, 0x21, 0x48, 
	0x45, 0x59, 0x20, 0x7e, 0x2c, 0x20, 0x53, 0x50, 0x52, 0x49, 0x4e, 0x47, 0x20, 0x49, 0x4e, 0x20, 
	0x44, 0x41, 0x53, 0x20, 0x4b, 0x41, 0x4e, 0x4f, 0x4e, 0x45, 0x4e, 0x46, 0x41, 0x53, 0x53, 0x20, 
	0x55, 0x4e, 0x44, 0x20, 0x54, 0x52, 0x45, 0x46, 0x46, 0x45, 0x20, 0x33, 0x20, 0x5a, 0x49, 0x45, 
	0x4c, 0x45, 0x21, 0x48, 0x45, 0x59, 0x20, 0x7e, 0x2c, 0x20, 0x44, 0x49, 0x45, 0x20, 0x50, 0x49, 
	0x4c, 0x5a, 0x45, 0x20, 0x48, 0x45, 0x4c, 0x46, 0x45, 0x4e, 0x20, 0x44, 0x49, 0x52, 0x2c, 0x20, 
	0x4e, 0x41, 0x43, 0x48, 0x20, 0x44, 0x45, 0x4e, 0x20, 0x53, 0x54, 0x45, 0x52, 0x4e, 0x45, 0x4e, 
	0x20, 0x5a, 0x55, 0x20, 0x47, 0x52, 0x45, 0x49, 0x46, 0x45, 0x4e, 0x21, 0x53, 0x43, 0x48, 0x4c, 
	0x41, 0x47, 0x45, 0x20, 0x44, 0x45, 0x4e, 0x20, 0x4b, 0x52, 0x45, 0x4d, 0x4c, 0x49, 0x4e, 0x47, 
	0x2c, 0x20, 0x44, 0x45, 0x52, 0x20, 0x41, 0x4c, 0x53, 0x20, 0x45, 0x52, 0x53, 0x54, 0x45, 0x52, 
	0x20, 0x44, 0x45, 0x4e, 0x20, 0x53, 0x43, 0x48, 0x41, 0x4c, 0x54, 0x45, 0x52, 0x20, 0x44, 0x52, 
	0xdc, 0x43, 0x4b, 0x54, 0x20, 0x55, 0x4e, 0x44, 0x20, 0x41, 0x4b, 0x54, 0x49, 0x56, 0x49, 0x45, 
	0x52, 0x45, 0x20, 0x49, 0x48, 0x4e, 0x20, 0x44, 0x41, 0x4e, 0x41, 0x43, 0x48, 0x20, 0x53, 0x45, 
	0x4c, 0x42, 0x53, 0x54, 0x21, 0x41, 0x55, 0x46, 0x20, 0x47, 0x45, 0x48, 0x54, 0x27, 0x53, 0x21, 
	0x20, 0x54, 0x52, 0x45, 0x46, 0x46, 0x45, 0x20, 0x34, 0x20, 0x53, 0x43, 0x48, 0x41, 0x4c, 0x54, 
	0x45, 0x52, 0x20, 0x55, 0x4e, 0x44, 0x20, 0x44, 0x55, 0x20, 0x45, 0x52, 0x4c, 0x45, 0x42, 0x53, 
	0x54, 0x20, 0x45, 0x54, 0x57, 0x41, 0x53, 0x20, 0x45, 0x52, 0x48, 0x45, 0x42, 0x45, 0x4e, 0x44, 
	0x45, 0x53, 0x21, 0x4b, 0x4e, 0x41, 0x4c, 0x4c, 0x20, 0x44, 0x49, 0x45, 0x20, 0x5a, 0x49, 0x4e, 
	0x47, 0x45, 0x52, 0x20, 0x41, 0x42, 0x21, 0x53, 0x50, 0x52, 0x49, 0x4e, 0x47, 0x45, 0x20, 0x44, 
	0x55, 0x52, 0x43, 0x48, 0x20, 0x33, 0x20, 0x53, 0x54, 0x45, 0x52, 0x4e, 0x45, 0x20, 0x4f, 0x48, 
	0x4e, 0x45, 0x20, 0x44, 0x45, 0x4e, 0x20, 0x42, 0x4f, 0x44, 0x45, 0x4e, 0x20, 0x5a, 0x55, 0x20, 
	0x42, 0x45, 0x52, 0xdc, 0x48, 0x52, 0x45, 0x4e, 0x20, 0x55, 0x4e, 0x44, 0x20, 0x54, 0x52, 0x45, 
	0x46, 0x46, 0x45, 0x20, 0x44, 0x41, 0x4e, 0x4e, 0x20, 0x44, 0x45, 0x4e, 0x20, 0x53, 0x43, 0x48, 
	0x41, 0x4c, 0x54, 0x45, 0x52, 0x21, 0x7e, 0x2c, 0x20, 0x53, 0x54, 0x45, 0x4c, 0x4c, 0x45, 0x20, 
	0x44, 0x49, 0x43, 0x48, 0x20, 0x41, 0x55, 0x46, 0x20, 0x44, 0x41, 0x53, 0x20, 0x50, 0x4f, 0x44, 
	0x49, 0x55, 0x4d, 0x2e, 0x20, 0x44, 0x41, 0x53, 0x20, 0x5a, 0x49, 0x45, 0x4c, 0x46, 0x45, 0x52, 
	0x4e, 0x52, 0x4f, 0x48, 0x52, 0x20, 0x48, 0x49, 0x4c, 0x46, 0x54, 0x20, 0x44, 0x49, 0x52, 0x2c, 
	0x20, 0x44, 0x49, 0x45, 0x20, 0x53, 0x43, 0x48, 0x55, 0x52, 0x4b, 0x45, 0x4e, 0x20, 0x5a, 0x55, 
	0x20, 0x45, 0x52, 0x4c, 0x45, 0x44, 0x49, 0x47, 0x45, 0x4e, 0x21, 0x44, 0x41, 0x53, 0x20, 0x57, 
	0x49, 0x52, 0x53, 0x54, 0x20, 0x44, 0x55, 0x20, 0x4d, 0xd6, 0x47, 0x45, 0x4e, 0x2c, 0x20, 0x7e, 
	0x2e, 0x20, 0x53, 0x55, 0x43, 0x48, 0x45, 0x20, 0x44, 0x45, 0x4e, 0x20, 0x56, 0x45, 0x52, 0x53, 
	0x54, 0x45, 0x43, 0x4b, 0x54, 0x45, 0x4e, 0x20, 0x4b, 0x52, 0x45, 0x4d, 0x4c, 0x49, 0x4e, 0x47, 
	0x20, 0x55, 0x4e, 0x44, 0x20, 0x47, 0x49, 0x42, 0x20, 0x49, 0x48, 0x4d, 0x20, 0x53, 0x41, 0x55, 
	0x52, 0x45, 0x53, 0x21, 0x47, 0x45, 0x53, 0x54, 0x41, 0x54, 0x54, 0x45, 0x4e, 0x2c, 0x20, 0x52, 
	0x41, 0x4d, 0x42, 0x49, 0x21, 0x20, 0x4d, 0x49, 0x53, 0x43, 0x48, 0x20, 0x45, 0x49, 0x4e, 0x20, 
	0x50, 0x41, 0x41, 0x52, 0x20, 0x4b, 0x52, 0x45, 0x4d, 0x4c, 0x49, 0x4e, 0x47, 0x45, 0x20, 0x41, 
	0x55, 0x46, 0x2c, 0x20, 0x41, 0x42, 0x45, 0x52, 0x20, 0x41, 0x43, 0x48, 0x54, 0x45, 0x20, 0x41, 
	0x55, 0x46, 0x20, 0x44, 0x49, 0x45, 0x20, 0x50, 0x4f, 0x57, 0x45, 0x52, 0x2d, 0x53, 0xc4, 0x55, 
	0x4c, 0x45, 0x4e, 0x21, 0x42, 0x45, 0x54, 0xc4, 0x54, 0x49, 0x47, 0x45, 0x20, 0x44, 0x45, 0x4e, 
	0x20, 0x56, 0x45, 0x52, 0x53, 0x54, 0x45, 0x43, 0x4b, 0x54, 0x45, 0x4e, 0x20, 0x53, 0x43, 0x48, 
	0x41, 0x4c, 0x54, 0x45, 0x52, 0x20, 0x49, 0x4d, 0x20, 0x4c, 0x41, 0x42, 0x59, 0x52, 0x49, 0x4e, 
	0x54, 0x48, 0x20, 0x55, 0x4e, 0x44, 0x20, 0x44, 0x41, 0x4e, 0x4e, 0x20, 0x41, 0x42, 0x20, 0x5a, 
	0x55, 0x52, 0x20, 0x5a, 0x49, 0x45, 0x4c, 0x4c, 0x49, 0x4e, 0x49, 0x45, 0x21, 0x4a, 0x45, 0x44, 
	0x45, 0x52, 0x20, 0x54, 0x52, 0x45, 0x46, 0x46, 0x45, 0x52, 0x20, 0x56, 0x45, 0x52, 0x42, 0x45, 
	0x53, 0x53, 0x45, 0x52, 0x54, 0x20, 0x44, 0x45, 0x49, 0x4e, 0x45, 0x4e, 0x20, 0x50, 0x55, 0x4e, 
	0x4b, 0x54, 0x45, 0x53, 0x54, 0x41, 0x4e, 0x44, 0x21, 0x53, 0x43, 0x48, 0x57, 0x49, 0x4d, 0x4d, 
	0x45, 0x20, 0x44, 0x55, 0x52, 0x43, 0x48, 0x20, 0x44, 0x49, 0x45, 0x20, 0x53, 0x54, 0x45, 0x52, 
	0x4e, 0x45, 0x2c, 0x20, 0x55, 0x4d, 0x20, 0x44, 0x45, 0x49, 0x4e, 0x45, 0x20, 0x50, 0x55, 0x4e, 
	0x4b, 0x54, 0x5a, 0x41, 0x48, 0x4c, 0x20, 0x5a, 0x55, 0x20, 0x56, 0x45, 0x52, 0x42, 0x45, 0x53, 
	0x53, 0x45, 0x52, 0x4e, 0x21, 
};
u8 text_1[] = {
	0x37, 0x1, 0x1, 0x1, 0x0, 0x0, 0x0, 0x0, 0x0, 0x46, 0x0, 0x0, 0x0, 0x0, 0x0, 0x0, 
	0x1, 0x1, 0x1, 0x0, 0x0, 0x0, 0x46, 0x0, 0x5a, 0x0, 0x0, 0x0, 0x0, 0x0, 0x0, 0x1, 
	0x1, 0x1, 0x0, 0x0, 0x0, 0xa0, 0x0, 0x21, 0x0, 0x0, 0x0, 0x0, 0x0, 0x0, 0x1, 0x1, 
	0x1, 0x0, 0x0, 0x0, 0xc1, 0x0, 0x55, 0x0, 0x0, 0x0, 0x0, 0x0, 0x0, 0x1, 0x1, 0x1, 
	0x0, 0x0, 0x1, 0x16, 0x0, 0x50, 0x0, 0x0, 0x0, 0x0, 0x0, 0x0, 0x1, 0x1, 0x1, 0x0, 
	0x0, 0x1, 0x66, 0x0, 0x63, 0x0, 0x0, 0x0, 0x0, 0x0, 0x0, 0x1, 0x1, 0x1, 0x0, 0x0, 
	0x1, 0xc9, 0x0, 0x51, 0x0, 0x0, 0x0, 0x0, 0x0, 0x0, 0x1, 0x1, 0x1, 0x0, 0x0, 0x2, 
	0x1a, 0x0, 0x13, 0x0, 0x0, 0x0, 0x0, 0x0, 0x0, 0x1, 0x1, 0x1, 0x0, 0x0, 0x2, 0x2d, 
	0x0, 0x2a, 0x0, 0x0, 0x0, 0x0, 0x0, 0x0, 0x1, 0x1, 0x1, 0x0, 0x0, 0x2, 0x57, 0x0, 
	0x47, 0x0, 0x0, 0x0, 0x0, 0x0, 0x0, 0x1, 0x1, 0x1, 0x0, 0x0, 0x2, 0x9e, 0x0, 0x2c, 
	0x0, 0x0, 0x0, 0x0, 0x0, 0x0, 0x1, 0x1, 0x1, 0x0, 0x0, 0x2, 0xca, 0x0, 0x38, 0x0, 
	0x0, 0x0, 0x0, 0x0, 0x0, 0x1, 0x1, 0x1, 0x0, 0x0, 0x3, 0x2, 0x0, 0x43, 0x0, 0x0, 
	0x0, 0x0, 0x0, 0x0, 0x1, 0x1, 0x1, 0x0, 0x0, 0x3, 0x45, 0x0, 0x2f, 0x0, 0x0, 0x0, 
	0x0, 0x0, 0x0, 0x1, 0x1, 0x1, 0x0, 0x0, 0x3, 0x74, 0x0, 0x36, 0x0, 0x0, 0x0, 0x0, 
	0x0, 0x0, 0x1, 0x1, 0x1, 0x0, 0x0, 0x3, 0xaa, 0x0, 0xf, 0x0, 0x0, 0x0, 0x0, 0x0, 
	0x0, 0x1, 0x1, 0x1, 0x0, 0x0, 0x3, 0xb9, 0x0, 0x5b, 0x0, 0x0, 0x0, 0x0, 0x0, 0x0, 
	0x1, 0x1, 0x1, 0x0, 0x0, 0x4, 0x14, 0x0, 0x2d, 0x0, 0x0, 0x0, 0x0, 0x0, 0x0, 0x1, 
	0x1, 0x1, 0x0, 0x0, 0x4, 0x41, 0x0, 0x49, 0x0, 0x0, 0x0, 0x0, 0x0, 0x0, 0x1, 0x1, 
	0x1, 0x0, 0x0, 0x4, 0x8a, 0x0, 0x48, 0x0, 0x0, 0x0, 0x0, 0x0, 0x0, 0x1, 0x1, 0x1, 
	0x0, 0x0, 0x4, 0xd2, 0x0, 0x1e, 0x0, 0x0, 0x0, 0x0, 0x0, 0x0, 0x1, 0x1, 0x1, 0x0, 
	0x0, 0x4, 0xf0, 0x0, 0x39, 0x0, 0x0, 0x0, 0x0, 0x0, 0x0, 0x1, 0x1, 0x1, 0x0, 0x0, 
	0x5, 0x29, 0x0, 0x2e, 0x0, 0x0, 0x0, 0x0, 0x0, 0x0, 0x1, 0x1, 0x1, 0x0, 0x0, 0x5, 
	0x57, 0x0, 0x13, 0x0, 0x0, 0x0, 0x0, 0x0, 0x0, 0x1, 0x1, 0x1, 0x0, 0x0, 0x5, 0x6a, 
	0x0, 0x2f, 0x0, 0x0, 0x0, 0x0, 0x0, 0x0, 0x1, 0x1, 0x1, 0x0, 0x0, 0x5, 0x99, 0x0, 
	0x21, 0x0, 0x0, 0x0, 0x0, 0x0, 0x0, 0x1, 0x1, 0x1, 0x0, 0x0, 0x5, 0xba, 0x0, 0x26, 
	0x0, 0x0, 0x0, 0x0, 0x0, 0x0, 0x1, 0x1, 0x1, 0x0, 0x0, 0x5, 0xe0, 0x0, 0x30, 0x0, 
	0x0, 0x0, 0x0, 0x0, 0x0, 0x1, 0x1, 0x1, 0x0, 0x0, 0x6, 0x10, 0x0, 0x12, 0x0, 0x0, 
	0x0, 0x0, 0x0, 0x0, 0x1, 0x1, 0x1, 0x0, 0x0, 0x6, 0x22, 0x0, 0x30, 0x0, 0x0, 0x0, 
	0x0, 0x0, 0x0, 0x1, 0x1, 0x1, 0x0, 0x0, 0x6, 0x52, 0x0, 0x40, 0x0, 0x0, 0x0, 0x0, 
	0x0, 0x0, 0x1, 0x1, 0x1, 0x0, 0x0, 0x6, 0x92, 0x0, 0x30, 0x0, 0x0, 0x0, 0x0, 0x0, 
	0x0, 0x1, 0x1, 0x1, 0x0, 0x0, 0x6, 0xc2, 0x0, 0x4b, 0x0, 0x0, 0x0, 0x0, 0x0, 0x0, 
	0x1, 0x1, 0x1, 0x0, 0x0, 0x7, 0xd, 0x0, 0x46, 0x0, 0x0, 0x0, 0x0, 0x0, 0x0, 0x1, 
	0x1, 0x1, 0x0, 0x0, 0x7, 0x53, 0x0, 0x45, 0x0, 0x0, 0x0, 0x0, 0x0, 0x0, 0x1, 0x1, 
	0x1, 0x0, 0x0, 0x7, 0x98, 0x0, 0x26, 0x0, 0x0, 0x0, 0x0, 0x0, 0x0, 0x1, 0x1, 0x1, 
	0x0, 0x0, 0x7, 0xbe, 0x0, 0x4a, 0x0, 0x0, 0x0, 0x0, 0x0, 0x0, 0x1, 0x1, 0x1, 0x0, 
	0x0, 0x8, 0x8, 0x0, 0x4a, 0x0, 0x0, 0x0, 0x0, 0x0, 0x0, 0x1, 0x1, 0x1, 0x0, 0x0, 
	0x8, 0x52, 0x0, 0x55, 0x0, 0x0, 0x0, 0x0, 0x0, 0x0, 0x1, 0x1, 0x1, 0x0, 0x0, 0x8, 
	0xa7, 0x0, 0x27, 0x0, 0x0, 0x0, 0x0, 0x0, 0x0, 0x1, 0x1, 0x1, 0x0, 0x0, 0x8, 0xce, 
	0x0, 0x3a, 0x0, 0x0, 0x0, 0x0, 0x0, 0x0, 0x1, 0x1, 0x1, 0x0, 0x0, 0x9, 0x8, 0x0, 
	0x3b, 0x0, 0x0, 0x0, 0x0, 0x0, 0x0, 0x1, 0x1, 0x1, 0x0, 0x0, 0x9, 0x43, 0x0, 0x45, 
	0x0, 0x0, 0x0, 0x0, 0x0, 0x0, 0x1, 0x1, 0x1, 0x0, 0x0, 0x9, 0x88, 0x0, 0x48, 0x0, 
	0x0, 0x0, 0x0, 0x0, 0x0, 0x1, 0x1, 0x1, 0x0, 0x0, 0x9, 0xd0, 0x0, 0x1e, 0x0, 0x0, 
	0x0, 0x0, 0x0, 0x0, 0x1, 0x1, 0x1, 0x0, 0x0, 0x9, 0xee, 0x0, 0x29, 0x0, 0x0, 0x0, 
	0x0, 0x0, 0x0, 0x1, 0x1, 0x1, 0x0, 0x0, 0xa, 0x17, 0x0, 0x26, 0x0, 0x0, 0x0, 0x0, 
	0x0, 0x0, 0x1, 0x1, 0x1, 0x0, 0x0, 0xa, 0x3d, 0x0, 0x1a, 0x0, 0x0, 0x0, 0x0, 0x0, 
	0x0, 0x1, 0x1, 0x1, 0x0, 0x0, 0xa, 0x57, 0x0, 0x2b, 0x0, 0x0, 0x0, 0x0, 0x0, 0x0, 
	0x1, 0x1, 0x1, 0x0, 0x0, 0xa, 0x82, 0x0, 0x4f, 0x0, 0x0, 0x0, 0x0, 0x0, 0x0, 0x1, 
	0x1, 0x1, 0x0, 0x0, 0xa, 0xd1, 0x0, 0x4e, 0x0, 0x0, 0x0, 0x0, 0x0, 0x0, 0x1, 0x1, 
	0x1, 0x0, 0x0, 0xb, 0x1f, 0x0, 0x2a, 0x0, 0x0, 0x0, 0x0, 0x0, 0x0, 0x1, 0x1, 0x1, 
	0x0, 0x0, 0xb, 0x49, 0x0, 0x35, 0x0, 0x0, 0x0, 0x0, 0x0, 0x0, 0x1, 0x1, 0x1, 0x0, 
	0x0, 0xb, 0x7e, 0x0, 0x3d, 0x0, 0x0, 0x0, 0x0, 0x0, 0x0, 0x1, 0x1, 0x1, 0x0, 0x0, 
	0xb, 0xbb, 0x0, 0x42, 0x0, 0x0, 0x0, 0x0, 0x0, 0x0, 0xb, 0xfd, 0x4b, 0x2e, 0x52, 0x4f, 
	0x4f, 0x4c, 0x3a, 0x53, 0x43, 0x48, 0x41, 0x55, 0x45, 0x4e, 0x20, 0x57, 0x49, 0x52, 0x20, 0x4d, 
	0x41, 0x4c, 0x2c, 0x20, 0x57, 0x49, 0x45, 0x20, 0x44, 0x49, 0x45, 0x53, 0x45, 0x52, 0x20, 0x4c, 
	0xc4, 0x43, 0x48, 0x45, 0x52, 0x4c, 0x49, 0x43, 0x48, 0x45, 0x20, 0x44, 0x4f, 0x4e, 0x4b, 0x45, 
	0x59, 0x20, 0x4b, 0x4f, 0x4e, 0x47, 0x20, 0x56, 0x4f, 0x52, 0x41, 0x4e, 0x4b, 0x4f, 0x4d, 0x4d, 
	0x54, 0x21, 0x44, 0x41, 0x53, 0x20, 0x49, 0x53, 0x54, 0x20, 0x52, 0x49, 0x43, 0x48, 0x54, 0x49, 
	0x47, 0x2c, 0x20, 0x4d, 0x45, 0x49, 0x4e, 0x20, 0x53, 0x43, 0x48, 0x55, 0x50, 0x50, 0x49, 0x47, 
	0x45, 0x52, 0x20, 0x46, 0x52, 0x45, 0x55, 0x4e, 0x44, 0x21, 0x20, 0x44, 0x45, 0x52, 0x20, 0x41, 
	0x46, 0x46, 0x45, 0x20, 0x48, 0x41, 0x54, 0x20, 0x4e, 0x49, 0x43, 0x48, 0x54, 0x20, 0x4d, 0x41, 
	0x4c, 0x20, 0x44, 0x49, 0x45, 0x20, 0x45, 0x52, 0x53, 0x54, 0x45, 0x20, 0x42, 0x41, 0x4e, 0x41, 
	0x4e, 0x45, 0x20, 0x47, 0x45, 0x46, 0x55, 0x4e, 0x44, 0x45, 0x4e, 0x21, 0x57, 0x41, 0x41, 0x41, 
	0x53, 0x3f, 0x20, 0x57, 0x49, 0x45, 0x20, 0x48, 0x41, 0x54, 0x20, 0x45, 0x52, 0x20, 0x44, 0x41, 
	0x53, 0x20, 0x41, 0x4e, 0x47, 0x45, 0x53, 0x54, 0x45, 0x4c, 0x4c, 0x54, 0x3f, 0x43, 0x4f, 0x4f, 
	0x4c, 0x2c, 0x20, 0x44, 0x4f, 0x4e, 0x4b, 0x45, 0x59, 0x21, 0x20, 0x41, 0x42, 0x45, 0x52, 0x20, 
	0x44, 0x49, 0x45, 0x53, 0x4d, 0x41, 0x4c, 0x20, 0x57, 0x49, 0x52, 0x53, 0x54, 0x20, 0x44, 0x55, 
	0x20, 0x4d, 0x49, 0x43, 0x48, 0x20, 0x41, 0x4c, 0x4c, 0x45, 0x49, 0x4e, 0x20, 0x4d, 0x49, 0x54, 
	0x20, 0x52, 0x4f, 0x48, 0x45, 0x52, 0x20, 0x4b, 0x52, 0x41, 0x46, 0x54, 0x20, 0x4e, 0x49, 0x43, 
	0x48, 0x54, 0x20, 0x53, 0x54, 0x4f, 0x50, 0x50, 0x45, 0x4e, 0x20, 0x4b, 0xd6, 0x4e, 0x4e, 0x45, 
	0x4e, 0x21, 0x4b, 0x2e, 0x52, 0x4f, 0x4f, 0x4c, 0x3a, 0x44, 0x49, 0x45, 0x53, 0x45, 0x52, 0x20, 
	0x53, 0x54, 0xd6, 0x52, 0x45, 0x4e, 0x46, 0x52, 0x49, 0x45, 0x44, 0x20, 0x53, 0x4f, 0x4c, 0x4c, 
	0x54, 0x45, 0x20, 0x4c, 0xc4, 0x4e, 0x47, 0x53, 0x54, 0x20, 0x45, 0x49, 0x4e, 0x20, 0x53, 0x54, 
	0xdc, 0x43, 0x4b, 0x20, 0x4b, 0x4f, 0x48, 0x4c, 0x45, 0x20, 0x53, 0x45, 0x49, 0x4e, 0x21, 0x20, 
	0x57, 0x4f, 0x20, 0x49, 0x53, 0x54, 0x20, 0x41, 0x52, 0x4d, 0x59, 0x20, 0x44, 0x49, 0x4c, 0x4c, 
	0x4f, 0x3f, 0x41, 0x52, 0x4d, 0x59, 0x20, 0x44, 0x49, 0x4c, 0x4c, 0x4f, 0x3a, 0x45, 0x2d, 0x45, 
	0x4e, 0x54, 0x53, 0x43, 0x48, 0x55, 0x4c, 0x44, 0x49, 0x47, 0x55, 0x4e, 0x47, 0x2c, 0x20, 0x4d, 
	0x45, 0x49, 0x53, 0x54, 0x45, 0x52, 0x21, 0x20, 0x45, 0x52, 0x20, 0x57, 0x41, 0x52, 0x20, 0x5a, 
	0x55, 0x20, 0x46, 0x4c, 0x49, 0x4e, 0x4b, 0x20, 0x46, 0xdc, 0x52, 0x20, 0x4d, 0x49, 0x43, 0x48, 
	0x21, 0x20, 0x41, 0x42, 0x45, 0x52, 0x20, 0x4e, 0xc4, 0x43, 0x48, 0x53, 0x54, 0x45, 0x53, 0x20, 
	0x4d, 0x41, 0x4c, 0x20, 0x4b, 0x52, 0x49, 0x45, 0x47, 0x45, 0x20, 0x49, 0x43, 0x48, 0x20, 0x49, 
	0x48, 0x4e, 0x2e, 0x2e, 0x2e, 0x4b, 0x2e, 0x52, 0x4f, 0x4f, 0x4c, 0x3a, 0x55, 0x4e, 0x46, 0x41, 
	0x53, 0x53, 0x42, 0x41, 0x52, 0x21, 0x20, 0x49, 0x43, 0x48, 0x20, 0x4d, 0x41, 0x47, 0x20, 0x4b, 
	0x45, 0x49, 0x4e, 0x45, 0x20, 0x56, 0x45, 0x52, 0x53, 0x41, 0x47, 0x45, 0x52, 0x20, 0x2d, 0x20, 
	0x57, 0x45, 0x49, 0x53, 0x53, 0x54, 0x20, 0x44, 0x55, 0x2c, 0x20, 0x57, 0x41, 0x53, 0x20, 0x4d, 
	0x49, 0x54, 0x20, 0x56, 0x45, 0x52, 0x53, 0x41, 0x47, 0x45, 0x52, 0x4e, 0x20, 0x50, 0x41, 0x53, 
	0x53, 0x49, 0x45, 0x52, 0x54, 0x3f, 0x41, 0x52, 0x4d, 0x59, 0x20, 0x44, 0x49, 0x4c, 0x4c, 0x4f, 
	0x3a, 0x53, 0x43, 0x48, 0x4c, 0x55, 0x43, 0x4b, 0x21, 0x4b, 0x2e, 0x52, 0x4f, 0x4f, 0x4c, 0x3a, 
	0x49, 0x43, 0x48, 0x20, 0x48, 0x41, 0x42, 0x45, 0x20, 0x42, 0x45, 0x52, 0x45, 0x49, 0x54, 0x53, 
	0x20, 0x5a, 0x55, 0x20, 0x4c, 0x41, 0x4e, 0x47, 0x45, 0x20, 0x47, 0x45, 0x57, 0x41, 0x52, 0x54, 
	0x45, 0x54, 0x21, 0x44, 0x49, 0x45, 0x53, 0x45, 0x20, 0x46, 0x4c, 0x4f, 0x48, 0x56, 0x45, 0x52, 
	0x53, 0x45, 0x55, 0x43, 0x48, 0x54, 0x45, 0x4e, 0x20, 0x41, 0x46, 0x46, 0x45, 0x4e, 0x20, 0x4b, 
	0x4f, 0x4d, 0x4d, 0x45, 0x4e, 0x20, 0x4d, 0x49, 0x52, 0x20, 0x44, 0x49, 0x45, 0x53, 0x45, 0x53, 
	0x20, 0x4d, 0x41, 0x4c, 0x20, 0x4e, 0x49, 0x43, 0x48, 0x54, 0x20, 0x49, 0x4e, 0x20, 0x44, 0x49, 
	0x45, 0x20, 0x51, 0x55, 0x45, 0x52, 0x45, 0x2e, 0x2e, 0x2e, 0x4b, 0x52, 0x45, 0x4d, 0x4c, 0x49, 
	0x4e, 0x47, 0x53, 0x3a, 0x44, 0x41, 0x20, 0x49, 0x53, 0x54, 0x20, 0x45, 0x49, 0x4e, 0x45, 0x52, 
	0x20, 0x44, 0x45, 0x52, 0x20, 0x4b, 0x4f, 0x4e, 0x47, 0x53, 0x21, 0x20, 0x46, 0x41, 0x4e, 0x47, 
	0x54, 0x20, 0x49, 0x48, 0x4e, 0x21, 0x44, 0x49, 0x44, 0x44, 0x59, 0x3a, 0xc4, 0x54, 0x53, 0x43, 
	0x48, 0x4d, 0x41, 0x4e, 0x4e, 0x2c, 0x20, 0x42, 0xc4, 0x54, 0x53, 0x43, 0x48, 0x4d, 0x41, 0x4e, 
	0x4e, 0x21, 0x20, 0x46, 0x41, 0x4e, 0x47, 0x54, 0x20, 0x4d, 0x49, 0x43, 0x48, 0x2c, 0x20, 0x57, 
	0x45, 0x4e, 0x4e, 0x20, 0x49, 0x48, 0x52, 0x20, 0x4b, 0xd6, 0x4e, 0x4e, 0x54, 0x21, 0x4b, 0x52, 
	0x45, 0x4d, 0x4c, 0x49, 0x4e, 0x47, 0x53, 0x3a, 0x48, 0x45, 0x59, 0x2c, 0x20, 0x44, 0x45, 0x52, 
	0x20, 0x42, 0x55, 0x52, 0x53, 0x43, 0x48, 0x45, 0x20, 0x49, 0x53, 0x54, 0x20, 0x46, 0x4c, 0x49, 
	0x4e, 0x4b, 0x21, 0x20, 0x57, 0x41, 0x53, 0x20, 0x48, 0x41, 0x54, 0x20, 0x45, 0x52, 0x20, 0x41, 
	0x55, 0x46, 0x20, 0x53, 0x45, 0x49, 0x4e, 0x45, 0x4d, 0x20, 0x52, 0xdc, 0x43, 0x4b, 0x45, 0x4e, 
	0x3f, 0x44, 0x49, 0x44, 0x44, 0x59, 0x3a, 0x4f, 0x4b, 0x41, 0x59, 0x2c, 0x20, 0x49, 0x48, 0x52, 
	0x20, 0x48, 0x41, 0x42, 0x54, 0x20, 0x45, 0x53, 0x20, 0x4e, 0x49, 0x43, 0x48, 0x54, 0x20, 0x41, 
	0x4e, 0x44, 0x45, 0x52, 0x53, 0x20, 0x47, 0x45, 0x57, 0x4f, 0x4c, 0x4c, 0x54, 0x2e, 0x2e, 0x2e, 
	0x4b, 0x2e, 0x52, 0x4f, 0x4f, 0x4c, 0x3a, 0x44, 0x49, 0x45, 0x53, 0x45, 0x20, 0x4b, 0x4f, 0x4e, 
	0x47, 0x53, 0x21, 0x21, 0x21, 0x20, 0x53, 0x49, 0x45, 0x20, 0x4b, 0x4f, 0x4d, 0x4d, 0x45, 0x4e, 
	0x20, 0x55, 0x4e, 0x45, 0x52, 0x57, 0x41, 0x52, 0x54, 0x45, 0x54, 0x20, 0x47, 0x55, 0x54, 0x20, 
	0x56, 0x4f, 0x52, 0x41, 0x4e, 0x2e, 0x43, 0x48, 0x45, 0x46, 0x2d, 0x54, 0x45, 0x43, 0x48, 0x4e, 
	0x49, 0x4b, 0x45, 0x52, 0x21, 0x43, 0x48, 0x45, 0x46, 0x3a, 0x57, 0x49, 0x2d, 0x57, 0x49, 0x52, 
	0x20, 0x48, 0x41, 0x54, 0x54, 0x45, 0x4e, 0x20, 0x45, 0x49, 0x4e, 0x49, 0x47, 0x45, 0x20, 0x54, 
	0x45, 0x43, 0x48, 0x4e, 0x49, 0x53, 0x43, 0x48, 0x45, 0x20, 0x50, 0x52, 0x4f, 0x42, 0x4c, 0x45, 
	0x4d, 0x45, 0x20, 0x55, 0x4e, 0x44, 0x20, 0x4d, 0x45, 0x49, 0x4e, 0x45, 0x20, 0x47, 0x45, 0x53, 
	0x41, 0x4d, 0x54, 0x45, 0x20, 0x43, 0x52, 0x45, 0x57, 0x20, 0x49, 0x53, 0x54, 0x20, 0x45, 0x49, 
	0x4e, 0x20, 0x46, 0x41, 0x55, 0x4c, 0x45, 0x52, 0x20, 0x48, 0x41, 0x55, 0x46, 0x45, 0x4e, 0x2e, 
	0x4d, 0xc4, 0x4e, 0x4e, 0x45, 0x52, 0x3a, 0x45, 0x52, 0x20, 0x4c, 0xdc, 0x47, 0x54, 0x2c, 0x20, 
	0x4d, 0x41, 0x4a, 0x45, 0x53, 0x54, 0xc4, 0x54, 0x21, 0x20, 0x53, 0x54, 0xc4, 0x4e, 0x44, 0x49, 
	0x47, 0x20, 0x53, 0x43, 0x48, 0x4c, 0xc4, 0x46, 0x54, 0x20, 0x45, 0x52, 0x21, 0x43, 0x48, 0x45, 
	0x46, 0x3a, 0x42, 0x49, 0x2d, 0x42, 0x49, 0x54, 0x54, 0x45, 0x20, 0x56, 0x45, 0x52, 0x47, 0x45, 
	0x42, 0x54, 0x20, 0x4d, 0x49, 0x52, 0x2c, 0x20, 0x47, 0xdc, 0x54, 0x49, 0x47, 0x45, 0x52, 0x21, 
	0x20, 0x57, 0x49, 0x52, 0x20, 0x48, 0x41, 0x42, 0x45, 0x4e, 0x20, 0x57, 0x49, 0x52, 0x4b, 0x4c, 
	0x49, 0x43, 0x48, 0x20, 0x48, 0x41, 0x52, 0x54, 0x20, 0x47, 0x45, 0x41, 0x52, 0x42, 0x45, 0x49, 
	0x54, 0x45, 0x54, 0x2e, 0x2e, 0x2e, 0x4b, 0x2e, 0x52, 0x4f, 0x4f, 0x4c, 0x3a, 0x57, 0x41, 0x43, 
	0x48, 0x45, 0x4e, 0x21, 0x20, 0x4e, 0x49, 0x45, 0x4d, 0x41, 0x4e, 0x44, 0x20, 0x56, 0x45, 0x52, 
	0x4c, 0xc4, 0x53, 0x53, 0x54, 0x20, 0x44, 0x45, 0x4e, 0x20, 0x52, 0x41, 0x55, 0x4d, 0x2c, 0x20, 
	0x42, 0x49, 0x53, 0x20, 0x44, 0x49, 0x45, 0x20, 0x4d, 0x41, 0x53, 0x43, 0x48, 0x49, 0x4e, 0x45, 
	0x20, 0x46, 0x55, 0x4e, 0x4b, 0x54, 0x49, 0x4f, 0x4e, 0x49, 0x45, 0x52, 0x54, 0x21, 0x43, 0x48, 
	0x45, 0x46, 0x3a, 0x57, 0x49, 0x52, 0x20, 0x57, 0x45, 0x52, 0x44, 0x45, 0x4e, 0x20, 0x41, 0x4c, 
	0x4c, 0x45, 0x53, 0x20, 0x47, 0x45, 0x42, 0x45, 0x4e, 0x2e, 0x2e, 0x2e, 0x4b, 0x2e, 0x52, 0x4f, 
	0x4f, 0x4c, 0x3a, 0x4d, 0x41, 0x4c, 0x20, 0x53, 0x45, 0x48, 0x45, 0x4e, 0x2c, 0x20, 0x57, 0x41, 
	0x53, 0x20, 0x44, 0x49, 0x45, 0x53, 0x45, 0x20, 0x50, 0x45, 0x4c, 0x5a, 0x49, 0x47, 0x45, 0x4e, 
	0x20, 0x50, 0x52, 0x49, 0x4d, 0x41, 0x54, 0x45, 0x4e, 0x20, 0x56, 0x4f, 0x52, 0x48, 0x41, 0x42, 
	0x45, 0x4e, 0x2e, 0x2e, 0x2e, 0x48, 0xc4, 0x3f, 0x20, 0x4b, 0x45, 0x49, 0x4e, 0x20, 0x4b, 0x4f, 
	0x4e, 0x47, 0x20, 0x57, 0x45, 0x49, 0x54, 0x20, 0x55, 0x4e, 0x44, 0x20, 0x42, 0x52, 0x45, 0x49, 
	0x54, 0x21, 0x20, 0x57, 0x4f, 0x20, 0x53, 0x49, 0x4e, 0x44, 0x20, 0x53, 0x49, 0x45, 0x20, 0x48, 
	0x49, 0x4e, 0x3f, 0x57, 0x45, 0x52, 0x2e, 0x2e, 0x2e, 0x20, 0x57, 0x45, 0x52, 0x20, 0x57, 0x41, 
	0x52, 0x20, 0x44, 0x41, 0x53, 0x3f, 0x4c, 0x41, 0x4e, 0x4b, 0x59, 0x3a, 0x4a, 0x55, 0x43, 0x48, 
	0x55, 0x55, 0x21, 0x20, 0x46, 0x41, 0x4e, 0x47, 0x54, 0x20, 0x4d, 0x49, 0x43, 0x48, 0x20, 0x44, 
	0x4f, 0x43, 0x48, 0x2c, 0x20, 0x49, 0x48, 0x52, 0x20, 0x57, 0x49, 0x54, 0x5a, 0x46, 0x49, 0x47, 
	0x55, 0x52, 0x45, 0x4e, 0x21, 0x4f, 0x46, 0x46, 0x49, 0x5a, 0x49, 0x45, 0x52, 0x3a, 0x44, 0x55, 
	0x21, 0x20, 0x4e, 0x41, 0x43, 0x48, 0x20, 0x4f, 0x42, 0x45, 0x4e, 0x21, 0x20, 0x49, 0x48, 0x4d, 
	0x20, 0x4e, 0x41, 0x43, 0x48, 0x21, 0x53, 0x4f, 0x4c, 0x44, 0x41, 0x54, 0x3a, 0x41, 0x2d, 0x41, 
	0x42, 0x45, 0x52, 0x20, 0x49, 0x43, 0x48, 0x20, 0x4b, 0x41, 0x4e, 0x4e, 0x20, 0x4e, 0x49, 0x43, 
	0x48, 0x54, 0x20, 0x4b, 0x4c, 0x45, 0x54, 0x54, 0x45, 0x52, 0x4e, 0x21, 0x4f, 0x46, 0x46, 0x49, 
	0x5a, 0x49, 0x45, 0x52, 0x3a, 0x44, 0x41, 0x4e, 0x4e, 0x20, 0x57, 0x49, 0x52, 0x53, 0x54, 0x20, 
	0x44, 0x55, 0x20, 0x45, 0x53, 0x20, 0x4a, 0x45, 0x54, 0x5a, 0x54, 0x20, 0x4c, 0x45, 0x52, 0x4e, 
	0x45, 0x4e, 0x2c, 0x20, 0x4b, 0x41, 0x50, 0x49, 0x45, 0x52, 0x54, 0x3f, 0x4c, 0x41, 0x4e, 0x4b, 
	0x59, 0x3a, 0x55, 0x4e, 0x44, 0x20, 0x54, 0x53, 0x43, 0x48, 0xdc, 0x53, 0x53, 0x21, 0x4b, 0x2e, 
	0x52, 0x4f, 0x4f, 0x4c, 0x3a, 0x42, 0x49, 0x4e, 0x20, 0x49, 0x43, 0x48, 0x20, 0x44, 0x45, 0x4e, 
	0x4e, 0x20, 0x4e, 0x55, 0x52, 0x20, 0x56, 0x4f, 0x4e, 0x20, 0x55, 0x4e, 0x46, 0xc4, 0x48, 0x49, 
	0x47, 0x4b, 0x45, 0x49, 0x54, 0x20, 0x55, 0x4d, 0x47, 0x45, 0x42, 0x45, 0x4e, 0x3f, 0x4b, 0x2e, 
	0x52, 0x4f, 0x4f, 0x4c, 0x3a, 0x44, 0x49, 0x45, 0x53, 0x45, 0x20, 0x53, 0x54, 0x55, 0x52, 0x45, 
	0x4e, 0x20, 0x41, 0x46, 0x46, 0x45, 0x4e, 0x20, 0x57, 0x49, 0x53, 0x53, 0x45, 0x4e, 0x20, 0x4e, 
	0x49, 0x43, 0x48, 0x54, 0x2c, 0x20, 0x57, 0x41, 0x4e, 0x4e, 0x20, 0x53, 0x49, 0x45, 0x20, 0x56, 
	0x45, 0x52, 0x4c, 0x4f, 0x52, 0x45, 0x4e, 0x20, 0x48, 0x41, 0x42, 0x45, 0x4e, 0x2e, 0x41, 0x42, 
	0x45, 0x52, 0x20, 0x53, 0x49, 0x45, 0x20, 0x57, 0x45, 0x52, 0x44, 0x45, 0x4e, 0x20, 0x53, 0x49, 
	0x43, 0x48, 0x20, 0x47, 0x45, 0x53, 0x43, 0x48, 0x4c, 0x41, 0x47, 0x45, 0x4e, 0x20, 0x47, 0x45, 
	0x42, 0x45, 0x4e, 0x20, 0x4d, 0xdc, 0x53, 0x53, 0x45, 0x4e, 0x2c, 0x2e, 0x2e, 0x2e, 0x2e, 0x2e, 
	0x2e, 0x4e, 0x41, 0x43, 0x48, 0x44, 0x45, 0x4d, 0x20, 0x53, 0x49, 0x45, 0x20, 0x42, 0x45, 0x4b, 
	0x41, 0x4e, 0x4e, 0x54, 0x53, 0x43, 0x48, 0x41, 0x46, 0x54, 0x20, 0x4d, 0x49, 0x54, 0x20, 0x4d, 
	0x45, 0x49, 0x4e, 0x45, 0x4d, 0x20, 0x46, 0x55, 0x52, 0x43, 0x48, 0x54, 0x4c, 0x4f, 0x53, 0x45, 
	0x4e, 0x20, 0x48, 0x41, 0x55, 0x53, 0x54, 0x49, 0x45, 0x52, 0x20, 0x47, 0x45, 0x4d, 0x41, 0x43, 
	0x48, 0x54, 0x20, 0x48, 0x41, 0x42, 0x45, 0x4e, 0x21, 0x4e, 0x49, 0x43, 0x48, 0x54, 0x53, 0x20, 
	0x4b, 0x41, 0x4e, 0x4e, 0x20, 0x4d, 0x49, 0x43, 0x48, 0x20, 0x4e, 0x4f, 0x43, 0x48, 0x20, 0x41, 
	0x55, 0x46, 0x48, 0x41, 0x4c, 0x54, 0x45, 0x4e, 0x2e, 0x20, 0x49, 0x48, 0x52, 0x45, 0x20, 0x49, 
	0x4e, 0x53, 0x45, 0x4c, 0x20, 0x49, 0x53, 0x54, 0x20, 0x44, 0x45, 0x4d, 0x20, 0x55, 0x4e, 0x54, 
	0x45, 0x52, 0x47, 0x41, 0x4e, 0x47, 0x20, 0x47, 0x45, 0x57, 0x45, 0x49, 0x48, 0x54, 0x21, 0x44, 
	0x41, 0x20, 0x42, 0x49, 0x53, 0x54, 0x20, 0x44, 0x55, 0x20, 0x4a, 0x41, 0x21, 0x20, 0x49, 0x43, 
	0x48, 0x20, 0x47, 0x45, 0x48, 0x45, 0x20, 0x44, 0x41, 0x56, 0x4f, 0x4e, 0x20, 0x41, 0x55, 0x53, 
	0x2c, 0x20, 0x44, 0x41, 0x53, 0x53, 0x20, 0x44, 0x55, 0x20, 0x4d, 0x49, 0x54, 0x20, 0x44, 0x45, 
	0x4e, 0x20, 0x4b, 0x4f, 0x4e, 0x47, 0x53, 0x20, 0x46, 0x45, 0x52, 0x54, 0x49, 0x47, 0x20, 0x42, 
	0x49, 0x53, 0x54, 0x21, 0x44, 0x4f, 0x47, 0x41, 0x44, 0x4f, 0x4e, 0x3a, 0x4f, 0x48, 0x21, 0x20, 
	0x45, 0x53, 0x20, 0x57, 0x41, 0x52, 0x20, 0x46, 0x55, 0x52, 0x43, 0x48, 0x54, 0x42, 0x41, 0x52, 
	0x2c, 0x20, 0x4d, 0x45, 0x49, 0x53, 0x54, 0x45, 0x52, 0x21, 0x44, 0x49, 0x45, 0x53, 0x45, 0x20, 
	0x47, 0x52, 0x41, 0x55, 0x45, 0x4e, 0x56, 0x4f, 0x4c, 0x4c, 0x45, 0x4e, 0x20, 0x4b, 0x4f, 0x4e, 
	0x47, 0x53, 0x20, 0x57, 0x41, 0x52, 0x46, 0x45, 0x4e, 0x20, 0x4d, 0x49, 0x54, 0x20, 0xdc, 0x42, 
	0x4c, 0x45, 0x4e, 0x20, 0x46, 0xc4, 0x53, 0x53, 0x45, 0x52, 0x4e, 0x2c, 0x20, 0x44, 0x49, 0x45, 
	0x20, 0x42, 0x55, 0x4d, 0x4d, 0x20, 0x47, 0x45, 0x4d, 0x41, 0x43, 0x48, 0x54, 0x20, 0x48, 0x41, 
	0x42, 0x45, 0x4e, 0x21, 0x49, 0x4e, 0x20, 0x44, 0x49, 0x45, 0x20, 0x4c, 0x41, 0x56, 0x41, 0x20, 
	0x48, 0x41, 0x42, 0x45, 0x4e, 0x20, 0x53, 0x49, 0x45, 0x20, 0x4d, 0x49, 0x43, 0x48, 0x20, 0x47, 
	0x45, 0x53, 0x54, 0x4f, 0x53, 0x53, 0x45, 0x4e, 0x2c, 0x20, 0x49, 0x43, 0x48, 0x20, 0x48, 0x41, 
	0x42, 0x45, 0x20, 0x4d, 0x49, 0x52, 0x20, 0x42, 0x45, 0x49, 0x44, 0x45, 0x20, 0x46, 0x4c, 0xdc, 
	0x47, 0x45, 0x4c, 0x20, 0x41, 0x4e, 0x47, 0x45, 0x53, 0x45, 0x4e, 0x47, 0x54, 0x21, 0x55, 0x4e, 
	0x44, 0x20, 0x44, 0x41, 0x4e, 0x4e, 0x20, 0x49, 0x53, 0x54, 0x20, 0x45, 0x49, 0x4e, 0x45, 0x52, 
	0x20, 0x56, 0x4f, 0x4e, 0x20, 0x49, 0x48, 0x4e, 0x45, 0x4e, 0x20, 0x52, 0x49, 0x45, 0x53, 0x49, 
	0x47, 0x20, 0x47, 0x52, 0x4f, 0x53, 0x53, 0x20, 0x47, 0x45, 0x57, 0x4f, 0x52, 0x44, 0x45, 0x4e, 
	0x20, 0x55, 0x4e, 0x44, 0x20, 0x48, 0x41, 0x54, 0x20, 0x4d, 0x49, 0x52, 0x20, 0x41, 0x55, 0x46, 
	0x20, 0x44, 0x49, 0x45, 0x20, 0x5a, 0x57, 0xd6, 0x4c, 0x46, 0x20, 0x47, 0x45, 0x48, 0x41, 0x55, 
	0x45, 0x4e, 0x21, 0x53, 0x43, 0x48, 0x41, 0x55, 0x20, 0x44, 0x49, 0x52, 0x20, 0x42, 0x4c, 0x4f, 
	0x53, 0x53, 0x20, 0x4d, 0x41, 0x4c, 0x20, 0x4d, 0x45, 0x49, 0x4e, 0x45, 0x20, 0x41, 0x52, 0x4d, 
	0x45, 0x20, 0x4e, 0x41, 0x53, 0x45, 0x20, 0x41, 0x4e, 0x21, 0x49, 0x43, 0x48, 0x20, 0x47, 0x45, 
	0x48, 0x20, 0x4a, 0x45, 0x54, 0x5a, 0x54, 0x20, 0x53, 0x43, 0x48, 0x4c, 0x41, 0x46, 0x45, 0x4e, 
	0x21, 0x20, 0x4d, 0x49, 0x52, 0x20, 0x49, 0x53, 0x54, 0x20, 0x4e, 0x49, 0x43, 0x48, 0x54, 0x20, 
	0x47, 0x55, 0x54, 0x2c, 0x20, 0x4e, 0x41, 0x43, 0x48, 0x20, 0x41, 0x4c, 0x4c, 0x20, 0x44, 0x45, 
	0x4d, 0x2e, 0x2e, 0x2e, 0x57, 0x41, 0x43, 0x48, 0x45, 0x3a, 0x4b, 0x45, 0x55, 0x43, 0x48, 0x21, 
	0x20, 0x52, 0x41, 0x55, 0x53, 0x20, 0x48, 0x49, 0x45, 0x52, 0x2c, 0x20, 0x42, 0x45, 0x56, 0x4f, 
	0x52, 0x20, 0x44, 0x45, 0x52, 0x20, 0x46, 0x45, 0x54, 0x54, 0x53, 0x41, 0x43, 0x4b, 0x20, 0x4b, 
	0x41, 0x50, 0x49, 0x45, 0x52, 0x54, 0x2c, 0x20, 0x44, 0x41, 0x53, 0x53, 0x2e, 0x2e, 0x2e, 0x2e, 
	0x2e, 0x2e, 0x20, 0x44, 0x49, 0x45, 0x20, 0x4b, 0x4f, 0x4e, 0x47, 0x53, 0x20, 0x47, 0x45, 0x52, 
	0x41, 0x44, 0x45, 0x20, 0x44, 0x49, 0x45, 0x20, 0x50, 0x4c, 0xc4, 0x4e, 0x45, 0x20, 0x53, 0x45, 
	0x49, 0x4e, 0x45, 0x52, 0x20, 0x42, 0x45, 0x48, 0xc4, 0x4d, 0x4d, 0x45, 0x52, 0x54, 0x45, 0x4e, 
	0x20, 0x4d, 0x41, 0x53, 0x43, 0x48, 0x49, 0x4e, 0x45, 0x20, 0x45, 0x4e, 0x54, 0x44, 0x45, 0x43, 
	0x4b, 0x45, 0x4e, 0x2e, 0x4b, 0x2e, 0x52, 0x4f, 0x4f, 0x4c, 0x3a, 0x46, 0x45, 0x54, 0x54, 0x53, 
	0x41, 0x43, 0x4b, 0x2c, 0x20, 0x4a, 0x41, 0x3f, 0x20, 0x49, 0x43, 0x48, 0x20, 0x57, 0xdc, 0x52, 
	0x44, 0x45, 0x20, 0x4d, 0x45, 0x49, 0x4e, 0x45, 0x20, 0x4c, 0x45, 0x54, 0x5a, 0x54, 0x45, 0x4e, 
	0x20, 0x57, 0x4f, 0x52, 0x54, 0x45, 0x20, 0x53, 0x4f, 0x52, 0x47, 0x46, 0xc4, 0x4c, 0x54, 0x49, 
	0x47, 0x45, 0x52, 0x20, 0x57, 0xc4, 0x48, 0x4c, 0x45, 0x4e, 0x2e, 0x2e, 0x57, 0x41, 0x43, 0x48, 
	0x45, 0x3a, 0x57, 0x41, 0x53, 0x20, 0x49, 0x53, 0x54, 0x20, 0x44, 0x41, 0x53, 0x3f, 0x20, 0x57, 
	0x45, 0x52, 0x20, 0x49, 0x53, 0x54, 0x20, 0x44, 0x41, 0x3f, 0x4b, 0x2e, 0x52, 0x4f, 0x4f, 0x4c, 
	0x3a, 0x48, 0x41, 0x53, 0x54, 0x20, 0x44, 0x55, 0x20, 0x4e, 0x4f, 0x43, 0x48, 0x20, 0x45, 0x49, 
	0x4e, 0x45, 0x4e, 0x20, 0x4c, 0x45, 0x54, 0x5a, 0x54, 0x45, 0x4e, 0x20, 0x57, 0x55, 0x4e, 0x53, 
	0x43, 0x48, 0x3f, 0x57, 0x41, 0x43, 0x48, 0x45, 0x3a, 0x44, 0x4f, 0x52, 0x54, 0x20, 0x44, 0x52, 
	0xdc, 0x42, 0x45, 0x4e, 0x20, 0x2d, 0x20, 0x44, 0x41, 0x20, 0x42, 0x49, 0x4e, 0x20, 0x49, 0x43, 
	0x48, 0x20, 0x53, 0x49, 0x43, 0x48, 0x45, 0x52, 0x21, 0x4b, 0x2e, 0x52, 0x4f, 0x4f, 0x4c, 0x3a, 
	0x49, 0x43, 0x48, 0x20, 0x47, 0x4c, 0x41, 0x55, 0x42, 0x45, 0x20, 0x4e, 0x49, 0x43, 0x48, 0x54, 
	0x2e, 0x2e, 0x2e, 0x45, 0x49, 0x4e, 0x44, 0x52, 0x49, 0x4e, 0x47, 0x4c, 0x49, 0x4e, 0x47, 0x45, 
	0x21, 0x20, 0x41, 0x4c, 0x41, 0x52, 0x4d, 0x21, 0x20, 0x45, 0x49, 0x4e, 0x44, 0x52, 0x49, 0x4e, 
	0x47, 0x4c, 0x49, 0x4e, 0x47, 0x45, 0x21, 0x20, 0x41, 0x4c, 0x41, 0x52, 0x4d, 0x21, 0x4b, 0x2e, 
	0x52, 0x4f, 0x4f, 0x4c, 0x3a, 0x44, 0x41, 0x53, 0x20, 0x53, 0x49, 0x4e, 0x44, 0x20, 0x44, 0x49, 
	0x45, 0x20, 0x4b, 0x4f, 0x4e, 0x47, 0x53, 0x21, 0x20, 0x41, 0x55, 0x46, 0x57, 0x41, 0x43, 0x48, 
	0x45, 0x4e, 0x2c, 0x20, 0x49, 0x48, 0x52, 0x20, 0x44, 0x55, 0x4d, 0x4d, 0x4b, 0xd6, 0x50, 0x46, 
	0x45, 0x21, 0x20, 0x53, 0x43, 0x48, 0x4d, 0x45, 0x49, 0x53, 0x53, 0x54, 0x20, 0x44, 0x49, 0x45, 
	0x20, 0x4d, 0x41, 0x53, 0x43, 0x48, 0x49, 0x4e, 0x45, 0x20, 0x41, 0x4e, 0x21, 0x43, 0x48, 0x45, 
	0x46, 0x3a, 0x41, 0x2d, 0x41, 0x42, 0x45, 0x52, 0x20, 0x45, 0x53, 0x20, 0x47, 0x41, 0x42, 0x20, 
	0x4b, 0x45, 0x49, 0x4e, 0x45, 0x4e, 0x20, 0x50, 0x52, 0x4f, 0x42, 0x45, 0x4c, 0x41, 0x55, 0x46, 
	0x21, 0x20, 0x57, 0x4f, 0x48, 0x4c, 0x4d, 0xd6, 0x47, 0x4c, 0x49, 0x43, 0x48, 0x20, 0x53, 0x54, 
	0xdc, 0x52, 0x5a, 0x54, 0x20, 0x53, 0x49, 0x45, 0x20, 0x55, 0x4e, 0x53, 0x20, 0x49, 0x4e, 0x53, 
	0x20, 0x56, 0x45, 0x52, 0x44, 0x45, 0x52, 0x42, 0x45, 0x4e, 0x21, 0x4b, 0x2e, 0x52, 0x4f, 0x4f, 
	0x4c, 0x3a, 0x53, 0x41, 0x47, 0x20, 0x4d, 0x49, 0x52, 0x20, 0x4e, 0x49, 0x43, 0x48, 0x54, 0x2c, 
	0x20, 0x57, 0x41, 0x53, 0x20, 0x49, 0x43, 0x48, 0x20, 0x5a, 0x55, 0x20, 0x54, 0x55, 0x4e, 0x20, 
	0x48, 0x41, 0x42, 0x45, 0x21, 0x43, 0x48, 0x45, 0x46, 0x3a, 0x42, 0x49, 0x54, 0x54, 0x45, 0x20, 
	0x4d, 0x41, 0x4a, 0x45, 0x53, 0x54, 0xc4, 0x54, 0x2c, 0x20, 0x47, 0x45, 0x42, 0x54, 0x20, 0x55, 
	0x4e, 0x53, 0x20, 0x4e, 0x55, 0x52, 0x20, 0x45, 0x49, 0x4e, 0x20, 0x50, 0x41, 0x41, 0x52, 0x20, 
	0x53, 0x54, 0x55, 0x4e, 0x44, 0x45, 0x4e, 0x2e, 0x2e, 0x2e, 0x4b, 0x2e, 0x52, 0x4f, 0x4f, 0x4c, 
	0x3a, 0x4e, 0x45, 0x49, 0x4e, 0x21, 0x20, 0x44, 0x49, 0x45, 0x20, 0x5a, 0x45, 0x49, 0x54, 0x20, 
	0x49, 0x53, 0x54, 0x20, 0x47, 0x45, 0x4b, 0x4f, 0x4d, 0x4d, 0x45, 0x4e, 0x21, 0x20, 0x47, 0x55, 
	0x54, 0x45, 0x20, 0x4e, 0x41, 0x43, 0x48, 0x54, 0x2c, 0x20, 0x44, 0x4b, 0x2d, 0x49, 0x4e, 0x53, 
	0x45, 0x4c, 0x43, 0x48, 0x45, 0x4e, 0x21, 0x49, 0x43, 0x48, 0x20, 0x48, 0x4f, 0x46, 0x46, 0x45, 
	0x20, 0x53, 0x45, 0x48, 0x52, 0x2c, 0x20, 0x44, 0x49, 0x45, 0x20, 0x4b, 0x41, 0x50, 0x55, 0x54, 
	0x54, 0x2d, 0x4f, 0x2d, 0x4d, 0x41, 0x54, 0x49, 0x4b, 0x20, 0x57, 0x49, 0x52, 0x44, 0x20, 0x42, 
	0x41, 0x4c, 0x44, 0x20, 0x45, 0x49, 0x4e, 0x53, 0x41, 0x54, 0x5a, 0x42, 0x45, 0x52, 0x45, 0x49, 
	0x54, 0x20, 0x53, 0x45, 0x49, 0x4e, 0x2e, 0x2e, 0x2e, 
};
u8 text_2[] = {
	0x6, 0x1, 0x1, 0x1, 0x0, 0x0, 0x0, 0x0, 0x0, 0xb, 0x0, 0x0, 0x0, 0x0, 0x0, 0x0, 
	0x1, 0x1, 0x1, 0x0, 0x0, 0x0, 0xb, 0x0, 0xa, 0x0, 0x0, 0x0, 0x0, 0x0, 0x0, 0x1, 
	0x1, 0x1, 0x0, 0x0, 0x0, 0x15, 0x0, 0xa, 0x0, 0x0, 0x0, 0x0, 0x0, 0x0, 0x1, 0x1, 
	0x1, 0x0, 0x0, 0x0, 0x1f, 0x0, 0x9, 0x0, 0x0, 0x0, 0x0, 0x0, 0x0, 0x1, 0x1, 0x1, 
	0x0, 0x0, 0x0, 0x28, 0x0, 0xb, 0x0, 0x0, 0x0, 0x0, 0x0, 0x0, 0x1, 0x1, 0x1, 0x0, 
	0x0, 0x0, 0x33, 0x0, 0x1, 0x0, 0x0, 0x0, 0x0, 0x0, 0x0, 0x0, 0x34, 0x44, 0x4f, 0x4e, 
	0x4b, 0x45, 0x59, 0x20, 0x4b, 0x4f, 0x4e, 0x47, 0x44, 0x49, 0x44, 0x44, 0x59, 0x20, 0x4b, 0x4f, 
	0x4e, 0x47, 0x4c, 0x41, 0x4e, 0x4b, 0x59, 0x20, 0x4b, 0x4f, 0x4e, 0x47, 0x54, 0x49, 0x4e, 0x59, 
	0x20, 0x4b, 0x4f, 0x4e, 0x47, 0x43, 0x48, 0x55, 0x4e, 0x4b, 0x59, 0x20, 0x4b, 0x4f, 0x4e, 0x47, 
	0x3f, 
};
u8 text_3[] = {
	0x4, 0x3, 0x1, 0x2, 0x0, 0x0, 0x0, 0x0, 0x0, 0x17, 0x0, 0x0, 0x0, 0x0, 0x0, 0x17, 
	0x0, 0x40, 0x0, 0x0, 0x0, 0x0, 0x0, 0x0, 0x2, 0x1, 0x0, 0x3d, 0x0, 0x0, 0x0, 0x0, 
	0x0, 0x0, 0x1, 0x1, 0x0, 0x0, 0x0, 0x57, 0x0, 0x2d, 0x0, 0x0, 0x0, 0x0, 0x0, 0x0, 
	0x1, 0x1, 0x1, 0x0, 0x0, 0x0, 0x84, 0x0, 0x12, 0x0, 0x0, 0x0, 0x0, 0x0, 0x0, 0x1, 
	0x1, 0x1, 0x0, 0x0, 0x0, 0x96, 0x0, 0x37, 0x0, 0x0, 0x0, 0x0, 0x0, 0x0, 0x1, 0x1, 
	0x1, 0x0, 0x0, 0x0, 0xcd, 0x0, 0x24, 0x0, 0x0, 0x0, 0x0, 0x0, 0x0, 0x0, 0xf1, 0x4a, 
	0x49, 0x50, 0x50, 0x49, 0x45, 0x21, 0x20, 0x4c, 0x4f, 0x53, 0x20, 0x47, 0x45, 0x48, 0x54, 0x27, 
	0x53, 0x2c, 0x20, 0x44, 0x4b, 0x21, 0x4a, 0x45, 0x54, 0x5a, 0x54, 0x20, 0x42, 0x49, 0x4e, 0x20, 
	0x49, 0x43, 0x48, 0x20, 0x46, 0x52, 0x45, 0x49, 0x20, 0x55, 0x4e, 0x44, 0x20, 0x4b, 0x41, 0x4e, 
	0x4e, 0x20, 0x44, 0x49, 0x52, 0x20, 0x48, 0x45, 0x4c, 0x46, 0x45, 0x4e, 0x2c, 0x20, 0x52, 0x4f, 
	0x54, 0x45, 0x20, 0x42, 0x41, 0x4e, 0x41, 0x4e, 0x45, 0x4e, 0x20, 0x5a, 0x55, 0x20, 0x53, 0x41, 
	0x4d, 0x4d, 0x45, 0x4c, 0x4e, 0x21, 0x49, 0x43, 0x48, 0x20, 0x57, 0x41, 0x52, 0x54, 0x45, 0x20, 
	0x49, 0x4d, 0x20, 0x54, 0x41, 0x55, 0x53, 0x43, 0x48, 0x46, 0x41, 0x53, 0x53, 0x20, 0x42, 0x49, 
	0x53, 0x20, 0x44, 0x55, 0x20, 0x4d, 0x49, 0x43, 0x48, 0x20, 0x42, 0x52, 0x41, 0x55, 0x43, 0x48, 
	0x53, 0x54, 0x21, 0x48, 0x45, 0x59, 0x2c, 0x20, 0x44, 0x4b, 0x21, 0x20, 0x48, 0x49, 0x4c, 0x46, 
	0x45, 0x45, 0x45, 0x45, 0x21, 0x44, 0x55, 0x20, 0x42, 0x52, 0x41, 0x55, 0x43, 0x48, 0x53, 0x54, 
	0x20, 0x46, 0x55, 0x4e, 0x4b, 0x59, 0x53, 0x20, 0x48, 0x49, 0x4c, 0x46, 0x45, 0x2c, 0x20, 0x55, 
	0x4d, 0x20, 0x4d, 0x49, 0x43, 0x48, 0x20, 0x48, 0x49, 0x45, 0x52, 0x20, 0x48, 0x45, 0x52, 0x41, 
	0x55, 0x53, 0x5a, 0x55, 0x48, 0x4f, 0x4c, 0x45, 0x4e, 0x2e, 0x2e, 0x2e, 0x48, 0x45, 0x59, 0x21, 
	0x20, 0x49, 0x43, 0x48, 0x20, 0x53, 0x49, 0x54, 0x5a, 0x45, 0x20, 0x48, 0x49, 0x45, 0x52, 0x20, 
	0x4e, 0x49, 0x43, 0x48, 0x54, 0x20, 0x5a, 0x55, 0x4d, 0x20, 0x53, 0x50, 0x41, 0x53, 0x53, 0x21, 
};
u8 text_4[] = {
	0x4, 0x1, 0x1, 0x1, 0x0, 0x0, 0x0, 0x0, 0x0, 0x2d, 0x0, 0x0, 0x0, 0x0, 0x0, 0x0, 
	0x1, 0x1, 0x1, 0x0, 0x0, 0x0, 0x2d, 0x0, 0x25, 0x0, 0x0, 0x0, 0x0, 0x0, 0x0, 0x3, 
	0x1, 0x2, 0x0, 0x0, 0x0, 0x52, 0x0, 0x11, 0x0, 0x0, 0x0, 0x0, 0x0, 0x63, 0x0, 0x32, 
	0x0, 0x0, 0x0, 0x0, 0x0, 0x0, 0x2, 0x1, 0x0, 0x41, 0x0, 0x0, 0x0, 0x0, 0x0, 0x0, 
	0x1, 0x1, 0x0, 0x0, 0x0, 0x95, 0x0, 0x4e, 0x0, 0x0, 0x0, 0x0, 0x0, 0x0, 0x1, 0x1, 
	0x1, 0x0, 0x0, 0x0, 0xe3, 0x0, 0x66, 0x0, 0x0, 0x0, 0x0, 0x0, 0x0, 0x1, 0x49, 0x53, 
	0x4f, 0x52, 0x52, 0x59, 0x2c, 0x20, 0x4a, 0x55, 0x4e, 0x47, 0x53, 0x21, 0x20, 0x53, 0x49, 0x45, 
	0x20, 0x48, 0x41, 0x42, 0x45, 0x4e, 0x20, 0x4d, 0x49, 0x43, 0x48, 0x20, 0x41, 0x55, 0x43, 0x48, 
	0x20, 0x45, 0x52, 0x57, 0x49, 0x53, 0x43, 0x48, 0x54, 0x2e, 0x2e, 0x2e, 0x4c, 0x4f, 0x53, 0x21, 
	0x20, 0x49, 0x43, 0x48, 0x20, 0x57, 0x49, 0x4c, 0x4c, 0x20, 0x41, 0x55, 0x53, 0x20, 0x44, 0x49, 
	0x45, 0x53, 0x45, 0x4d, 0x20, 0x4c, 0x4f, 0x43, 0x48, 0x20, 0x48, 0x45, 0x52, 0x41, 0x55, 0x53, 
	0x21, 0x47, 0x55, 0x54, 0x45, 0x52, 0x20, 0x4a, 0x4f, 0x42, 0x2c, 0x20, 0x44, 0x49, 0x44, 0x44, 
	0x59, 0x21, 0x49, 0x43, 0x48, 0x20, 0x53, 0x43, 0x48, 0x4e, 0x41, 0x50, 0x50, 0x45, 0x20, 0x4d, 
	0x49, 0x52, 0x20, 0x41, 0x4c, 0x4c, 0x45, 0x20, 0x4c, 0x49, 0x4c, 0x41, 0x20, 0x42, 0x41, 0x4e, 
	0x41, 0x4e, 0x45, 0x4e, 0x2c, 0x20, 0x44, 0x49, 0x45, 0x20, 0x49, 0x43, 0x48, 0x20, 0x46, 0x49, 
	0x4e, 0x44, 0x45, 0x21, 0x44, 0x55, 0x20, 0x46, 0x49, 0x4e, 0x44, 0x45, 0x53, 0x54, 0x20, 0x4d, 
	0x49, 0x43, 0x48, 0x20, 0x49, 0x4d, 0x20, 0x54, 0x41, 0x55, 0x53, 0x43, 0x48, 0x46, 0x41, 0x53, 
	0x53, 0x20, 0x2d, 0x20, 0x42, 0x45, 0x52, 0x45, 0x49, 0x54, 0x20, 0x44, 0x45, 0x4e, 0x20, 0x52, 
	0x45, 0x50, 0x54, 0x49, 0x4c, 0x49, 0x45, 0x4e, 0x20, 0x49, 0x4e, 0x20, 0x44, 0x45, 0x4e, 0x20, 
	0x48, 0x49, 0x4e, 0x54, 0x45, 0x52, 0x4e, 0x20, 0x5a, 0x55, 0x20, 0x54, 0x52, 0x45, 0x54, 0x45, 
	0x4e, 0x21, 0x48, 0x4d, 0x4d, 0x4d, 0x2e, 0x2e, 0x2e, 0x20, 0x49, 0x43, 0x48, 0x20, 0x48, 0x41, 
	0x42, 0x45, 0x20, 0x4a, 0x45, 0x54, 0x5a, 0x54, 0x20, 0x41, 0x4c, 0x4c, 0x45, 0x20, 0x50, 0x45, 
	0x52, 0x4c, 0x45, 0x4e, 0x20, 0x47, 0x45, 0x53, 0x41, 0x4d, 0x4d, 0x45, 0x4c, 0x54, 0x2e, 0x20, 
	0x56, 0x49, 0x45, 0x4c, 0x4c, 0x45, 0x49, 0x43, 0x48, 0x54, 0x20, 0x53, 0x4f, 0x4c, 0x4c, 0x54, 
	0x45, 0x20, 0x49, 0x43, 0x48, 0x20, 0x5a, 0x55, 0x52, 0xdc, 0x43, 0x4b, 0x20, 0x5a, 0x55, 0x52, 
	0x20, 0x4d, 0x45, 0x45, 0x52, 0x4a, 0x55, 0x4e, 0x47, 0x46, 0x52, 0x41, 0x55, 0x20, 0x53, 0x43, 
	0x48, 0x57, 0x49, 0x4d, 0x4d, 0x45, 0x4e, 0x3f, 
};
u8 text_5[] = {
	0x4, 0x1, 0x1, 0x1, 0x0, 0x0, 0x0, 0x0, 0x0, 0x25, 0x0, 0x0, 0x0, 0x0, 0x0, 0x0, 
	0x1, 0x1, 0x1, 0x0, 0x0, 0x0, 0x25, 0x0, 0x1f, 0x0, 0x0, 0x0, 0x0, 0x0, 0x0, 0x3, 
	0x1, 0x2, 0x0, 0x0, 0x0, 0x44, 0x0, 0x27, 0x0, 0x0, 0x0, 0x0, 0x0, 0x6b, 0x0, 0x22, 
	0x0, 0x0, 0x0, 0x0, 0x0, 0x0, 0x2, 0x1, 0x0, 0x3e, 0x0, 0x0, 0x0, 0x0, 0x0, 0x0, 
	0x1, 0x1, 0x0, 0x0, 0x0, 0x8d, 0x0, 0x2f, 0x0, 0x0, 0x0, 0x0, 0x0, 0x0, 0x1, 0x1, 
	0x1, 0x0, 0x0, 0x0, 0xbc, 0x0, 0x23, 0x0, 0x0, 0x0, 0x0, 0x0, 0x0, 0x0, 0xdf, 0x48, 
	0x49, 0x2d, 0x48, 0x49, 0x4c, 0x46, 0x45, 0x21, 0x20, 0x43, 0x48, 0x55, 0x4e, 0x4b, 0x59, 0x20, 
	0x4e, 0x49, 0x43, 0x48, 0x54, 0x20, 0x4d, 0xd6, 0x2d, 0x4d, 0xd6, 0x47, 0x45, 0x4e, 0x20, 0x48, 
	0xd6, 0x48, 0x45, 0x21, 0x4a, 0x45, 0x4d, 0x41, 0x4e, 0x44, 0x20, 0x48, 0x45, 0x2d, 0x48, 0x45, 
	0x4c, 0x46, 0x45, 0x4e, 0x21, 0x20, 0x48, 0x41, 0x42, 0x45, 0x20, 0x41, 0x2d, 0x41, 0x4e, 0x47, 
	0x53, 0x54, 0x21, 0x43, 0x48, 0x55, 0x4e, 0x4b, 0x59, 0x20, 0x4a, 0x45, 0x54, 0x5a, 0x54, 0x20, 
	0x46, 0x52, 0x45, 0x49, 0x21, 0x20, 0x44, 0x41, 0x4e, 0x4b, 0x45, 0x2c, 0x20, 0x46, 0x52, 0x45, 
	0x55, 0x4e, 0x44, 0x20, 0x4c, 0x41, 0x4e, 0x4b, 0x59, 0x21, 0x43, 0x48, 0x55, 0x4e, 0x4b, 0x59, 
	0x20, 0x4b, 0x41, 0x4e, 0x4e, 0x20, 0x47, 0x52, 0xdc, 0x4e, 0x45, 0x20, 0x42, 0x41, 0x4e, 0x41, 
	0x4e, 0x45, 0x4e, 0x20, 0x53, 0x41, 0x4d, 0x4d, 0x45, 0x4c, 0x4e, 0x21, 0x49, 0x43, 0x48, 0x20, 
	0x57, 0x41, 0x52, 0x54, 0x45, 0x4e, 0x20, 0x49, 0x4e, 0x20, 0x54, 0x41, 0x55, 0x53, 0x43, 0x48, 
	0x46, 0x41, 0x53, 0x53, 0x20, 0x42, 0x49, 0x53, 0x20, 0x44, 0x55, 0x20, 0x48, 0x49, 0x4c, 0x46, 
	0x45, 0x20, 0x42, 0x52, 0x41, 0x55, 0x43, 0x48, 0x45, 0x4e, 0x21, 0x48, 0x41, 0x2d, 0x48, 0x41, 
	0x4c, 0x4c, 0x4f, 0x2c, 0x20, 0x7e, 0x21, 0x20, 0x43, 0x48, 0x55, 0x4e, 0x4b, 0x59, 0x20, 0x48, 
	0x49, 0x45, 0x52, 0x20, 0x4f, 0x42, 0x45, 0x4e, 0x20, 0x53, 0x45, 0x49, 0x4e, 0x21, 
};
u8 text_6[] = {
	0x3, 0x1, 0x1, 0x1, 0x0, 0x0, 0x0, 0x0, 0x0, 0x21, 0x0, 0x0, 0x0, 0x0, 0x0, 0x0, 
	0x1, 0x1, 0x1, 0x0, 0x0, 0x0, 0x21, 0x0, 0x31, 0x0, 0x0, 0x0, 0x0, 0x0, 0x0, 0x3, 
	0x1, 0x2, 0x0, 0x0, 0x0, 0x52, 0x0, 0x29, 0x0, 0x0, 0x0, 0x0, 0x0, 0x7b, 0x0, 0x34, 
	0x0, 0x0, 0x0, 0x0, 0x0, 0x0, 0x2, 0x1, 0x0, 0x3f, 0x0, 0x0, 0x0, 0x0, 0x0, 0x0, 
	0x1, 0x1, 0x0, 0x0, 0x0, 0xaf, 0x0, 0x1e, 0x0, 0x0, 0x0, 0x0, 0x0, 0x0, 0x0, 0xcd, 
	0x49, 0x53, 0x54, 0x20, 0x44, 0x41, 0x20, 0x4a, 0x45, 0x4d, 0x41, 0x4e, 0x44, 0x3f, 0x20, 0x4b, 
	0x4f, 0x4d, 0x4d, 0x20, 0x55, 0x4e, 0x44, 0x20, 0x48, 0x49, 0x4c, 0x46, 0x20, 0x4d, 0x49, 0x52, 
	0x21, 0x4c, 0x41, 0x53, 0x53, 0x20, 0x4d, 0x49, 0x43, 0x48, 0x20, 0x52, 0x41, 0x55, 0x53, 0x21, 
	0x20, 0x49, 0x43, 0x48, 0x20, 0x48, 0x45, 0x4c, 0x46, 0x45, 0x20, 0x44, 0x49, 0x52, 0x20, 0x4b, 
	0x2e, 0x52, 0x4f, 0x4f, 0x4c, 0x20, 0x5a, 0x55, 0x20, 0x42, 0x45, 0x53, 0x49, 0x45, 0x47, 0x45, 
	0x4e, 0x21, 0x43, 0x4f, 0x4f, 0x4c, 0x2c, 0x20, 0x44, 0x4b, 0x21, 0x20, 0x4a, 0x45, 0x54, 0x5a, 
	0x54, 0x20, 0x42, 0x52, 0x41, 0x55, 0x43, 0x48, 0x45, 0x20, 0x49, 0x43, 0x48, 0x20, 0x46, 0x52, 
	0x49, 0x53, 0x43, 0x48, 0x45, 0x20, 0x4c, 0x55, 0x46, 0x54, 0x21, 0x49, 0x43, 0x48, 0x20, 0x4b, 
	0x41, 0x4e, 0x4e, 0x20, 0x44, 0x49, 0x52, 0x20, 0x48, 0x45, 0x4c, 0x46, 0x45, 0x4e, 0x2c, 0x20, 
	0x49, 0x4e, 0x44, 0x45, 0x4d, 0x20, 0x49, 0x43, 0x48, 0x20, 0x42, 0x4c, 0x41, 0x55, 0x45, 0x20, 
	0x42, 0x41, 0x4e, 0x41, 0x4e, 0x45, 0x4e, 0x20, 0x53, 0x41, 0x4d, 0x4d, 0x4c, 0x45, 0x21, 0x44, 
	0x55, 0x20, 0x46, 0x49, 0x4e, 0x44, 0x45, 0x53, 0x54, 0x20, 0x4d, 0x49, 0x43, 0x48, 0x20, 0x49, 
	0x4d, 0x20, 0x54, 0x41, 0x55, 0x53, 0x43, 0x48, 0x46, 0x41, 0x53, 0x53, 0x21, 
};
u8 text_7[] = {
	0x16, 0x1, 0x1, 0x1, 0x0, 0x0, 0x0, 0x0, 0x0, 0x7b, 0x0, 0x0, 0x0, 0x0, 0x0, 0x0, 
	0x1, 0x1, 0x1, 0x0, 0x0, 0x0, 0x7b, 0x0, 0x36, 0x0, 0x0, 0x0, 0x0, 0x0, 0x0, 0x1, 
	0x1, 0x1, 0x0, 0x0, 0x0, 0xb1, 0x0, 0x2d, 0x0, 0x0, 0x0, 0x0, 0x0, 0x0, 0x1, 0x1, 
	0x1, 0x0, 0x0, 0x0, 0xde, 0x0, 0x6d, 0x0, 0x0, 0x0, 0x0, 0x0, 0x0, 0x1, 0x1, 0x2, 
	0x0, 0x0, 0x1, 0x4b, 0x0, 0x27, 0x0, 0x0, 0x0, 0x0, 0x1, 0x72, 0x0, 0x39, 0x0, 0x0, 
	0x0, 0x0, 0x0, 0x0, 0x1, 0x1, 0x2, 0x0, 0x0, 0x1, 0xab, 0x0, 0x48, 0x0, 0x0, 0x0, 
	0x0, 0x1, 0xf3, 0x0, 0x10, 0x0, 0x0, 0x0, 0x0, 0x0, 0x0, 0x1, 0x1, 0x2, 0x0, 0x0, 
	0x2, 0x3, 0x0, 0x4d, 0x0, 0x0, 0x0, 0x0, 0x2, 0x50, 0x0, 0x22, 0x0, 0x0, 0x0, 0x0, 
	0x0, 0x0, 0x1, 0x1, 0x2, 0x0, 0x0, 0x2, 0x72, 0x0, 0x6f, 0x0, 0x0, 0x0, 0x0, 0x2, 
	0xe1, 0x0, 0x1b, 0x0, 0x0, 0x0, 0x0, 0x0, 0x0, 0x1, 0x1, 0x1, 0x0, 0x0, 0x2, 0xfc, 
	0x0, 0x5b, 0x0, 0x0, 0x0, 0x0, 0x0, 0x0, 0x1, 0x1, 0x1, 0x0, 0x0, 0x3, 0x57, 0x0, 
	0x3e, 0x0, 0x0, 0x0, 0x0, 0x0, 0x0, 0x1, 0x1, 0x1, 0x0, 0x0, 0x3, 0x95, 0x0, 0x55, 
	0x0, 0x0, 0x0, 0x0, 0x0, 0x0, 0x1, 0x1, 0x2, 0x0, 0x0, 0x3, 0xea, 0x0, 0x52, 0x0, 
	0x0, 0x0, 0x0, 0x4, 0x3c, 0x0, 0x18, 0x0, 0x0, 0x0, 0x0, 0x0, 0x0, 0x1, 0x1, 0x1, 
	0x0, 0x0, 0x4, 0x54, 0x0, 0x41, 0x0, 0x0, 0x0, 0x0, 0x0, 0x0, 0x1, 0x1, 0x2, 0x0, 
	0x0, 0x4, 0x95, 0x0, 0x6f, 0x0, 0x0, 0x0, 0x0, 0x5, 0x4, 0x0, 0x2d, 0x0, 0x0, 0x0, 
	0x0, 0x0, 0x0, 0x1, 0x1, 0x1, 0x0, 0x0, 0x5, 0x31, 0x0, 0x40, 0x0, 0x0, 0x0, 0x0, 
	0x0, 0x0, 0x1, 0x1, 0x1, 0x0, 0x0, 0x5, 0x71, 0x0, 0x5a, 0x0, 0x0, 0x0, 0x0, 0x0, 
	0x0, 0x1, 0x1, 0x1, 0x0, 0x0, 0x5, 0xcb, 0x0, 0x46, 0x0, 0x0, 0x0, 0x0, 0x0, 0x0, 
	0x1, 0x1, 0x1, 0x0, 0x0, 0x6, 0x11, 0x0, 0x29, 0x0, 0x0, 0x0, 0x0, 0x0, 0x0, 0x9, 
	0x1, 0x2, 0x0, 0x0, 0x6, 0x3a, 0x0, 0x35, 0x0, 0x0, 0x0, 0x0, 0x6, 0x6f, 0x0, 0x36, 
	0x0, 0x0, 0x0, 0x0, 0x0, 0x0, 0x2, 0x1, 0x0, 0x70, 0x0, 0x0, 0x0, 0x0, 0x0, 0x0, 
	0x1, 0x1, 0x0, 0x0, 0x6, 0xa5, 0x0, 0xa, 0x0, 0x0, 0x0, 0x0, 0x0, 0x0, 0x2, 0x1, 
	0x0, 0x73, 0x0, 0x0, 0x0, 0x0, 0x0, 0x0, 0x1, 0x1, 0x0, 0x0, 0x6, 0xaf, 0x0, 0x6, 
	0x0, 0x0, 0x0, 0x0, 0x0, 0x0, 0x2, 0x1, 0x0, 0x6f, 0x0, 0x0, 0x0, 0x0, 0x0, 0x0, 
	0x1, 0x1, 0x0, 0x0, 0x6, 0xb5, 0x0, 0x11, 0x0, 0x0, 0x0, 0x0, 0x0, 0x0, 0x2, 0x1, 
	0x0, 0x72, 0x0, 0x0, 0x0, 0x0, 0x0, 0x0, 0x1, 0x2, 0x0, 0x0, 0x6, 0xc6, 0x0, 0x1c, 
	0x0, 0x0, 0x0, 0x0, 0x6, 0xe2, 0x0, 0x4b, 0x0, 0x0, 0x0, 0x0, 0x0, 0x0, 0x1, 0x1, 
	0x1, 0x0, 0x0, 0x7, 0x2d, 0x0, 0x7a, 0x0, 0x0, 0x0, 0x0, 0x0, 0x0, 0x7, 0x1, 0x2, 
	0x0, 0x0, 0x7, 0xa7, 0x0, 0x8c, 0x0, 0x0, 0x0, 0x0, 0x8, 0x33, 0x0, 0x21, 0x0, 0x0, 
	0x0, 0x0, 0x0, 0x0, 0x2, 0x1, 0x0, 0x73, 0x0, 0x0, 0x0, 0x0, 0x0, 0x0, 0x1, 0x1, 
	0x0, 0x0, 0x8, 0x54, 0x0, 0x10, 0x0, 0x0, 0x0, 0x0, 0x0, 0x0, 0x2, 0x1, 0x0, 0x73, 
	0x0, 0x0, 0x0, 0x0, 0x0, 0x0, 0x1, 0x1, 0x0, 0x0, 0x8, 0x64, 0x0, 0x15, 0x0, 0x0, 
	0x0, 0x0, 0x0, 0x0, 0x2, 0x1, 0x0, 0x70, 0x0, 0x0, 0x0, 0x0, 0x0, 0x0, 0x1, 0x1, 
	0x0, 0x0, 0x8, 0x79, 0x0, 0x20, 0x0, 0x0, 0x0, 0x0, 0x0, 0x0, 0x1, 0x1, 0x1, 0x0, 
	0x0, 0x8, 0x99, 0x0, 0x26, 0x0, 0x0, 0x0, 0x0, 0x0, 0x0, 0x8, 0xbf, 0x48, 0x45, 0x59, 
	0x2c, 0x20, 0x4c, 0x41, 0x4e, 0x47, 0x45, 0x20, 0x48, 0x45, 0x52, 0x2c, 0x20, 0x7e, 0x21, 0x20, 
	0x48, 0x4d, 0x4d, 0x2e, 0x2e, 0x2e, 0x20, 0x1, 0x4b, 0x2e, 0x20, 0x52, 0x4f, 0x4f, 0x4c, 0x53, 
	0x1, 0x20, 0x52, 0xdc, 0x43, 0x4b, 0x4b, 0x45, 0x48, 0x52, 0x20, 0x5a, 0x57, 0x49, 0x4e, 0x47, 
	0x54, 0x20, 0x55, 0x4e, 0x53, 0x20, 0x5a, 0x55, 0x4d, 0x20, 0x41, 0x55, 0x46, 0x52, 0xdc, 0x53, 
	0x54, 0x45, 0x4e, 0x2e, 0x20, 0x41, 0x42, 0x45, 0x52, 0x20, 0x4b, 0x45, 0x49, 0x4e, 0x20, 0x50, 
	0x52, 0x4f, 0x42, 0x4c, 0x45, 0x4d, 0x3a, 0x20, 0x49, 0x43, 0x48, 0x20, 0x48, 0x41, 0x42, 0x45, 
	0x20, 0x45, 0x49, 0x4e, 0x20, 0x50, 0x41, 0x41, 0x52, 0x20, 0x43, 0x4f, 0x4f, 0x4c, 0x45, 0x20, 
	0x53, 0x48, 0x4f, 0x4f, 0x54, 0x45, 0x52, 0x21, 0x53, 0x49, 0x45, 0x48, 0x54, 0x20, 0xdc, 0x42, 
	0x45, 0x4c, 0x20, 0x41, 0x55, 0x53, 0x2c, 0x20, 0x7e, 0x21, 0x20, 0x49, 0x43, 0x48, 0x20, 0x4d, 
	0x55, 0x53, 0x53, 0x20, 0x4e, 0x4f, 0x43, 0x48, 0x20, 0x45, 0x49, 0x4e, 0x20, 0x57, 0x45, 0x4e, 
	0x49, 0x47, 0x20, 0x52, 0x55, 0x4d, 0x42, 0x41, 0x53, 0x54, 0x45, 0x4c, 0x4e, 0x21, 0x53, 0x4f, 
	0x52, 0x52, 0x59, 0x2c, 0x20, 0x7e, 0x21, 0x20, 0x4d, 0x45, 0x48, 0x52, 0x20, 0x47, 0x45, 0x48, 
	0x54, 0x20, 0x42, 0x45, 0x49, 0x4d, 0x20, 0x42, 0x45, 0x53, 0x54, 0x45, 0x4e, 0x20, 0x57, 0x49, 
	0x4c, 0x4c, 0x45, 0x4e, 0x20, 0x4e, 0x49, 0x43, 0x48, 0x54, 0x21, 0x57, 0x49, 0x45, 0x20, 0x57, 
	0xc4, 0x52, 0x27, 0x53, 0x20, 0x48, 0x49, 0x45, 0x52, 0x4d, 0x49, 0x54, 0x3f, 0x20, 0x47, 0x49, 
	0x42, 0x20, 0x4d, 0x49, 0x52, 0x20, 0x40, 0x20, 0x4d, 0xdc, 0x4e, 0x5a, 0x45, 0x4e, 0x20, 0x55, 
	0x4e, 0x44, 0x20, 0x44, 0x55, 0x20, 0x4b, 0x41, 0x4e, 0x4e, 0x53, 0x54, 0x20, 0x1, 0x4b, 0x2e, 
	0x52, 0x4f, 0x4f, 0x4c, 0x53, 0x1, 0x20, 0x54, 0x52, 0x55, 0x50, 0x50, 0x45, 0x20, 0x4d, 0x49, 
	0x54, 0x20, 0x44, 0x49, 0x45, 0x53, 0x45, 0x4d, 0x20, 0x53, 0x48, 0x4f, 0x4f, 0x54, 0x45, 0x52, 
	0x20, 0x4f, 0x52, 0x44, 0x45, 0x4e, 0x54, 0x4c, 0x49, 0x43, 0x48, 0x20, 0x41, 0x55, 0x46, 0x4d, 
	0x49, 0x53, 0x43, 0x48, 0x45, 0x4e, 0x21, 0x20, 0x48, 0x45, 0x59, 0x2c, 0x20, 0x7e, 0x21, 0x20, 
	0x4f, 0x48, 0x4e, 0x45, 0x20, 0x44, 0x49, 0x45, 0x20, 0x40, 0x20, 0x4d, 0xdc, 0x4e, 0x5a, 0x45, 
	0x4e, 0x20, 0x4c, 0xc4, 0x55, 0x46, 0x54, 0x20, 0x4e, 0x49, 0x43, 0x48, 0x54, 0x53, 0x21, 0x42, 
	0x49, 0x53, 0x20, 0x44, 0x55, 0x20, 0x5a, 0x55, 0x52, 0xdc, 0x43, 0x4b, 0x20, 0x42, 0x49, 0x53, 
	0x54, 0x2c, 0x20, 0x4d, 0x41, 0x43, 0x48, 0x45, 0x20, 0x49, 0x43, 0x48, 0x20, 0x4d, 0x49, 0x43, 
	0x48, 0x20, 0x48, 0x49, 0x45, 0x52, 0x20, 0x45, 0x49, 0x4e, 0x20, 0x57, 0x45, 0x4e, 0x49, 0x47, 
	0x20, 0x4c, 0x4f, 0x43, 0x4b, 0x45, 0x52, 0x21, 0x59, 0x4f, 0x2c, 0x20, 0x7e, 0x21, 0x20, 0x53, 
	0x43, 0x48, 0x49, 0x45, 0x42, 0x20, 0x4d, 0x49, 0x52, 0x20, 0x40, 0x20, 0x4d, 0xdc, 0x4e, 0x5a, 
	0x45, 0x4e, 0x20, 0x52, 0xdc, 0x42, 0x45, 0x52, 0x20, 0x55, 0x4e, 0x44, 0x20, 0x49, 0x43, 0x48, 
	0x20, 0x57, 0x45, 0x52, 0x44, 0x45, 0x20, 0x44, 0x45, 0x49, 0x4e, 0x45, 0x4e, 0x20, 0x53, 0x48, 
	0x4f, 0x4f, 0x54, 0x45, 0x52, 0x20, 0x41, 0x55, 0x46, 0x4d, 0xd6, 0x42, 0x45, 0x4c, 0x4e, 0x21, 
	0x57, 0x49, 0x45, 0x20, 0x53, 0x49, 0x45, 0x48, 0x54, 0x27, 0x53, 0x20, 0x41, 0x55, 0x53, 0x3f, 
	0x57, 0x41, 0x53, 0x20, 0x53, 0x4f, 0x4c, 0x4c, 0x20, 0x44, 0x41, 0x53, 0x2c, 0x20, 0x7e, 0x3f, 
	0x20, 0x44, 0x49, 0x52, 0x20, 0x46, 0x45, 0x48, 0x4c, 0x45, 0x4e, 0x20, 0x44, 0x49, 0x45, 0x20, 
	0x40, 0x20, 0x4d, 0xdc, 0x4e, 0x5a, 0x45, 0x4e, 0x2c, 0x20, 0x44, 0x49, 0x45, 0x20, 0x49, 0x43, 
	0x48, 0x20, 0x46, 0xdc, 0x52, 0x20, 0x44, 0x49, 0x45, 0x20, 0x41, 0x55, 0x46, 0x52, 0xdc, 0x53, 
	0x54, 0x55, 0x4e, 0x47, 0x20, 0x42, 0x52, 0x41, 0x55, 0x43, 0x48, 0x45, 0x21, 0x4b, 0x4f, 0x4d, 
	0x4d, 0x20, 0x57, 0x49, 0x45, 0x44, 0x45, 0x52, 0x2c, 0x20, 0x57, 0x45, 0x4e, 0x4e, 0x20, 0x44, 
	0x55, 0x20, 0x46, 0x4c, 0xdc, 0x53, 0x53, 0x49, 0x47, 0x20, 0x42, 0x49, 0x53, 0x54, 0x21, 0x43, 
	0x48, 0x45, 0x43, 0x4b, 0x20, 0x4d, 0x41, 0x4c, 0x20, 0x44, 0x49, 0x45, 0x53, 0x45, 0x4e, 0x20, 
	0x4d, 0x55, 0x4e, 0x49, 0x54, 0x49, 0x4f, 0x4e, 0x53, 0x47, 0xdc, 0x52, 0x54, 0x45, 0x4c, 0x2c, 
	0x20, 0x7e, 0x21, 0x20, 0x49, 0x48, 0x52, 0x20, 0x4b, 0x4f, 0x4e, 0x47, 0x53, 0x20, 0x4b, 0xd6, 
	0x4e, 0x4e, 0x54, 0x20, 0x44, 0x41, 0x4d, 0x49, 0x54, 0x20, 0x4d, 0x45, 0x48, 0x52, 0x20, 0x4d, 
	0x55, 0x4e, 0x49, 0x54, 0x49, 0x4f, 0x4e, 0x20, 0x54, 0x52, 0x41, 0x47, 0x45, 0x4e, 0x2c, 0x20, 
	0x55, 0x4e, 0x44, 0x20, 0x44, 0x41, 0x53, 0x20, 0x46, 0xdc, 0x52, 0x20, 0x53, 0x43, 0x48, 0x4c, 
	0x41, 0x50, 0x50, 0x45, 0x20, 0x40, 0x20, 0x4d, 0xdc, 0x4e, 0x5a, 0x45, 0x4e, 0x21, 0x44, 0x45, 
	0x4e, 0x20, 0x4d, 0x55, 0x53, 0x53, 0x54, 0x20, 0x44, 0x55, 0x20, 0x45, 0x49, 0x4e, 0x46, 0x41, 
	0x43, 0x48, 0x20, 0x48, 0x41, 0x42, 0x45, 0x4e, 0x21, 0x44, 0x55, 0x20, 0x4d, 0x41, 0x43, 0x48, 
	0x53, 0x54, 0x20, 0x57, 0x4f, 0x48, 0x4c, 0x20, 0x57, 0x49, 0x54, 0x5a, 0x45, 0x2c, 0x20, 0x7e, 
	0x3f, 0x20, 0x44, 0x49, 0x52, 0x20, 0x46, 0x45, 0x48, 0x4c, 0x45, 0x4e, 0x20, 0x44, 0x49, 0x45, 
	0x20, 0x40, 0x20, 0x4d, 0xdc, 0x4e, 0x5a, 0x45, 0x4e, 0x21, 0x20, 0x45, 0x49, 0x47, 0x45, 0x4e, 
	0x54, 0x4c, 0x49, 0x43, 0x48, 0x20, 0x49, 0x53, 0x54, 0x20, 0x44, 0x45, 0x52, 0x20, 0x47, 0xdc, 
	0x52, 0x54, 0x45, 0x4c, 0x20, 0x56, 0x49, 0x45, 0x4c, 0x20, 0x4d, 0x45, 0x48, 0x52, 0x20, 0x57, 
	0x45, 0x52, 0x54, 0x21, 0x44, 0x41, 0x53, 0x20, 0x57, 0x41, 0x52, 0x27, 0x53, 0x2c, 0x20, 0x7e, 
	0x21, 0x20, 0x49, 0x43, 0x48, 0x20, 0x42, 0x41, 0x53, 0x54, 0x45, 0x4c, 0x45, 0x20, 0x4a, 0x45, 
	0x54, 0x5a, 0x54, 0x20, 0x41, 0x4e, 0x20, 0x44, 0x45, 0x52, 0x20, 0x4e, 0xc4, 0x43, 0x48, 0x53, 
	0x54, 0x45, 0x4e, 0x20, 0x47, 0x52, 0x4f, 0x53, 0x53, 0x45, 0x4e, 0x20, 0x53, 0x41, 0x43, 0x48, 
	0x45, 0x21, 0x47, 0x52, 0x41, 0x4e, 0x41, 0x54, 0x45, 0x4e, 0x53, 0x54, 0x41, 0x52, 0x4b, 0x2c, 
	0x20, 0x7e, 0x21, 0x20, 0x44, 0x41, 0x53, 0x20, 0x57, 0x41, 0x52, 0x20, 0x4d, 0x45, 0x49, 0x4e, 
	0x20, 0x4c, 0x45, 0x54, 0x5a, 0x54, 0x45, 0x53, 0x20, 0x55, 0x50, 0x47, 0x52, 0x41, 0x44, 0x45, 
	0x2e, 0x20, 0x4c, 0x4f, 0x53, 0x20, 0x4a, 0x45, 0x54, 0x5a, 0x54, 0x21, 0x20, 0x5a, 0x45, 0x49, 
	0x47, 0x20, 0x49, 0x48, 0x4e, 0x45, 0x4e, 0x2c, 0x20, 0x57, 0x41, 0x53, 0x20, 0x53, 0x41, 0x43, 
	0x48, 0x45, 0x20, 0x49, 0x53, 0x54, 0x21, 0x44, 0x41, 0x53, 0x20, 0x57, 0x41, 0x52, 0x20, 0x4c, 
	0xc4, 0x4e, 0x47, 0x53, 0x54, 0x20, 0x4e, 0x49, 0x43, 0x48, 0x54, 0x20, 0x41, 0x4c, 0x4c, 0x45, 
	0x53, 0x2c, 0x20, 0x7e, 0x21, 0x20, 0x47, 0x49, 0x42, 0x20, 0x4d, 0x49, 0x52, 0x20, 0x40, 0x20, 
	0x4d, 0xdc, 0x4e, 0x5a, 0x45, 0x4e, 0x2c, 0x20, 0x55, 0x4e, 0x44, 0x20, 0x49, 0x43, 0x48, 0x20, 
	0x52, 0xdc, 0x53, 0x54, 0x45, 0x20, 0x44, 0x45, 0x49, 0x4e, 0x45, 0x4e, 0x20, 0x53, 0x48, 0x4f, 
	0x4f, 0x54, 0x45, 0x52, 0x20, 0x41, 0x55, 0x46, 0x21, 0x4b, 0x4f, 0x4d, 0x4d, 0x45, 0x4e, 0x20, 
	0x57, 0x49, 0x52, 0x20, 0x49, 0x4e, 0x53, 0x20, 0x47, 0x45, 0x53, 0x43, 0x48, 0xc4, 0x46, 0x54, 
	0x3f, 0x4b, 0x45, 0x49, 0x4e, 0x45, 0x20, 0x43, 0x48, 0x41, 0x4e, 0x43, 0x45, 0x2c, 0x20, 0x7e, 
	0x21, 0x20, 0x44, 0x49, 0x52, 0x20, 0x46, 0x45, 0x48, 0x4c, 0x45, 0x4e, 0x20, 0x7e, 0x20, 0x4d, 
	0xdc, 0x4e, 0x5a, 0x45, 0x4e, 0x2c, 0x20, 0x55, 0x4d, 0x20, 0x44, 0x41, 0x53, 0x20, 0x55, 0x50, 
	0x47, 0x52, 0x41, 0x44, 0x45, 0x20, 0x5a, 0x55, 0x20, 0x42, 0x45, 0x5a, 0x41, 0x48, 0x4c, 0x45, 
	0x4e, 0x21, 0x43, 0x48, 0x45, 0x43, 0x4b, 0x20, 0x4d, 0x41, 0x4c, 0x20, 0x44, 0x49, 0x45, 0x53, 
	0x45, 0x4e, 0x20, 0x4d, 0x55, 0x4e, 0x49, 0x54, 0x49, 0x4f, 0x4e, 0x53, 0x47, 0xdc, 0x52, 0x54, 
	0x45, 0x4c, 0x2c, 0x20, 0x7e, 0x21, 0x20, 0x49, 0x48, 0x52, 0x20, 0x4b, 0x4f, 0x4e, 0x47, 0x53, 
	0x20, 0x4b, 0xd6, 0x4e, 0x4e, 0x54, 0x20, 0x44, 0x41, 0x4d, 0x49, 0x54, 0x20, 0x4d, 0x45, 0x48, 
	0x52, 0x20, 0x4d, 0x55, 0x4e, 0x49, 0x54, 0x49, 0x4f, 0x4e, 0x20, 0x54, 0x52, 0x41, 0x47, 0x45, 
	0x4e, 0x2c, 0x20, 0x55, 0x4e, 0x44, 0x20, 0x44, 0x41, 0x53, 0x20, 0x46, 0xdc, 0x52, 0x20, 0x53, 
	0x43, 0x48, 0x4c, 0x41, 0x50, 0x50, 0x45, 0x20, 0x40, 0x20, 0x4d, 0xdc, 0x4e, 0x5a, 0x45, 0x4e, 
	0x21, 0x49, 0x43, 0x48, 0x20, 0x42, 0x49, 0x4e, 0x20, 0x53, 0x49, 0x43, 0x48, 0x45, 0x52, 0x2c, 
	0x20, 0x44, 0x55, 0x20, 0x57, 0x49, 0x4c, 0x4c, 0x53, 0x54, 0x20, 0x49, 0x48, 0x4e, 0x20, 0x48, 
	0x41, 0x42, 0x45, 0x4e, 0x21, 0x20, 0x52, 0x49, 0x43, 0x48, 0x54, 0x49, 0x47, 0x3f, 0x44, 0x55, 
	0x20, 0x4d, 0x41, 0x43, 0x48, 0x53, 0x54, 0x20, 0x57, 0x4f, 0x48, 0x4c, 0x20, 0x57, 0x49, 0x54, 
	0x5a, 0x45, 0x2c, 0x20, 0x7e, 0x3f, 0x20, 0x44, 0x49, 0x52, 0x20, 0x46, 0x45, 0x48, 0x4c, 0x45, 
	0x4e, 0x20, 0x44, 0x49, 0x45, 0x20, 0x40, 0x20, 0x4d, 0xdc, 0x4e, 0x5a, 0x45, 0x4e, 0x20, 0x46, 
	0xdc, 0x52, 0x20, 0x44, 0x45, 0x4e, 0x20, 0x47, 0xdc, 0x52, 0x54, 0x45, 0x4c, 0x21, 0x53, 0x49, 
	0x45, 0x48, 0x54, 0x20, 0x46, 0x45, 0x54, 0x54, 0x20, 0x41, 0x55, 0x53, 0x2c, 0x20, 0x7e, 0x21, 
	0x20, 0x44, 0x55, 0x20, 0x4b, 0x45, 0x4e, 0x4e, 0x53, 0x54, 0x20, 0x44, 0x49, 0x43, 0x48, 0x20, 
	0x4a, 0x45, 0x54, 0x5a, 0x54, 0x20, 0x4d, 0x49, 0x54, 0x20, 0x44, 0x45, 0x4d, 0x20, 0x53, 0x48, 
	0x4f, 0x4f, 0x54, 0x45, 0x52, 0x20, 0x41, 0x55, 0x53, 0x2c, 0x20, 0x41, 0x4c, 0x53, 0x4f, 0x20, 
	0x4d, 0x41, 0x43, 0x48, 0x20, 0x44, 0x49, 0x45, 0x20, 0x52, 0x45, 0x50, 0x54, 0x49, 0x4c, 0x49, 
	0x45, 0x4e, 0x20, 0x4c, 0x41, 0x4e, 0x47, 0x21, 0x4b, 0x45, 0x49, 0x4e, 0x20, 0x50, 0x52, 0x4f, 
	0x42, 0x4c, 0x45, 0x4d, 0x2c, 0x20, 0x7e, 0x21, 0x20, 0x47, 0x45, 0x48, 0x54, 0x20, 0x49, 0x4e, 
	0x20, 0x4f, 0x52, 0x44, 0x4e, 0x55, 0x4e, 0x47, 0x2c, 0x20, 0x57, 0x45, 0x4e, 0x4e, 0x20, 0x44, 
	0x55, 0x20, 0x53, 0x50, 0xc4, 0x54, 0x45, 0x52, 0x20, 0x4e, 0x4f, 0x43, 0x48, 0x20, 0x4d, 0x41, 
	0x4c, 0x20, 0x52, 0x45, 0x49, 0x4e, 0x53, 0x43, 0x48, 0x41, 0x55, 0x53, 0x54, 0x21, 0x50, 0x41, 
	0x53, 0x53, 0x20, 0x41, 0x55, 0x46, 0x2c, 0x20, 0x7e, 0x21, 0x20, 0x48, 0x49, 0x45, 0x52, 0x20, 
	0x48, 0x41, 0x53, 0x54, 0x20, 0x44, 0x55, 0x20, 0x56, 0x4f, 0x4c, 0x4c, 0x45, 0x20, 0x4d, 0x55, 
	0x4e, 0x49, 0x54, 0x49, 0x4f, 0x4e, 0x21, 0x53, 0x54, 0x45, 0x48, 0x54, 0x20, 0x44, 0x49, 0x52, 
	0x20, 0x47, 0x55, 0x54, 0x2c, 0x20, 0x7e, 0x21, 0x20, 0x49, 0x43, 0x48, 0x20, 0x47, 0x45, 0x42, 
	0x45, 0x20, 0x44, 0x49, 0x52, 0x20, 0x45, 0x49, 0x4e, 0x45, 0x20, 0x4b, 0x55, 0x52, 0x5a, 0x45, 
	0x20, 0x45, 0x49, 0x4e, 0x57, 0x45, 0x49, 0x53, 0x55, 0x4e, 0x47, 0x21, 0x57, 0x49, 0x4c, 0x4c, 
	0x53, 0x54, 0x20, 0x44, 0x55, 0x20, 0x44, 0x45, 0x4e, 0x20, 0x53, 0x48, 0x4f, 0x4f, 0x54, 0x45, 
	0x52, 0x20, 0x52, 0x41, 0x55, 0x53, 0x48, 0x4f, 0x4c, 0x45, 0x4e, 0x20, 0x4f, 0x44, 0x45, 0x52, 
	0x20, 0x57, 0x45, 0x47, 0x53, 0x54, 0x45, 0x43, 0x4b, 0x45, 0x4e, 0x2c, 0x20, 0x48, 0x41, 0x4c, 
	0x54, 0x45, 0x55, 0x4e, 0x44, 0x20, 0x44, 0x52, 0xdc, 0x43, 0x4b, 0x45, 0x44, 0x52, 0xdc, 0x43, 
	0x4b, 0x45, 0x55, 0x4d, 0x20, 0x5a, 0x55, 0x20, 0x46, 0x45, 0x55, 0x45, 0x52, 0x4e, 0x2e, 0x20, 
	0x4d, 0x49, 0x54, 0x53, 0x43, 0x48, 0x41, 0x55, 0x53, 0x54, 0x20, 0x44, 0x55, 0x20, 0x44, 0x55, 
	0x52, 0x43, 0x48, 0x20, 0x44, 0x41, 0x53, 0x20, 0x56, 0x49, 0x53, 0x49, 0x45, 0x52, 0x2e, 0x53, 
	0x4f, 0x4c, 0x4c, 0x54, 0x45, 0x20, 0x44, 0x49, 0x52, 0x20, 0x4d, 0x41, 0x4c, 0x20, 0x44, 0x49, 
	0x45, 0x20, 0x4d, 0x55, 0x4e, 0x49, 0x54, 0x49, 0x4f, 0x4e, 0x20, 0x41, 0x55, 0x53, 0x47, 0x45, 
	0x48, 0x45, 0x4e, 0x2c, 0x20, 0x42, 0x52, 0x49, 0x4e, 0x47, 0x45, 0x20, 0x49, 0x43, 0x48, 0x20, 
	0x44, 0x45, 0x4e, 0x20, 0x56, 0x4f, 0x52, 0x52, 0x41, 0x54, 0x20, 0x41, 0x55, 0x46, 0x20, 0x56, 
	0x4f, 0x52, 0x44, 0x45, 0x52, 0x4d, 0x41, 0x4e, 0x4e, 0x2e, 0x48, 0xd6, 0x52, 0x20, 0x5a, 0x55, 
	0x2c, 0x20, 0x7e, 0x21, 0x20, 0x41, 0x4c, 0x4c, 0x20, 0x45, 0x55, 0x52, 0x45, 0x20, 0x53, 0x48, 
	0x4f, 0x4f, 0x54, 0x45, 0x52, 0x20, 0x42, 0x45, 0x53, 0x49, 0x54, 0x5a, 0x45, 0x4e, 0x20, 0x41, 
	0x42, 0x20, 0x4a, 0x45, 0x54, 0x5a, 0x54, 0x20, 0x45, 0x49, 0x4e, 0x45, 0x20, 0x5a, 0x49, 0x45, 
	0x4c, 0x53, 0x55, 0x43, 0x48, 0x46, 0x55, 0x4e, 0x4b, 0x54, 0x49, 0x4f, 0x4e, 0x21, 0x20, 0x53, 
	0x55, 0x43, 0x48, 0x20, 0x44, 0x49, 0x52, 0x20, 0x45, 0x49, 0x4e, 0x20, 0x50, 0x41, 0x41, 0x52, 
	0x20, 0x1, 0x52, 0x4f, 0x54, 0x45, 0x20, 0x4d, 0x55, 0x4e, 0x49, 0x54, 0x49, 0x4f, 0x4e, 0x53, 
	0x4b, 0x49, 0x53, 0x54, 0x45, 0x4e, 0x1, 0x20, 0x55, 0x4e, 0x44, 0x20, 0x4c, 0x45, 0x47, 0x20, 
	0x4c, 0x4f, 0x53, 0x21, 0x57, 0x4f, 0x57, 0x2c, 0x20, 0x49, 0x48, 0x52, 0x20, 0x4b, 0x4f, 0x4e, 
	0x47, 0x53, 0x20, 0x53, 0x45, 0x49, 0x44, 0x20, 0x47, 0x45, 0xdc, 0x42, 0x54, 0x20, 0x49, 0x4d, 
	0x20, 0x55, 0x4d, 0x47, 0x41, 0x4e, 0x47, 0x20, 0x4d, 0x49, 0x54, 0x20, 0x45, 0x55, 0x52, 0x45, 
	0x4e, 0x20, 0x53, 0x48, 0x4f, 0x4f, 0x54, 0x45, 0x52, 0x4e, 0x21, 0x20, 0x49, 0x48, 0x52, 0x20, 
	0x4b, 0xd6, 0x4e, 0x4e, 0x54, 0x20, 0x4a, 0x45, 0x54, 0x5a, 0x54, 0x20, 0x4d, 0x49, 0x54, 0x20, 
	0x44, 0x45, 0x4d, 0x20, 0x5a, 0x49, 0x45, 0x4c, 0x46, 0x45, 0x52, 0x4e, 0x52, 0x4f, 0x48, 0x52, 
	0x20, 0x41, 0x4e, 0x20, 0x45, 0x55, 0x52, 0x45, 0x20, 0x5a, 0x49, 0x45, 0x4c, 0x45, 0x20, 0x48, 
	0x45, 0x52, 0x41, 0x4e, 0x5a, 0x4f, 0x4f, 0x4d, 0x45, 0x4e, 0x20, 0x55, 0x4e, 0x44, 0x20, 0x57, 
	0x45, 0x49, 0x54, 0x45, 0x52, 0x20, 0x53, 0x43, 0x48, 0x49, 0x45, 0x53, 0x53, 0x45, 0x4e, 0x21, 
	0x53, 0x43, 0x48, 0x41, 0x55, 0x20, 0x44, 0x55, 0x52, 0x43, 0x48, 0x20, 0x44, 0x41, 0x53, 0x20, 
	0x56, 0x49, 0x53, 0x49, 0x45, 0x52, 0x20, 0x55, 0x4e, 0x44, 0x20, 0x44, 0x52, 0xdc, 0x43, 0x4b, 
	0x45, 0x55, 0x4d, 0x20, 0x5a, 0x55, 0x20, 0x5a, 0x4f, 0x4f, 0x4d, 0x45, 0x4e, 0x20, 0x55, 0x4e, 
	0x44, 0x5a, 0x55, 0x4d, 0x20, 0x57, 0x45, 0x47, 0x5a, 0x4f, 0x4f, 0x4d, 0x45, 0x4e, 0x2e, 0x20, 
	0x44, 0x52, 0xdc, 0x43, 0x4b, 0x45, 0x55, 0x4d, 0x20, 0x44, 0x49, 0x45, 0x20, 0x42, 0x45, 0x57, 
	0x45, 0x47, 0x55, 0x4e, 0x47, 0x20, 0x5a, 0x55, 0x20, 0x56, 0x45, 0x52, 0x4c, 0x41, 0x4e, 0x47, 
	0x53, 0x41, 0x4d, 0x45, 0x4e, 0x21, 0x43, 0x4f, 0x4f, 0x4c, 0x21, 0x20, 0x4a, 0x45, 0x54, 0x5a, 
	0x54, 0x20, 0x48, 0x41, 0x53, 0x54, 0x20, 0x44, 0x55, 0x20, 0x40, 0x20, 0x53, 0x43, 0x48, 0x55, 
	0x53, 0x53, 0x20, 0x4d, 0x55, 0x4e, 0x49, 0x54, 0x49, 0x4f, 0x4e, 0x21, 
};
u8 text_8[] = {
	0x24, 0x1, 0x1, 0x2, 0x0, 0x0, 0x0, 0x0, 0x0, 0x6c, 0x0, 0x0, 0x0, 0x0, 0x0, 0x6c, 
	0x0, 0x30, 0x0, 0x0, 0x0, 0x0, 0x0, 0x0, 0x1, 0x1, 0x1, 0x0, 0x0, 0x0, 0x9c, 0x0, 
	0x70, 0x0, 0x0, 0x0, 0x0, 0x0, 0x0, 0x1, 0x1, 0x4, 0x0, 0x0, 0x1, 0xc, 0x0, 0x58, 
	0x0, 0x0, 0x0, 0x0, 0x1, 0x64, 0x0, 0x5c, 0x0, 0x0, 0x0, 0x0, 0x1, 0xc0, 0x0, 0x61, 
	0x0, 0x0, 0x0, 0x0, 0x2, 0x21, 0x0, 0x37, 0x0, 0x0, 0x0, 0x0, 0x0, 0x0, 0x1, 0x1, 
	0x2, 0x0, 0x0, 0x2, 0x58, 0x0, 0x39, 0x0, 0x0, 0x0, 0x0, 0x2, 0x91, 0x0, 0x5d, 0x0, 
	0x0, 0x0, 0x0, 0x0, 0x0, 0x1, 0x1, 0x2, 0x0, 0x0, 0x2, 0xee, 0x0, 0x4c, 0x0, 0x0, 
	0x0, 0x0, 0x3, 0x3a, 0x0, 0x3c, 0x0, 0x0, 0x0, 0x0, 0x0, 0x0, 0x1, 0x1, 0x2, 0x0, 
	0x0, 0x3, 0x76, 0x0, 0x34, 0x0, 0x0, 0x0, 0x0, 0x3, 0xaa, 0x0, 0x5b, 0x0, 0x0, 0x0, 
	0x0, 0x0, 0x0, 0x1, 0x1, 0x1, 0x0, 0x0, 0x4, 0x5, 0x0, 0x33, 0x0, 0x0, 0x0, 0x0, 
	0x0, 0x0, 0x1, 0x1, 0x1, 0x0, 0x0, 0x4, 0x38, 0x0, 0x44, 0x0, 0x0, 0x0, 0x0, 0x0, 
	0x0, 0x1, 0x1, 0x1, 0x0, 0x0, 0x4, 0x7c, 0x0, 0x62, 0x0, 0x0, 0x0, 0x0, 0x0, 0x0, 
	0x1, 0x1, 0x1, 0x0, 0x0, 0x4, 0xde, 0x0, 0xa4, 0x0, 0x0, 0x0, 0x0, 0x0, 0x0, 0x1, 
	0x1, 0x1, 0x0, 0x0, 0x5, 0x82, 0x0, 0x43, 0x0, 0x0, 0x0, 0x0, 0x0, 0x0, 0x5, 0x1, 
	0x2, 0x0, 0x0, 0x5, 0xc5, 0x0, 0x37, 0x0, 0x0, 0x0, 0x0, 0x5, 0xfc, 0x0, 0x38, 0x0, 
	0x0, 0x0, 0x0, 0x0, 0x0, 0x2, 0x1, 0x0, 0x70, 0x0, 0x0, 0x0, 0x0, 0x0, 0x0, 0x1, 
	0x2, 0x0, 0x0, 0x6, 0x34, 0x0, 0xe, 0x0, 0x0, 0x0, 0x0, 0x6, 0x42, 0x0, 0x6, 0x0, 
	0x0, 0x0, 0x0, 0x0, 0x0, 0x2, 0x1, 0x0, 0x70, 0x0, 0x0, 0x0, 0x0, 0x0, 0x0, 0x1, 
	0x1, 0x0, 0x0, 0x6, 0x48, 0x0, 0x13, 0x0, 0x0, 0x0, 0x0, 0x0, 0x0, 0x5, 0x1, 0x1, 
	0x0, 0x0, 0x6, 0x5b, 0x0, 0x28, 0x0, 0x0, 0x0, 0x0, 0x0, 0x0, 0x2, 0x1, 0x0, 0x70, 
	0x0, 0x0, 0x0, 0x0, 0x0, 0x0, 0x1, 0x1, 0x0, 0x0, 0x6, 0x83, 0x0, 0x13, 0x0, 0x0, 
	0x0, 0x0, 0x0, 0x0, 0x2, 0x1, 0x0, 0x6f, 0x0, 0x0, 0x0, 0x0, 0x0, 0x0, 0x1, 0x1, 
	0x0, 0x0, 0x6, 0x96, 0x0, 0x28, 0x0, 0x0, 0x0, 0x0, 0x0, 0x0, 0x1, 0x1, 0x3, 0x0, 
	0x0, 0x6, 0xbe, 0x0, 0x42, 0x0, 0x0, 0x0, 0x0, 0x7, 0x0, 0x0, 0x46, 0x0, 0x0, 0x0, 
	0x0, 0x7, 0x46, 0x0, 0x3b, 0x0, 0x0, 0x0, 0x0, 0x0, 0x0, 0x7, 0x1, 0x2, 0x0, 0x0, 
	0x7, 0x81, 0x0, 0x42, 0x0, 0x0, 0x0, 0x0, 0x7, 0xc3, 0x0, 0x30, 0x0, 0x0, 0x0, 0x0, 
	0x0, 0x0, 0x2, 0x1, 0x0, 0x70, 0x0, 0x0, 0x0, 0x0, 0x0, 0x0, 0x1, 0x1, 0x0, 0x0, 
	0x7, 0xf3, 0x0, 0x14, 0x0, 0x0, 0x0, 0x0, 0x0, 0x0, 0x2, 0x1, 0x0, 0x6f, 0x0, 0x0, 
	0x0, 0x0, 0x0, 0x0, 0x1, 0x1, 0x0, 0x0, 0x8, 0x7, 0x0, 0x5, 0x0, 0x0, 0x0, 0x0, 
	0x0, 0x0, 0x2, 0x1, 0x0, 0x70, 0x0, 0x0, 0x0, 0x0, 0x0, 0x0, 0x1, 0x1, 0x0, 0x0, 
	0x8, 0xc, 0x0, 0x2a, 0x0, 0x0, 0x0, 0x0, 0x0, 0x0, 0x1, 0x1, 0x1, 0x0, 0x0, 0x8, 
	0x36, 0x0, 0x9e, 0x0, 0x0, 0x0, 0x0, 0x0, 0x0, 0x7, 0x1, 0x4, 0x0, 0x0, 0x8, 0xd4, 
	0x0, 0x6a, 0x0, 0x0, 0x0, 0x0, 0x9, 0x3e, 0x0, 0x44, 0x0, 0x0, 0x0, 0x0, 0x9, 0x82, 
	0x0, 0x6d, 0x0, 0x0, 0x0, 0x0, 0x9, 0xef, 0x0, 0x6, 0x0, 0x0, 0x0, 0x0, 0x0, 0x0, 
	0x2, 0x1, 0x0, 0x6e, 0x0, 0x0, 0x0, 0x0, 0x0, 0x0, 0x1, 0x1, 0x0, 0x0, 0x9, 0xf5, 
	0x0, 0xd, 0x0, 0x0, 0x0, 0x0, 0x0, 0x0, 0x2, 0x1, 0x0, 0x70, 0x0, 0x0, 0x0, 0x0, 
	0x0, 0x0, 0x1, 0x1, 0x0, 0x0, 0xa, 0x2, 0x0, 0x13, 0x0, 0x0, 0x0, 0x0, 0x0, 0x0, 
	0x2, 0x1, 0x0, 0x6f, 0x0, 0x0, 0x0, 0x0, 0x0, 0x0, 0x1, 0x1, 0x0, 0x0, 0xa, 0x15, 
	0x0, 0x2d, 0x0, 0x0, 0x0, 0x0, 0x0, 0x0, 0x5, 0x1, 0x2, 0x0, 0x0, 0xa, 0x42, 0x0, 
	0x87, 0x0, 0x0, 0x0, 0x0, 0xa, 0xc9, 0x0, 0x6, 0x0, 0x0, 0x0, 0x0, 0x0, 0x0, 0x2, 
	0x1, 0x0, 0x6e, 0x0, 0x0, 0x0, 0x0, 0x0, 0x0, 0x1, 0x1, 0x0, 0x0, 0xa, 0xcf, 0x0, 
	0x18, 0x0, 0x0, 0x0, 0x0, 0x0, 0x0, 0x2, 0x1, 0x0, 0x6e, 0x0, 0x0, 0x0, 0x0, 0x0, 
	0x0, 0x1, 0x1, 0x0, 0x0, 0xa, 0xe7, 0x0, 0x40, 0x0, 0x0, 0x0, 0x0, 0x0, 0x0, 0x5, 
	0x1, 0x2, 0x0, 0x0, 0xb, 0x27, 0x0, 0x5d, 0x0, 0x0, 0x0, 0x0, 0xb, 0x84, 0x0, 0x5, 
	0x0, 0x0, 0x0, 0x0, 0x0, 0x0, 0x2, 0x1, 0x0, 0x70, 0x0, 0x0, 0x0, 0x0, 0x0, 0x0, 
	0x1, 0x1, 0x0, 0x0, 0xb, 0x89, 0x0, 0xa, 0x0, 0x0, 0x0, 0x0, 0x0, 0x0, 0x2, 0x1, 
	0x0, 0x6f, 0x0, 0x0, 0x0, 0x0, 0x0, 0x0, 0x1, 0x1, 0x0, 0x0, 0xb, 0x93, 0x0, 0x2c, 
	0x0, 0x0, 0x0, 0x0, 0x0, 0x0, 0x5, 0x1, 0x2, 0x0, 0x0, 0xb, 0xbf, 0x0, 0x14, 0x0, 
	0x0, 0x0, 0x0, 0xb, 0xd3, 0x0, 0x5d, 0x0, 0x0, 0x0, 0x0, 0x0, 0x0, 0x2, 0x1, 0x0, 
	0x70, 0x0, 0x0, 0x0, 0x0, 0x0, 0x0, 0x1, 0x1, 0x0, 0x0, 0xc, 0x30, 0x0, 0x17, 0x0, 
	0x0, 0x0, 0x0, 0x0, 0x0, 0x2, 0x1, 0x0, 0x70, 0x0, 0x0, 0x0, 0x0, 0x0, 0x0, 0x1, 
	0x1, 0x0, 0x0, 0xc, 0x47, 0x0, 0x3a, 0x0, 0x0, 0x0, 0x0, 0x0, 0x0, 0x3, 0x1, 0x2, 
	0x0, 0x0, 0xc, 0x81, 0x0, 0x36, 0x0, 0x0, 0x0, 0x0, 0xc, 0xb7, 0x0, 0x2e, 0x0, 0x0, 
	0x0, 0x0, 0x0, 0x0, 0x2, 0x1, 0x0, 0x6f, 0x0, 0x0, 0x0, 0x0, 0x0, 0x0, 0x1, 0x1, 
	0x0, 0x0, 0xc, 0xe5, 0x0, 0x3a, 0x0, 0x0, 0x0, 0x0, 0x0, 0x0, 0x3, 0x1, 0x2, 0x0, 
	0x0, 0xd, 0x1f, 0x0, 0x5e, 0x0, 0x0, 0x0, 0x0, 0xd, 0x7d, 0x0, 0x31, 0x0, 0x0, 0x0, 
	0x0, 0x0, 0x0, 0x2, 0x1, 0x0, 0x70, 0x0, 0x0, 0x0, 0x0, 0x0, 0x0, 0x1, 0x1, 0x0, 
	0x0, 0xd, 0xae, 0x0, 0x18, 0x0, 0x0, 0x0, 0x0, 0x0, 0x0, 0x1, 0x1, 0x2, 0x0, 0x0, 
	0xd, 0xc6, 0x0, 0x65, 0x0, 0x0, 0x0, 0x0, 0xe, 0x2b, 0x0, 0x4c, 0x0, 0x0, 0x0, 0x0, 
	0x0, 0x0, 0x3, 0x1, 0x1, 0x0, 0x0, 0xe, 0x77, 0x0, 0x67, 0x0, 0x0, 0x0, 0x0, 0x0, 
	0x0, 0x2, 0x1, 0x0, 0x70, 0x0, 0x0, 0x0, 0x0, 0x0, 0x0, 0x1, 0x1, 0x0, 0x0, 0xe, 
	0xde, 0x0, 0x1d, 0x0, 0x0, 0x0, 0x0, 0x0, 0x0, 0x3, 0x1, 0x2, 0x0, 0x0, 0xe, 0xfb, 
	0x0, 0x51, 0x0, 0x0, 0x0, 0x0, 0xf, 0x4c, 0x0, 0x37, 0x0, 0x0, 0x0, 0x0, 0x0, 0x0, 
	0x2, 0x1, 0x0, 0x70, 0x0, 0x0, 0x0, 0x0, 0x0, 0x0, 0x1, 0x1, 0x0, 0x0, 0xf, 0x83, 
	0x0, 0x59, 0x0, 0x0, 0x0, 0x0, 0x0, 0x0, 0x5, 0x1, 0x1, 0x0, 0x0, 0xf, 0xdc, 0x0, 
	0x55, 0x0, 0x0, 0x0, 0x0, 0x0, 0x0, 0x2, 0x1, 0x0, 0x6e, 0x0, 0x0, 0x0, 0x0, 0x0, 
	0x0, 0x1, 0x1, 0x0, 0x0, 0x10, 0x31, 0x0, 0x12, 0x0, 0x0, 0x0, 0x0, 0x0, 0x0, 0x2, 
	0x1, 0x0, 0x70, 0x0, 0x0, 0x0, 0x0, 0x0, 0x0, 0x1, 0x1, 0x0, 0x0, 0x10, 0x43, 0x0, 
	0x1e, 0x0, 0x0, 0x0, 0x0, 0x0, 0x0, 0x1, 0x1, 0x2, 0x0, 0x0, 0x10, 0x61, 0x0, 0x19, 
	0x0, 0x0, 0x0, 0x0, 0x10, 0x7a, 0x0, 0x4c, 0x0, 0x0, 0x0, 0x0, 0x0, 0x0, 0x1, 0x1, 
	0x2, 0x0, 0x0, 0x10, 0xc6, 0x0, 0x1f, 0x0, 0x0, 0x0, 0x0, 0x10, 0xe5, 0x0, 0x53, 0x0, 
	0x0, 0x0, 0x0, 0x0, 0x0, 0x1, 0x1, 0x4, 0x0, 0x0, 0x11, 0x38, 0x0, 0x85, 0x0, 0x0, 
	0x0, 0x0, 0x11, 0xbd, 0x0, 0x5d, 0x0, 0x0, 0x0, 0x0, 0x12, 0x1a, 0x0, 0x89, 0x0, 0x0, 
	0x0, 0x0, 0x12, 0xa3, 0x0, 0x6d, 0x0, 0x0, 0x0, 0x0, 0x0, 0x0, 0x1, 0x1, 0x1, 0x0, 
	0x0, 0x13, 0x10, 0x0, 0x66, 0x0, 0x0, 0x0, 0x0, 0x0, 0x0, 0x1, 0x1, 0x1, 0x0, 0x0, 
	0x13, 0x76, 0x0, 0x4d, 0x0, 0x0, 0x0, 0x0, 0x0, 0x0, 0x7, 0x1, 0x1, 0x0, 0x0, 0x13, 
	0xc3, 0x0, 0x4c, 0x0, 0x0, 0x0, 0x0, 0x0, 0x0, 0x2, 0x1, 0x0, 0x6e, 0x0, 0x0, 0x0, 
	0x0, 0x0, 0x0, 0x1, 0x1, 0x0, 0x0, 0x14, 0xf, 0x0, 0x13, 0x0, 0x0, 0x0, 0x0, 0x0, 
	0x0, 0x2, 0x1, 0x0, 0x70, 0x0, 0x0, 0x0, 0x0, 0x0, 0x0, 0x1, 0x3, 0x0, 0x0, 0x14, 
	0x22, 0x0, 0x49, 0x0, 0x0, 0x0, 0x0, 0x14, 0x6b, 0x0, 0x5f, 0x0, 0x0, 0x0, 0x0, 0x14, 
	0xca, 0x0, 0x11, 0x0, 0x0, 0x0, 0x0, 0x0, 0x0, 0x2, 0x1, 0x0, 0x3c, 0x0, 0x0, 0x0, 
	0x0, 0x0, 0x0, 0x1, 0x1, 0x0, 0x0, 0x14, 0xdb, 0x0, 0x22, 0x0, 0x0, 0x0, 0x0, 0x0, 
	0x0, 0x1, 0x1, 0x1, 0x0, 0x0, 0x14, 0xfd, 0x0, 0x3f, 0x0, 0x0, 0x0, 0x0, 0x0, 0x0, 
	0x1, 0x1, 0x1, 0x0, 0x0, 0x15, 0x3c, 0x0, 0x47, 0x0, 0x0, 0x0, 0x0, 0x0, 0x0, 0x1, 
	0x1, 0x2, 0x0, 0x0, 0x15, 0x83, 0x0, 0x51, 0x0, 0x0, 0x0, 0x0, 0x15, 0xd4, 0x0, 0x43, 
	0x0, 0x0, 0x0, 0x0, 0x0, 0x0, 0x1, 0x1, 0x1, 0x0, 0x0, 0x16, 0x17, 0x0, 0x44, 0x0, 
	0x0, 0x0, 0x0, 0x0, 0x0, 0x16, 0x5b, 0x50, 0xc4, 0x48, 0x21, 0x20, 0x44, 0x49, 0x52, 0x20, 
	0x4d, 0x41, 0x4e, 0x47, 0x45, 0x4c, 0x54, 0x20, 0x45, 0x53, 0x20, 0x41, 0x4e, 0x20, 0x54, 0x41, 
	0x4c, 0x45, 0x4e, 0x54, 0x2c, 0x20, 0x7e, 0x21, 0x20, 0x45, 0x53, 0x20, 0x46, 0x45, 0x48, 0x4c, 
	0x45, 0x4e, 0x20, 0x4e, 0x4f, 0x43, 0x48, 0x20, 0x40, 0x20, 0x42, 0x41, 0x4e, 0x41, 0x4e, 0x45, 
	0x4e, 0x20, 0x4d, 0x45, 0x44, 0x41, 0x4c, 0x4c, 0x49, 0x45, 0x4e, 0x2c, 0x20, 0x55, 0x4d, 0x20, 
	0x45, 0x49, 0x4e, 0x45, 0x20, 0x54, 0x4f, 0x4c, 0x4c, 0x45, 0x20, 0xdc, 0x42, 0x45, 0x52, 0x52, 
	0x41, 0x53, 0x43, 0x48, 0x55, 0x4e, 0x47, 0x20, 0x5a, 0x55, 0x20, 0x45, 0x52, 0x4c, 0x45, 0x42, 
	0x45, 0x4e, 0x21, 0x57, 0x41, 0x53, 0x20, 0x53, 0x54, 0x45, 0x48, 0x53, 0x54, 0x20, 0x44, 0x55, 
	0x20, 0x4e, 0x4f, 0x43, 0x48, 0x20, 0x48, 0x45, 0x52, 0x55, 0x4d, 0x3f, 0x20, 0x42, 0x45, 0x57, 
	0x45, 0x47, 0x45, 0x20, 0x44, 0x45, 0x49, 0x4e, 0x45, 0x4e, 0x20, 0x48, 0x49, 0x4e, 0x54, 0x45, 
	0x52, 0x4e, 0x21, 0x49, 0x43, 0x48, 0x20, 0x50, 0x4c, 0x41, 0x47, 0x45, 0x20, 0x4d, 0x49, 0x43, 
	0x48, 0x20, 0x4e, 0x4f, 0x43, 0x48, 0x20, 0x49, 0x4d, 0x4d, 0x45, 0x52, 0x20, 0x4d, 0x49, 0x54, 
	0x20, 0x44, 0x45, 0x52, 0x20, 0x52, 0x45, 0x5a, 0x45, 0x50, 0x54, 0x55, 0x52, 0x20, 0x45, 0x49, 
	0x4e, 0x45, 0x53, 0x20, 0x4e, 0x45, 0x55, 0x45, 0x4e, 0x20, 0x57, 0x55, 0x4e, 0x44, 0x45, 0x52, 
	0x54, 0x52, 0x41, 0x4e, 0x4b, 0x53, 0x20, 0x48, 0x45, 0x52, 0x55, 0x4d, 0x2e, 0x20, 0x44, 0x55, 
	0x20, 0x4b, 0x41, 0x4e, 0x4e, 0x53, 0x54, 0x20, 0x4a, 0x41, 0x20, 0x53, 0x4f, 0x4c, 0x41, 0x4e, 
	0x47, 0x45, 0x20, 0x57, 0x45, 0x49, 0x54, 0x45, 0x52, 0x53, 0x50, 0x49, 0x45, 0x4c, 0x45, 0x4e, 
	0x2e, 0x2e, 0x2e, 0x57, 0x41, 0x53, 0x20, 0x47, 0x45, 0x48, 0x54, 0x20, 0x41, 0x42, 0x3f, 0x20, 
	0x44, 0x55, 0x20, 0x48, 0x41, 0x53, 0x54, 0x20, 0x40, 0x20, 0x42, 0x41, 0x4e, 0x41, 0x4e, 0x45, 
	0x4e, 0x20, 0x4d, 0x45, 0x44, 0x41, 0x4c, 0x4c, 0x49, 0x45, 0x4e, 0x3f, 0x20, 0x53, 0x49, 0x4e, 
	0x44, 0x20, 0x44, 0x49, 0x45, 0x20, 0x45, 0x43, 0x48, 0x54, 0x3f, 0x20, 0x44, 0x49, 0x45, 0x20, 
	0x48, 0x41, 0x53, 0x54, 0x20, 0x44, 0x55, 0x20, 0x42, 0x45, 0x53, 0x54, 0x49, 0x4d, 0x4d, 0x54, 
	0x20, 0x47, 0x45, 0x46, 0xc4, 0x4c, 0x53, 0x43, 0x48, 0x54, 0x21, 0xc4, 0x48, 0x45, 0x4d, 0x2c, 
	0x20, 0x4d, 0x45, 0x49, 0x4e, 0x45, 0x20, 0xdc, 0x42, 0x45, 0x52, 0x52, 0x41, 0x53, 0x43, 0x48, 
	0x55, 0x4e, 0x47, 0x3f, 0x20, 0x4e, 0x55, 0x4e, 0x2c, 0x20, 0x49, 0x43, 0x48, 0x20, 0x48, 0x41, 
	0x42, 0x45, 0x20, 0x48, 0x49, 0x45, 0x52, 0x20, 0x45, 0x49, 0x4e, 0x20, 0x4b, 0x4c, 0x45, 0x49, 
	0x4e, 0x45, 0x53, 0x20, 0x53, 0x50, 0x49, 0x45, 0x4c, 0x20, 0x46, 0xdc, 0x52, 0x20, 0x44, 0x49, 
	0x43, 0x48, 0x20, 0x41, 0x55, 0x46, 0x20, 0x4d, 0x45, 0x49, 0x4e, 0x45, 0x4d, 0x20, 0x43, 0x4f, 
	0x4d, 0x50, 0x55, 0x54, 0x45, 0x52, 0x21, 0x44, 0x55, 0x20, 0x42, 0x52, 0x41, 0x55, 0x43, 0x48, 
	0x53, 0x54, 0x20, 0x35, 0x30, 0x30, 0x30, 0x20, 0x50, 0x55, 0x4e, 0x4b, 0x54, 0x45, 0x20, 0x46, 
	0xdc, 0x52, 0x20, 0x44, 0x49, 0x45, 0x20, 0x43, 0x48, 0x41, 0x4e, 0x43, 0x45, 0x20, 0x41, 0x55, 
	0x46, 0x20, 0x45, 0x49, 0x4e, 0x45, 0x20, 0x52, 0x41, 0x52, 0x45, 0x57, 0x41, 0x52, 0x45, 0x2d, 
	0x4d, 0xdc, 0x4e, 0x5a, 0x45, 0x2e, 0x20, 0x41, 0x42, 0x45, 0x52, 0x20, 0x44, 0x41, 0x53, 0x20, 
	0x50, 0x41, 0x43, 0x4b, 0x53, 0x54, 0x20, 0x44, 0x55, 0x20, 0x53, 0x4f, 0x57, 0x49, 0x45, 0x53, 
	0x4f, 0x20, 0x4e, 0x49, 0x43, 0x48, 0x54, 0x21, 0x50, 0x52, 0x4f, 0x42, 0x49, 0x45, 0x52, 0x27, 
	0x53, 0x20, 0x4d, 0x41, 0x4c, 0x21, 0x20, 0x45, 0x49, 0x4e, 0x45, 0x20, 0x4b, 0x4c, 0x45, 0x49, 
	0x4e, 0x45, 0x20, 0x4c, 0x41, 0x43, 0x48, 0x4e, 0x55, 0x4d, 0x4d, 0x45, 0x52, 0x20, 0x4b, 0x41, 
	0x4e, 0x4e, 0x20, 0x4e, 0x49, 0x45, 0x20, 0x53, 0x43, 0x48, 0x41, 0x44, 0x45, 0x4e, 0x21, 0x4e, 
	0x45, 0x52, 0x56, 0x45, 0x4e, 0x53, 0xc4, 0x47, 0x45, 0x21, 0x20, 0x4d, 0x45, 0x48, 0x52, 0x20, 
	0x54, 0x52, 0xc4, 0x4e, 0x4b, 0x45, 0x20, 0x4b, 0x41, 0x4e, 0x4e, 0x20, 0x49, 0x43, 0x48, 0x20, 
	0x45, 0x49, 0x4e, 0x46, 0x41, 0x43, 0x48, 0x20, 0x4e, 0x49, 0x43, 0x48, 0x54, 0x20, 0x42, 0x52, 
	0x41, 0x55, 0x45, 0x4e, 0x2c, 0x20, 0x7e, 0x2e, 0x45, 0x53, 0x20, 0x49, 0x53, 0x54, 0x20, 0x44, 
	0x45, 0x49, 0x4e, 0x45, 0x20, 0x53, 0x43, 0x48, 0x55, 0x4c, 0x44, 0x2c, 0x20, 0x57, 0x45, 0x4e, 
	0x4e, 0x20, 0x44, 0x55, 0x20, 0x44, 0x45, 0x49, 0x4e, 0x20, 0x4a, 0xc4, 0x4d, 0x4d, 0x45, 0x52, 
	0x4c, 0x49, 0x43, 0x48, 0x45, 0x53, 0x20, 0x41, 0x42, 0x45, 0x4e, 0x54, 0x45, 0x55, 0x45, 0x52, 
	0x20, 0x4a, 0x45, 0x54, 0x5a, 0x54, 0x20, 0x4e, 0x49, 0x43, 0x48, 0x54, 0x20, 0x5a, 0x55, 0x20, 
	0x45, 0x4e, 0x44, 0x45, 0x20, 0x42, 0x52, 0x49, 0x4e, 0x47, 0x45, 0x4e, 0x20, 0x4b, 0x41, 0x4e, 
	0x4e, 0x53, 0x54, 0x2e, 0x20, 0x49, 0x43, 0x48, 0x20, 0x48, 0x41, 0x42, 0x45, 0x20, 0x45, 0x49, 
	0x4e, 0x45, 0x4e, 0x20, 0x57, 0x45, 0x49, 0x54, 0x45, 0x52, 0x45, 0x4e, 0x20, 0x54, 0x52, 0x41, 
	0x4e, 0x4b, 0x20, 0x49, 0x4d, 0x20, 0x41, 0x4e, 0x47, 0x45, 0x42, 0x4f, 0x54, 0x2c, 0x20, 0x7e, 
	0x2e, 0x20, 0x46, 0xdc, 0x52, 0x20, 0x4e, 0x55, 0x52, 0x20, 0x40, 0x20, 0x4d, 0xdc, 0x4e, 0x5a, 
	0x45, 0x4e, 0x20, 0x47, 0x45, 0x48, 0xd6, 0x52, 0x54, 0x20, 0x45, 0x52, 0x20, 0x44, 0x49, 0x52, 
	0x21, 0x44, 0x55, 0x20, 0x46, 0x4c, 0xd6, 0x54, 0x45, 0x20, 0x57, 0x49, 0x52, 0x53, 0x54, 0x20, 
	0x4f, 0x48, 0x4e, 0x45, 0x20, 0x49, 0x48, 0x4e, 0x20, 0x4e, 0x49, 0x43, 0x48, 0x54, 0x53, 0x20, 
	0x45, 0x52, 0x52, 0x45, 0x49, 0x43, 0x48, 0x45, 0x4e, 0x2c, 0x20, 0x41, 0x4c, 0x53, 0x4f, 0x20, 
	0x5a, 0x41, 0x48, 0x4c, 0x45, 0x20, 0x4c, 0x49, 0x45, 0x42, 0x45, 0x52, 0x21, 0x57, 0x41, 0x53, 
	0x20, 0x49, 0x53, 0x54, 0x20, 0x4c, 0x4f, 0x53, 0x2c, 0x20, 0x7e, 0x3f, 0x20, 0x48, 0x41, 0x53, 
	0x54, 0x20, 0x44, 0x55, 0x20, 0x45, 0x54, 0x57, 0x41, 0x20, 0x4c, 0xd6, 0x43, 0x48, 0x45, 0x52, 
	0x20, 0x49, 0x4e, 0x20, 0x44, 0x45, 0x4e, 0x20, 0x54, 0x41, 0x53, 0x43, 0x48, 0x45, 0x4e, 0x3f, 
	0x20, 0x49, 0x43, 0x48, 0x20, 0x48, 0x41, 0x42, 0x45, 0x20, 0x45, 0x49, 0x4e, 0x45, 0x4e, 0x20, 
	0x57, 0x45, 0x49, 0x54, 0x45, 0x52, 0x45, 0x4e, 0x20, 0x54, 0x52, 0x41, 0x4e, 0x4b, 0x20, 0x46, 
	0x45, 0x52, 0x54, 0x49, 0x47, 0x2e, 0x20, 0x44, 0x4f, 0x43, 0x48, 0x20, 0x44, 0x45, 0x52, 0x20, 
	0x42, 0x4c, 0x45, 0x49, 0x42, 0x54, 0x20, 0x48, 0x49, 0x45, 0x52, 0x2c, 0x20, 0x42, 0x49, 0x53, 
	0x20, 0x49, 0x43, 0x48, 0x20, 0x40, 0x20, 0x4d, 0xdc, 0x4e, 0x5a, 0x45, 0x4e, 0x20, 0x44, 0x41, 
	0x46, 0xdc, 0x52, 0x20, 0x42, 0x45, 0x4b, 0x4f, 0x4d, 0x4d, 0x45, 0x21, 0x4d, 0x45, 0x48, 0x52, 
	0x20, 0x47, 0x49, 0x42, 0x54, 0x27, 0x53, 0x20, 0x4e, 0x49, 0x43, 0x48, 0x54, 0x21, 0x20, 0x57, 
	0x49, 0x52, 0x20, 0x53, 0x45, 0x48, 0x45, 0x4e, 0x20, 0x55, 0x4e, 0x53, 0x20, 0x49, 0x4d, 0x20, 
	0x4e, 0xc4, 0x43, 0x48, 0x53, 0x54, 0x45, 0x4e, 0x20, 0x4c, 0x45, 0x56, 0x45, 0x4c, 0x21, 0x4d, 
	0x45, 0x48, 0x52, 0x20, 0x54, 0x52, 0xc4, 0x4e, 0x4b, 0x45, 0x20, 0x47, 0x49, 0x42, 0x54, 0x20, 
	0x45, 0x53, 0x20, 0x4e, 0x49, 0x43, 0x48, 0x54, 0x2c, 0x20, 0x7e, 0x2e, 0x20, 0x48, 0x41, 0x55, 
	0x20, 0x4a, 0x45, 0x54, 0x5a, 0x54, 0x20, 0x41, 0x42, 0x20, 0x55, 0x4e, 0x44, 0x20, 0x4c, 0x41, 
	0x53, 0x53, 0x20, 0x4d, 0x49, 0x43, 0x48, 0x20, 0x49, 0x4e, 0x20, 0x46, 0x52, 0x49, 0x45, 0x44, 
	0x45, 0x4e, 0x21, 0x44, 0x45, 0x49, 0x4e, 0x20, 0x47, 0x4c, 0xdc, 0x43, 0x4b, 0x53, 0x54, 0x41, 
	0x47, 0x2c, 0x20, 0x7e, 0x21, 0x20, 0x4b, 0x45, 0x49, 0x4e, 0x45, 0x20, 0x41, 0x48, 0x4e, 0x55, 
	0x4e, 0x47, 0x2c, 0x20, 0x57, 0x49, 0x45, 0x20, 0x44, 0x49, 0x52, 0x20, 0x44, 0x41, 0x53, 0x20, 
	0x47, 0x45, 0x4c, 0x55, 0x4e, 0x47, 0x45, 0x4e, 0x20, 0x49, 0x53, 0x54, 0x2c, 0x20, 0x41, 0x42, 
	0x45, 0x52, 0x20, 0x45, 0x53, 0x20, 0x52, 0x45, 0x49, 0x43, 0x48, 0x54, 0x20, 0x46, 0xdc, 0x52, 
	0x20, 0x44, 0x45, 0x4e, 0x20, 0x4e, 0xc4, 0x43, 0x48, 0x53, 0x54, 0x45, 0x4e, 0x20, 0x54, 0x52, 
	0x41, 0x4e, 0x4b, 0x21, 0x20, 0x48, 0x41, 0x42, 0x45, 0x20, 0x49, 0x43, 0x48, 0x20, 0x45, 0x53, 
	0x20, 0x4d, 0x49, 0x52, 0x20, 0x44, 0x4f, 0x43, 0x48, 0x20, 0x47, 0x45, 0x44, 0x41, 0x43, 0x48, 
	0x54, 0x2e, 0x20, 0x44, 0x45, 0x52, 0x20, 0x47, 0x55, 0x54, 0x45, 0x20, 0x41, 0x4c, 0x54, 0x45, 
	0x20, 0x43, 0x52, 0x41, 0x4e, 0x4b, 0x59, 0x20, 0x48, 0xc4, 0x4c, 0x54, 0x20, 0x45, 0x49, 0x4e, 
	0x45, 0x4e, 0x20, 0x57, 0x45, 0x49, 0x54, 0x45, 0x52, 0x45, 0x4e, 0x20, 0x54, 0x52, 0x41, 0x4e, 
	0x4b, 0x20, 0x42, 0x45, 0x52, 0x45, 0x49, 0x54, 0x20, 0x55, 0x4e, 0x44, 0x20, 0x44, 0x49, 0x52, 
	0x20, 0x46, 0x45, 0x48, 0x4c, 0x45, 0x4e, 0x20, 0x44, 0x49, 0x45, 0x20, 0x50, 0x4f, 0x50, 0x45, 
	0x4c, 0x49, 0x47, 0x45, 0x4e, 0x20, 0x40, 0x20, 0x4d, 0xdc, 0x4e, 0x5a, 0x45, 0x4e, 0x20, 0x44, 
	0x41, 0x46, 0xdc, 0x52, 0x2e, 0x20, 0x4b, 0xdc, 0x4d, 0x4d, 0x45, 0x52, 0x45, 0x20, 0x44, 0x49, 
	0x43, 0x48, 0x20, 0x55, 0x4d, 0x20, 0x44, 0x45, 0x4e, 0x20, 0x52, 0x45, 0x53, 0x54, 0x2c, 0x20, 
	0x44, 0x55, 0x20, 0x47, 0x55, 0x52, 0x4b, 0x45, 0x21, 0x48, 0x41, 0x21, 0x20, 0x41, 0x55, 0x46, 
	0x20, 0x4b, 0x4e, 0x49, 0x45, 0x4e, 0x20, 0x57, 0x49, 0x52, 0x53, 0x54, 0x20, 0x44, 0x55, 0x20, 
	0x41, 0x4e, 0x47, 0x45, 0x52, 0x55, 0x54, 0x53, 0x43, 0x48, 0x54, 0x20, 0x4b, 0x4f, 0x4d, 0x4d, 
	0x45, 0x4e, 0x20, 0x55, 0x4e, 0x44, 0x20, 0x55, 0x4d, 0x20, 0x44, 0x45, 0x4e, 0x20, 0x54, 0x52, 
	0x41, 0x4e, 0x4b, 0x20, 0x42, 0x45, 0x54, 0x54, 0x45, 0x4c, 0x4e, 0x21, 0x44, 0x45, 0x52, 0x20, 
	0x52, 0x49, 0x54, 0x54, 0x20, 0x41, 0x55, 0x46, 0x20, 0x44, 0x45, 0x4e, 0x20, 0x46, 0x45, 0x55, 
	0x52, 0x49, 0x47, 0x45, 0x4e, 0x20, 0x4b, 0x41, 0x4e, 0x4f, 0x4e, 0x45, 0x4e, 0x46, 0xc4, 0x53, 
	0x53, 0x45, 0x52, 0x4e, 0x20, 0x4b, 0x41, 0x4e, 0x4e, 0x20, 0x42, 0x45, 0x47, 0x49, 0x4e, 0x4e, 
	0x45, 0x4e, 0x21, 0x46, 0x49, 0x4e, 0x44, 0x45, 0x20, 0x44, 0x49, 0x45, 0x20, 0x50, 0x4c, 0x41, 
	0x54, 0x54, 0x45, 0x20, 0x4d, 0x49, 0x54, 0x20, 0x44, 0x45, 0x49, 0x4e, 0x45, 0x4d, 0x20, 0x53, 
	0x43, 0x48, 0xc4, 0x42, 0x49, 0x47, 0x45, 0x4e, 0x20, 0x47, 0x45, 0x53, 0x49, 0x43, 0x48, 0x54, 
	0x20, 0x55, 0x4e, 0x44, 0x20, 0x44, 0x52, 0xdc, 0x43, 0x4b, 0x45, 0x55, 0x4d, 0x20, 0x4c, 0x4f, 
	0x53, 0x5a, 0x55, 0x4c, 0x45, 0x47, 0x45, 0x4e, 0x21, 0x44, 0x52, 0xdc, 0x43, 0x4b, 0x45, 0x55, 
	0x4d, 0x20, 0x44, 0x49, 0x43, 0x48, 0x20, 0x41, 0x42, 0x5a, 0x55, 0x46, 0x45, 0x55, 0x45, 0x52, 
	0x4e, 0x21, 0x4e, 0x55, 0x4e, 0x20, 0x48, 0x41, 0x53, 0x54, 0x20, 0x44, 0x55, 0x20, 0x41, 0x46, 
	0x46, 0x45, 0x4e, 0x53, 0x54, 0x41, 0x52, 0x4b, 0x45, 0x20, 0x53, 0x43, 0x48, 0x55, 0x4c, 0x54, 
	0x45, 0x52, 0x4e, 0x21, 0x20, 0x48, 0x41, 0x4c, 0x54, 0x45, 0x47, 0x45, 0x44, 0x52, 0xdc, 0x43, 
	0x4b, 0x54, 0x20, 0x55, 0x4e, 0x44, 0x20, 0x44, 0x52, 0xdc, 0x43, 0x4b, 0x45, 0x48, 0x4d, 0x4d, 
	0x2e, 0x2e, 0x2e, 0x20, 0x45, 0x49, 0x47, 0x45, 0x4e, 0x54, 0x4c, 0x49, 0x43, 0x48, 0x20, 0x5a, 
	0x55, 0x20, 0x53, 0x43, 0x48, 0x41, 0x44, 0x45, 0x20, 0x46, 0xdc, 0x52, 0x20, 0x44, 0x49, 0x43, 
	0x48, 0x2c, 0x20, 0x7e, 0x2e, 0x4a, 0x45, 0x54, 0x5a, 0x54, 0x20, 0x4b, 0x41, 0x4e, 0x4e, 0x53, 
	0x54, 0x20, 0x44, 0x55, 0x20, 0x44, 0x49, 0x45, 0x20, 0x53, 0x50, 0x45, 0x5a, 0x49, 0x41, 0x4c, 
	0x46, 0xc4, 0x53, 0x53, 0x45, 0x52, 0x20, 0x4d, 0x49, 0x54, 0x20, 0x44, 0x45, 0x49, 0x4e, 0x45, 
	0x4d, 0x20, 0x47, 0x45, 0x53, 0x49, 0x43, 0x48, 0x54, 0x20, 0x44, 0x52, 0x41, 0x55, 0x46, 0x20, 
	0x4e, 0x55, 0x54, 0x5a, 0x45, 0x4e, 0x2e, 0x53, 0x50, 0x52, 0x49, 0x4e, 0x47, 0x45, 0x20, 0x48, 
	0x49, 0x4e, 0x45, 0x49, 0x4e, 0x20, 0x55, 0x4e, 0x44, 0x20, 0x53, 0x45, 0x49, 0x20, 0x4e, 0x49, 
	0x43, 0x48, 0x54, 0x20, 0xdc, 0x42, 0x45, 0x52, 0x52, 0x41, 0x53, 0x43, 0x48, 0x54, 0x2c, 0x20, 
	0x57, 0x45, 0x4e, 0x4e, 0x20, 0x44, 0x55, 0x20, 0x44, 0x49, 0x45, 0x20, 0x47, 0x52, 0xd6, 0x53, 
	0x53, 0x45, 0x20, 0x57, 0x45, 0x43, 0x48, 0x53, 0x45, 0x4c, 0x53, 0x54, 0x21, 0x41, 0x43, 0x48, 
	0x54, 0x45, 0x20, 0x44, 0x41, 0x42, 0x45, 0x49, 0x20, 0x41, 0x42, 0x45, 0x52, 0x20, 0x41, 0x55, 
	0x46, 0x20, 0x44, 0x45, 0x49, 0x4e, 0x45, 0x4e, 0x20, 0x56, 0x4f, 0x52, 0x52, 0x41, 0x54, 0x20, 
	0x41, 0x4e, 0x20, 0x4b, 0x52, 0x49, 0x53, 0x54, 0x41, 0x4c, 0x4c, 0x20, 0x4b, 0x4f, 0x4b, 0x4f, 
	0x53, 0x4e, 0xdc, 0x53, 0x53, 0x45, 0x4e, 0x21, 0x44, 0x41, 0x4e, 0x4b, 0x20, 0x44, 0x49, 0x45, 
	0x53, 0x45, 0x53, 0x20, 0x48, 0x41, 0x4e, 0x44, 0x4c, 0x49, 0x43, 0x48, 0x45, 0x4e, 0x20, 0x4d, 
	0x4f, 0x56, 0x45, 0x53, 0x20, 0x4b, 0x41, 0x4e, 0x4e, 0x53, 0x54, 0x20, 0x44, 0x55, 0x20, 0x53, 
	0x54, 0x45, 0x49, 0x4c, 0x45, 0x20, 0x48, 0xdc, 0x47, 0x45, 0x4c, 0x20, 0x48, 0x49, 0x4e, 0x41, 
	0x55, 0x46, 0x53, 0x54, 0x45, 0x49, 0x47, 0x45, 0x4e, 0x21, 0x53, 0x4f, 0x47, 0x41, 0x52, 0x20, 
	0x44, 0x55, 0x20, 0x48, 0x4f, 0x48, 0x4c, 0x52, 0x4f, 0x4c, 0x4c, 0x45, 0x52, 0x20, 0x57, 0x49, 
	0x52, 0x53, 0x54, 0x20, 0x44, 0x41, 0x53, 0x20, 0x4b, 0x41, 0x50, 0x49, 0x45, 0x52, 0x45, 0x4e, 
	0x2c, 0x20, 0x7e, 0x2e, 0x20, 0x48, 0x41, 0x4c, 0x54, 0x45, 0x47, 0x45, 0x44, 0x52, 0xdc, 0x43, 
	0x4b, 0x54, 0x20, 0x55, 0x4e, 0x44, 0x20, 0x42, 0x45, 0x4e, 0x55, 0x54, 0x5a, 0x45, 0x48, 0x41, 
	0x4c, 0x54, 0x45, 0x47, 0x45, 0x44, 0x52, 0xdc, 0x43, 0x4b, 0x54, 0x2c, 0x20, 0x55, 0x4d, 0x20, 
	0x49, 0x4d, 0x20, 0x48, 0x41, 0x4e, 0x44, 0x53, 0x54, 0x41, 0x4e, 0x44, 0x20, 0x57, 0x45, 0x49, 
	0x54, 0x45, 0x52, 0x5a, 0x55, 0x46, 0x4c, 0x49, 0x54, 0x5a, 0x45, 0x4e, 0x2e, 0x48, 0xd6, 0x52, 
	0x20, 0x5a, 0x55, 0x2c, 0x20, 0x44, 0x4b, 0x2e, 0x20, 0x53, 0x50, 0x52, 0x49, 0x4e, 0x47, 0x20, 
	0x49, 0x4e, 0x20, 0x44, 0x41, 0x53, 0x20, 0x46, 0x41, 0x53, 0x53, 0x2c, 0x20, 0x57, 0x45, 0x4c, 
	0x43, 0x48, 0x45, 0x53, 0x20, 0x44, 0x45, 0x49, 0x4e, 0x45, 0x20, 0x50, 0x45, 0x4c, 0x5a, 0x49, 
	0x47, 0x45, 0x20, 0x56, 0x49, 0x53, 0x41, 0x47, 0x45, 0x20, 0x54, 0x52, 0xc4, 0x47, 0x54, 0x2e, 
	0x20, 0x53, 0x43, 0x48, 0x4f, 0x4e, 0x20, 0x42, 0x49, 0x53, 0x54, 0x20, 0x44, 0x55, 0x20, 0x53, 
	0x4f, 0x4c, 0x41, 0x4e, 0x47, 0x45, 0x20, 0x55, 0x4e, 0x56, 0x45, 0x52, 0x57, 0x55, 0x4e, 0x44, 
	0x42, 0x41, 0x52, 0x2c, 0x20, 0x42, 0x49, 0x53, 0x20, 0x44, 0x45, 0x49, 0x4e, 0x20, 0x56, 0x4f, 
	0x52, 0x52, 0x41, 0x54, 0x20, 0x41, 0x4e, 0x20, 0x4b, 0x52, 0x49, 0x53, 0x54, 0x41, 0x4c, 0x4c, 
	0x20, 0x4b, 0x4f, 0x4b, 0x4f, 0x53, 0x4e, 0xdc, 0x53, 0x53, 0x45, 0x4e, 0x20, 0x45, 0x52, 0x53, 
	0x43, 0x48, 0xd6, 0x50, 0x46, 0x54, 0x20, 0x49, 0x53, 0x54, 0x21, 0x4e, 0x41, 0x20, 0x47, 0x55, 
	0x54, 0x21, 0x20, 0x53, 0x50, 0x52, 0x49, 0x4e, 0x47, 0x20, 0x49, 0x4e, 0x20, 0x44, 0x41, 0x53, 
	0x20, 0x46, 0x41, 0x53, 0x53, 0x2c, 0x20, 0x44, 0x41, 0x53, 0x20, 0x44, 0x45, 0x49, 0x4e, 0x20, 
	0x47, 0x45, 0x53, 0x49, 0x43, 0x48, 0x54, 0x20, 0x5a, 0x45, 0x49, 0x47, 0x54, 0x2c, 0x20, 0x55, 
	0x4e, 0x44, 0x20, 0x50, 0x52, 0x4f, 0x42, 0x49, 0x45, 0x52, 0x20, 0x44, 0x45, 0x4e, 0x20, 0x50, 
	0x52, 0x4f, 0x54, 0x4f, 0x54, 0x59, 0x50, 0x45, 0x4e, 0x20, 0x4d, 0x45, 0x49, 0x4e, 0x45, 0x53, 
	0x20, 0x52, 0x41, 0x4b, 0x45, 0x54, 0x45, 0x4e, 0x20, 0x52, 0x4f, 0x43, 0x4b, 0x45, 0x52, 0x53, 
	0x20, 0x41, 0x55, 0x53, 0x21, 0x48, 0x4d, 0x4d, 0x2e, 0x2e, 0x2e, 0x20, 0x49, 0x43, 0x48, 0x20, 
	0x57, 0x45, 0x49, 0x53, 0x53, 0x20, 0x4e, 0x49, 0x43, 0x48, 0x54, 0x2c, 0x20, 0x4f, 0x42, 0x20, 
	0x44, 0x55, 0x20, 0x44, 0x49, 0x45, 0x53, 0x45, 0x53, 0x20, 0x46, 0x45, 0x49, 0x4e, 0x45, 0x20, 
	0x54, 0x45, 0x49, 0x4c, 0x20, 0xdc, 0x42, 0x45, 0x52, 0x48, 0x41, 0x55, 0x50, 0x54, 0x20, 0x56, 
	0x45, 0x52, 0x44, 0x49, 0x45, 0x4e, 0x53, 0x54, 0x21, 0x41, 0x55, 0x46, 0x20, 0x49, 0x4e, 0x20, 
	0x44, 0x49, 0x45, 0x20, 0x4c, 0xdc, 0x46, 0x54, 0x45, 0x21, 0x20, 0x44, 0x4f, 0x43, 0x48, 0x20, 
	0x53, 0x45, 0x49, 0x20, 0x47, 0x45, 0x57, 0x41, 0x52, 0x4e, 0x54, 0x2c, 0x20, 0x44, 0x45, 0x52, 
	0x20, 0x56, 0x45, 0x52, 0x42, 0x52, 0x41, 0x55, 0x43, 0x48, 0x20, 0x41, 0x4e, 0x20, 0x4b, 0x52, 
	0x49, 0x53, 0x54, 0x41, 0x4c, 0x4c, 0x20, 0x4b, 0x4f, 0x4b, 0x4f, 0x53, 0x4e, 0xdc, 0x53, 0x53, 
	0x45, 0x4e, 0x20, 0x49, 0x53, 0x54, 0x20, 0x4e, 0x49, 0x43, 0x48, 0x54, 0x20, 0x47, 0x45, 0x52, 
	0x41, 0x44, 0x45, 0x20, 0x4e, 0x49, 0x45, 0x44, 0x52, 0x49, 0x47, 0x2e, 0x20, 0x48, 0x49, 0x48, 
	0x49, 0x48, 0x49, 0x2e, 0x2e, 0x2e, 0x44, 0x52, 0xdc, 0x43, 0x4b, 0x45, 0x46, 0xdc, 0x52, 0x20, 
	0x53, 0x43, 0x48, 0x55, 0x42, 0x20, 0x55, 0x4e, 0x44, 0x55, 0x4d, 0x20, 0x5a, 0x55, 0x20, 0x53, 
	0x43, 0x48, 0x57, 0x45, 0x42, 0x45, 0x4e, 0x2e, 0x20, 0x4d, 0x49, 0x54, 0x46, 0x45, 0x55, 0x45, 
	0x52, 0x53, 0x54, 0x20, 0x44, 0x55, 0x20, 0x44, 0x45, 0x49, 0x4e, 0x45, 0x20, 0x53, 0x48, 0x4f, 
	0x4f, 0x54, 0x45, 0x52, 0x20, 0x41, 0x42, 0x21, 0x20, 0x41, 0x42, 0x47, 0x45, 0x46, 0x41, 0x48, 
	0x52, 0x45, 0x4e, 0x2c, 0x20, 0x57, 0x41, 0x53, 0x3f, 0x45, 0x53, 0x20, 0x57, 0x49, 0x52, 0x44, 
	0x20, 0x5a, 0x45, 0x49, 0x54, 0x2c, 0x20, 0x44, 0x41, 0x53, 0x53, 0x20, 0x44, 0x55, 0x20, 0x4d, 
	0x49, 0x54, 0x20, 0x44, 0x45, 0x49, 0x4e, 0x45, 0x4e, 0x20, 0x41, 0x4c, 0x42, 0x45, 0x52, 0x4e, 
	0x45, 0x4e, 0x20, 0x48, 0x41, 0x41, 0x52, 0x45, 0x4e, 0x20, 0x45, 0x54, 0x57, 0x41, 0x53, 0x20, 
	0x53, 0x49, 0x4e, 0x4e, 0x56, 0x4f, 0x4c, 0x4c, 0x45, 0x53, 0x20, 0x41, 0x4e, 0x53, 0x54, 0x45, 
	0x4c, 0x4c, 0x53, 0x54, 0x2c, 0x20, 0x7e, 0x2e, 0x20, 0x44, 0x41, 0x4d, 0x49, 0x54, 0x20, 0x4b, 
	0x41, 0x4e, 0x4e, 0x53, 0x54, 0x20, 0x44, 0x55, 0x20, 0x44, 0x45, 0x49, 0x4e, 0x20, 0x4b, 0x4c, 
	0xc4, 0x47, 0x4c, 0x49, 0x43, 0x48, 0x45, 0x53, 0x20, 0x53, 0x50, 0x52, 0x55, 0x4e, 0x47, 0x54, 
	0x41, 0x4c, 0x45, 0x4e, 0x54, 0x20, 0x41, 0x55, 0x46, 0x4d, 0xd6, 0x42, 0x45, 0x4c, 0x4e, 0x21, 
	0x44, 0x52, 0xdc, 0x43, 0x4b, 0x45, 0x55, 0x4d, 0x20, 0x5a, 0x55, 0x20, 0x53, 0x50, 0x52, 0x49, 
	0x4e, 0x47, 0x45, 0x4e, 0x20, 0x55, 0x4e, 0x44, 0x20, 0x48, 0x41, 0x4c, 0x54, 0x45, 0x47, 0x45, 
	0x44, 0x52, 0xdc, 0x43, 0x4b, 0x54, 0x2c, 0x20, 0x57, 0x45, 0x4e, 0x4e, 0x20, 0x44, 0x55, 0x20, 
	0x49, 0x4e, 0x20, 0x44, 0x45, 0x52, 0x20, 0x4c, 0x55, 0x46, 0x54, 0x20, 0x42, 0x49, 0x53, 0x54, 
	0x2e, 0x20, 0x41, 0x55, 0x46, 0x2c, 0x20, 0x44, 0x55, 0x20, 0x4b, 0x4c, 0x45, 0x49, 0x4e, 0x45, 
	0x52, 0x20, 0x57, 0x49, 0x52, 0x42, 0x45, 0x4c, 0x57, 0x49, 0x4e, 0x44, 0x21, 0x20, 0x44, 0x55, 
	0x20, 0x4b, 0x4c, 0x45, 0x49, 0x4e, 0x48, 0x49, 0x52, 0x4e, 0x20, 0x4c, 0xc4, 0x53, 0x53, 0x54, 
	0x20, 0x44, 0x4f, 0x43, 0x48, 0x20, 0x47, 0x45, 0x52, 0x4e, 0x20, 0x44, 0x49, 0x45, 0x20, 0x46, 
	0xc4, 0x55, 0x53, 0x54, 0x45, 0x20, 0x53, 0x50, 0x52, 0x45, 0x43, 0x48, 0x45, 0x4e, 0x2e, 0x20, 
	0x44, 0x41, 0x53, 0x20, 0x48, 0x49, 0x45, 0x52, 0x20, 0x44, 0xdc, 0x52, 0x46, 0x54, 0x45, 0x20, 
	0x41, 0x4c, 0x53, 0x4f, 0x20, 0x50, 0x45, 0x52, 0x46, 0x45, 0x4b, 0x54, 0x20, 0x5a, 0x55, 0x20, 
	0x44, 0x49, 0x52, 0x20, 0x50, 0x41, 0x53, 0x53, 0x45, 0x4e, 0x21, 0x48, 0x41, 0x4c, 0x54, 0x45, 
	0x55, 0x4e, 0x44, 0x20, 0x44, 0x52, 0xdc, 0x43, 0x4b, 0x45, 0x55, 0x4d, 0x20, 0x5a, 0x55, 0x20, 
	0x56, 0x45, 0x52, 0x4d, 0xd6, 0x42, 0x45, 0x4c, 0x4e, 0x2c, 0x20, 0x57, 0x41, 0x53, 0x20, 0x44, 
	0x49, 0x52, 0x20, 0x49, 0x4e, 0x20, 0x44, 0x49, 0x45, 0x20, 0x51, 0x55, 0x45, 0x52, 0x45, 0x20, 
	0x4b, 0x4f, 0x4d, 0x4d, 0x54, 0x21, 0x5a, 0x45, 0x49, 0x54, 0x20, 0x5a, 0x55, 0x4d, 0x20, 0x41, 
	0x42, 0x48, 0x45, 0x42, 0x45, 0x4e, 0x2c, 0x20, 0x7e, 0x21, 0x20, 0x53, 0x55, 0x43, 0x48, 0x45, 
	0x20, 0x45, 0x49, 0x4e, 0x45, 0x20, 0x50, 0x4c, 0x41, 0x54, 0x54, 0x45, 0x20, 0x4d, 0x49, 0x54, 
	0x20, 0x44, 0x45, 0x49, 0x4e, 0x45, 0x4d, 0x20, 0x47, 0x45, 0x53, 0x49, 0x43, 0x48, 0x54, 0x2c, 
	0x20, 0x44, 0x41, 0x4e, 0x4e, 0x20, 0x4b, 0x41, 0x4e, 0x4e, 0x53, 0x54, 0x20, 0x44, 0x55, 0x20, 
	0x49, 0x4e, 0x20, 0x44, 0x49, 0x45, 0x20, 0x4c, 0x55, 0x46, 0x54, 0x20, 0x41, 0x55, 0x46, 0x53, 
	0x54, 0x45, 0x49, 0x47, 0x45, 0x4e, 0x21, 0x20, 0x44, 0x4f, 0x52, 0x54, 0x20, 0x44, 0x52, 0xdc, 
	0x43, 0x4b, 0x53, 0x54, 0x20, 0x44, 0x55, 0x55, 0x4d, 0x20, 0x44, 0x49, 0x43, 0x48, 0x20, 0x41, 
	0x55, 0x46, 0x5a, 0x55, 0x50, 0x55, 0x4d, 0x50, 0x45, 0x4e, 0x20, 0x55, 0x4e, 0x44, 0x55, 0x4d, 
	0x20, 0x4c, 0x55, 0x46, 0x54, 0x20, 0x41, 0x42, 0x5a, 0x55, 0x4c, 0x41, 0x53, 0x53, 0x45, 0x4e, 
	0x2e, 0x20, 0x4b, 0x45, 0x49, 0x4e, 0x45, 0x20, 0x41, 0x48, 0x4e, 0x55, 0x4e, 0x47, 0x2c, 0x20, 
	0x57, 0x4f, 0x46, 0xdc, 0x52, 0x20, 0x44, 0x41, 0x53, 0x20, 0x47, 0x55, 0x54, 0x20, 0x53, 0x45, 
	0x49, 0x4e, 0x20, 0x53, 0x4f, 0x4c, 0x4c, 0x21, 0x4d, 0x41, 0x4c, 0x20, 0x53, 0x45, 0x48, 0x45, 
	0x4e, 0x2c, 0x20, 0x4f, 0x42, 0x20, 0x44, 0x55, 0x20, 0x57, 0x49, 0x52, 0x4b, 0x4c, 0x49, 0x43, 
	0x48, 0x20, 0x53, 0x4f, 0x20, 0x53, 0x54, 0x41, 0x52, 0x4b, 0x20, 0x42, 0x49, 0x53, 0x54, 0x2c, 
	0x20, 0x57, 0x49, 0x45, 0x20, 0x4d, 0x41, 0x4e, 0x20, 0x53, 0x41, 0x47, 0x54, 0x21, 0x53, 0x55, 
	0x43, 0x48, 0x45, 0x20, 0x45, 0x49, 0x4e, 0x45, 0x4e, 0x20, 0x48, 0x45, 0x42, 0x45, 0x4c, 0x2c, 
	0x20, 0x53, 0x54, 0x45, 0x4c, 0x4c, 0x20, 0x44, 0x49, 0x43, 0x48, 0x20, 0x44, 0x41, 0x56, 0x4f, 
	0x52, 0x20, 0x55, 0x4e, 0x44, 0x20, 0x44, 0x52, 0xdc, 0x43, 0x4b, 0x45, 0x55, 0x4e, 0x44, 0x20, 
	0x56, 0x45, 0x52, 0x53, 0x55, 0x43, 0x48, 0x45, 0x20, 0x49, 0x48, 0x4e, 0x20, 0x55, 0x4d, 0x5a, 
	0x55, 0x4c, 0x45, 0x47, 0x45, 0x4e, 0x2e, 0x20, 0x49, 0x43, 0x48, 0x20, 0x57, 0x45, 0x54, 0x54, 
	0x45, 0x2c, 0x20, 0x44, 0x55, 0x20, 0x50, 0x41, 0x43, 0x4b, 0x53, 0x54, 0x20, 0x45, 0x53, 0x20, 
	0x4e, 0x49, 0x43, 0x48, 0x54, 0x21, 0x53, 0x45, 0x4c, 0x42, 0x53, 0x54, 0x20, 0x49, 0x43, 0x48, 
	0x20, 0x4b, 0x41, 0x4e, 0x4e, 0x20, 0x48, 0xd6, 0x48, 0x45, 0x52, 0x20, 0x41, 0x4c, 0x53, 0x20, 
	0x44, 0x55, 0x20, 0x53, 0x50, 0x52, 0x49, 0x4e, 0x47, 0x45, 0x4e, 0x2c, 0x20, 0x7e, 0x2e, 0x20, 
	0x49, 0x43, 0x48, 0x20, 0x4d, 0x55, 0x53, 0x53, 0x20, 0x44, 0x49, 0x52, 0x20, 0x57, 0x4f, 0x48, 
	0x4c, 0x20, 0x4e, 0x4f, 0x43, 0x48, 0x20, 0x45, 0x54, 0x57, 0x41, 0x53, 0x20, 0x55, 0x4e, 0x54, 
	0x45, 0x52, 0x20, 0x44, 0x49, 0x45, 0x20, 0x41, 0x52, 0x4d, 0x45, 0x20, 0x47, 0x52, 0x45, 0x49, 
	0x46, 0x45, 0x4e, 0x21, 0x46, 0x49, 0x4e, 0x44, 0x45, 0x20, 0x44, 0x49, 0x45, 0x20, 0x50, 0x4c, 
	0x41, 0x54, 0x54, 0x45, 0x20, 0x4d, 0x49, 0x54, 0x20, 0x44, 0x45, 0x49, 0x4e, 0x45, 0x4d, 0x20, 
	0x47, 0x45, 0x53, 0x49, 0x43, 0x48, 0x54, 0x20, 0x44, 0x52, 0x41, 0x55, 0x46, 0x21, 0x20, 0x44, 
	0x52, 0xdc, 0x43, 0x4b, 0x45, 0x55, 0x4e, 0x44, 0x20, 0x41, 0x42, 0x20, 0x47, 0x45, 0x48, 0x54, 
	0x27, 0x53, 0x20, 0x4e, 0x41, 0x43, 0x48, 0x20, 0x4f, 0x42, 0x45, 0x4e, 0x21, 0x53, 0x45, 0x4c, 
	0x42, 0x53, 0x54, 0x20, 0x4d, 0x49, 0x54, 0x20, 0x4b, 0x2e, 0x52, 0x4f, 0x4f, 0x4c, 0x20, 0x41, 
	0x55, 0x46, 0x20, 0x44, 0x45, 0x4d, 0x20, 0x52, 0xdc, 0x43, 0x4b, 0x45, 0x4e, 0x20, 0x57, 0xc4, 
	0x52, 0x45, 0x20, 0x49, 0x43, 0x48, 0x20, 0x4e, 0x4f, 0x43, 0x48, 0x20, 0x53, 0x43, 0x48, 0x4e, 
	0x45, 0x4c, 0x4c, 0x45, 0x52, 0x20, 0x41, 0x4c, 0x53, 0x20, 0x44, 0x55, 0x2c, 0x20, 0x7e, 0x21, 
	0x20, 0x44, 0x45, 0x53, 0x48, 0x41, 0x4c, 0x42, 0x20, 0x42, 0x52, 0x41, 0x55, 0x43, 0x48, 0x53, 
	0x54, 0x20, 0x44, 0x55, 0x20, 0x44, 0x49, 0x45, 0x53, 0x45, 0x4e, 0x20, 0x54, 0x52, 0x41, 0x4e, 
	0x4b, 0x21, 0x53, 0x50, 0x52, 0x49, 0x4e, 0x47, 0x20, 0x49, 0x4e, 0x20, 0x44, 0x41, 0x53, 0x20, 
	0x46, 0x41, 0x53, 0x53, 0x20, 0x4d, 0x49, 0x54, 0x20, 0x44, 0x45, 0x49, 0x4e, 0x45, 0x4d, 0x20, 
	0x47, 0x45, 0x53, 0x49, 0x43, 0x48, 0x54, 0x20, 0x55, 0x4e, 0x44, 0x20, 0x44, 0x55, 0x20, 0x47, 
	0x45, 0x48, 0x53, 0x54, 0x20, 0x41, 0x42, 0x20, 0x57, 0x49, 0x45, 0x20, 0x45, 0x49, 0x4e, 0x20, 
	0x47, 0x45, 0xd6, 0x4c, 0x54, 0x45, 0x52, 0x20, 0x42, 0x4c, 0x49, 0x54, 0x5a, 0x21, 0x41, 0x55, 
	0x46, 0x20, 0x44, 0x49, 0x45, 0x53, 0x45, 0x20, 0x45, 0x52, 0x46, 0x49, 0x4e, 0x44, 0x55, 0x4e, 
	0x47, 0x20, 0x42, 0x49, 0x4e, 0x20, 0x49, 0x43, 0x48, 0x20, 0x42, 0x45, 0x53, 0x4f, 0x4e, 0x44, 
	0x45, 0x52, 0x53, 0x20, 0x53, 0x54, 0x4f, 0x4c, 0x5a, 0x2c, 0x20, 0x7e, 0x2e, 0x20, 0x53, 0x54, 
	0x45, 0x4c, 0x4c, 0x20, 0x44, 0x49, 0x43, 0x48, 0x20, 0x41, 0x55, 0x46, 0x20, 0x44, 0x49, 0x45, 
	0x20, 0x50, 0x4c, 0x41, 0x54, 0x54, 0x45, 0x20, 0x4d, 0x49, 0x54, 0x20, 0x44, 0x45, 0x49, 0x4e, 
	0x45, 0x4d, 0x20, 0x47, 0x45, 0x53, 0x49, 0x43, 0x48, 0x54, 0x20, 0x55, 0x4e, 0x44, 0x20, 0x44, 
	0x52, 0xdc, 0x43, 0x4b, 0x45, 0x55, 0x4d, 0x20, 0x44, 0x49, 0x43, 0x48, 0x20, 0x5a, 0x55, 0x20, 
	0x50, 0x52, 0x49, 0x4d, 0x41, 0x54, 0x4f, 0x20, 0x50, 0x4f, 0x52, 0x54, 0x49, 0x45, 0x52, 0x45, 
	0x4e, 0x2e, 0x44, 0x55, 0x20, 0x57, 0xdc, 0x52, 0x44, 0x45, 0x53, 0x54, 0x20, 0x55, 0x4e, 0x53, 
	0x20, 0x41, 0x4c, 0x4c, 0x45, 0x4e, 0x20, 0x45, 0x49, 0x4e, 0x45, 0x4e, 0x20, 0x47, 0x45, 0x46, 
	0x41, 0x4c, 0x4c, 0x45, 0x4e, 0x20, 0x54, 0x55, 0x4e, 0x2c, 0x20, 0x57, 0x45, 0x4e, 0x4e, 0x20, 
	0x44, 0x55, 0x20, 0x44, 0x49, 0x45, 0x53, 0x45, 0x20, 0x45, 0x52, 0x46, 0x49, 0x4e, 0x44, 0x55, 
	0x4e, 0x47, 0x20, 0x4f, 0x46, 0x54, 0x20, 0x45, 0x49, 0x4e, 0x53, 0x45, 0x54, 0x5a, 0x54, 0x2c, 
	0x20, 0x7e, 0x21, 0x53, 0x54, 0x45, 0x4c, 0x4c, 0x20, 0x44, 0x49, 0x43, 0x48, 0x20, 0x41, 0x55, 
	0x46, 0x20, 0x44, 0x49, 0x45, 0x20, 0x50, 0x4c, 0x41, 0x54, 0x54, 0x45, 0x20, 0x4d, 0x49, 0x54, 
	0x20, 0x44, 0x45, 0x49, 0x4e, 0x45, 0x4d, 0x20, 0x47, 0x45, 0x53, 0x49, 0x43, 0x48, 0x54, 0x20, 
	0x55, 0x4e, 0x44, 0x20, 0x44, 0x52, 0xdc, 0x43, 0x4b, 0x45, 0x55, 0x4d, 0x20, 0x55, 0x4e, 0x53, 
	0x49, 0x43, 0x48, 0x54, 0x42, 0x41, 0x52, 0x20, 0x5a, 0x55, 0x20, 0x57, 0x45, 0x52, 0x44, 0x45, 
	0x4e, 0x2e, 0x20, 0x44, 0x41, 0x4e, 0x4e, 0x20, 0x4d, 0xdc, 0x53, 0x53, 0x45, 0x4e, 0x20, 0x57, 
	0x49, 0x52, 0x20, 0x44, 0x45, 0x49, 0x4e, 0x45, 0x20, 0x54, 0x52, 0x41, 0x55, 0x52, 0x49, 0x47, 
	0x45, 0x20, 0x45, 0x52, 0x53, 0x43, 0x48, 0x45, 0x49, 0x4e, 0x55, 0x4e, 0x47, 0x20, 0x4e, 0x49, 
	0x43, 0x48, 0x54, 0x20, 0x4c, 0xc4, 0x4e, 0x47, 0x45, 0x52, 0x20, 0x41, 0x4e, 0x53, 0x45, 0x48, 
	0x45, 0x4e, 0x21, 0x41, 0x55, 0x46, 0x47, 0x45, 0x50, 0x41, 0x53, 0x53, 0x54, 0x2c, 0x20, 0x7e, 
	0x21, 0x20, 0x44, 0x55, 0x20, 0x55, 0x4e, 0x44, 0x20, 0x44, 0x45, 0x49, 0x4e, 0x45, 0x20, 0x46, 
	0x52, 0x45, 0x55, 0x4e, 0x44, 0x45, 0x20, 0x4b, 0xd6, 0x4e, 0x4e, 0x45, 0x4e, 0x20, 0x4e, 0x55, 
	0x4e, 0x20, 0x44, 0x49, 0x45, 0x20, 0x47, 0x52, 0xdc, 0x4e, 0x45, 0x4e, 0x20, 0x53, 0x43, 0x48, 
	0x41, 0x4c, 0x54, 0x45, 0x52, 0x20, 0x41, 0x4b, 0x54, 0x49, 0x56, 0x49, 0x45, 0x52, 0x45, 0x4e, 
	0x2e, 0x20, 0x44, 0x52, 0xdc, 0x43, 0x4b, 0x45, 0x55, 0x4d, 0x20, 0x5a, 0x55, 0x20, 0x53, 0x50, 
	0x52, 0x49, 0x4e, 0x47, 0x45, 0x4e, 0x20, 0x55, 0x4e, 0x44, 0x55, 0x4d, 0x20, 0x44, 0x45, 0x4e, 
	0x20, 0x53, 0x43, 0x48, 0x41, 0x4c, 0x54, 0x45, 0x52, 0x20, 0x5a, 0x55, 0x20, 0x41, 0x4b, 0x54, 
	0x49, 0x56, 0x49, 0x45, 0x52, 0x45, 0x4e, 0x2e, 0x48, 0xd6, 0x52, 0x53, 0x54, 0x20, 0x44, 0x55, 
	0x20, 0xdc, 0x42, 0x45, 0x52, 0x48, 0x41, 0x55, 0x50, 0x54, 0x20, 0x5a, 0x55, 0x2c, 0x20, 0x7e, 
	0x3f, 0x44, 0x55, 0x20, 0x55, 0x4e, 0x44, 0x20, 0x44, 0x45, 0x49, 0x4e, 0x45, 0x20, 0x53, 0x43, 
	0x48, 0xc4, 0x42, 0x49, 0x47, 0x45, 0x4e, 0x20, 0x46, 0x52, 0x45, 0x55, 0x4e, 0x44, 0x45, 0x20, 
	0x4b, 0xd6, 0x4e, 0x4e, 0x45, 0x4e, 0x20, 0x4a, 0x45, 0x54, 0x5a, 0x54, 0x20, 0x41, 0x4c, 0x4c, 
	0x45, 0x20, 0x42, 0x4c, 0x41, 0x55, 0x45, 0x4e, 0x20, 0x53, 0x43, 0x48, 0x41, 0x4c, 0x54, 0x45, 
	0x52, 0x20, 0x41, 0x4b, 0x54, 0x49, 0x56, 0x49, 0x45, 0x52, 0x45, 0x4e, 0x2e, 0x57, 0x41, 0x52, 
	0x20, 0x4e, 0x49, 0x43, 0x48, 0x54, 0x20, 0x47, 0x41, 0x4e, 0x5a, 0x20, 0x45, 0x49, 0x4e, 0x46, 
	0x41, 0x43, 0x48, 0x2c, 0x20, 0x4f, 0x44, 0x45, 0x52, 0x20, 0x7e, 0x3f, 0x44, 0x55, 0x20, 0x55, 
	0x4e, 0x44, 0x20, 0x44, 0x49, 0x45, 0x20, 0x41, 0x4e, 0x44, 0x45, 0x52, 0x45, 0x4e, 0x20, 0x46, 
	0x4c, 0x4f, 0x48, 0x53, 0x54, 0x49, 0x43, 0x48, 0x49, 0x47, 0x45, 0x4e, 0x20, 0x4b, 0x4f, 0x4e, 
	0x47, 0x53, 0x20, 0x4b, 0xd6, 0x4e, 0x4e, 0x45, 0x4e, 0x20, 0x4a, 0x45, 0x54, 0x5a, 0x54, 0x20, 
	0x41, 0x4c, 0x4c, 0x45, 0x20, 0x52, 0x4f, 0x54, 0x45, 0x4e, 0x20, 0x53, 0x43, 0x48, 0x41, 0x4c, 
	0x54, 0x45, 0x52, 0x20, 0x41, 0x4b, 0x54, 0x49, 0x56, 0x49, 0x45, 0x52, 0x45, 0x4e, 0x2e, 0x4e, 
	0x41, 0x2c, 0x20, 0x57, 0x45, 0x4e, 0x4e, 0x20, 0x44, 0x41, 0x53, 0x20, 0x4e, 0x49, 0x43, 0x48, 
	0x54, 0x20, 0x4d, 0x45, 0x49, 0x4e, 0x20, 0x4e, 0x49, 0x43, 0x48, 0x54, 0x53, 0x4e, 0x55, 0x54, 
	0x5a, 0x49, 0x47, 0x45, 0x52, 0x20, 0x53, 0x4f, 0x48, 0x4e, 0x20, 0x49, 0x53, 0x54, 0x21, 0x20, 
	0x44, 0x55, 0x20, 0x48, 0x41, 0x53, 0x54, 0x20, 0x57, 0x49, 0x45, 0x44, 0x45, 0x52, 0x20, 0x44, 
	0x45, 0x49, 0x4e, 0x45, 0x20, 0x47, 0x4f, 0x4c, 0x44, 0x45, 0x4e, 0x45, 0x4e, 0x20, 0x42, 0x41, 
	0x4e, 0x41, 0x4e, 0x45, 0x4e, 0x20, 0x56, 0x45, 0x52, 0x4c, 0x4f, 0x52, 0x45, 0x4e, 0x3f, 0x20, 
	0x55, 0x4e, 0x44, 0x20, 0x57, 0x4f, 0x20, 0x57, 0x41, 0x52, 0x45, 0x4e, 0x20, 0x44, 0x45, 0x49, 
	0x4e, 0x45, 0x20, 0x4c, 0x41, 0x55, 0x53, 0x49, 0x47, 0x45, 0x4e, 0x20, 0x4b, 0x55, 0x4d, 0x50, 
	0x45, 0x4c, 0x53, 0x3f, 0x44, 0x55, 0x20, 0x57, 0x45, 0x49, 0x53, 0x53, 0x54, 0x20, 0x45, 0x53, 
	0x20, 0x4e, 0x49, 0x43, 0x48, 0x54, 0x2c, 0x20, 0x53, 0x54, 0x49, 0x4d, 0x4d, 0x54, 0x27, 0x53, 
	0x3f, 0x20, 0x44, 0x41, 0x53, 0x20, 0x52, 0x49, 0x45, 0x43, 0x48, 0x54, 0x20, 0x44, 0x4f, 0x43, 
	0x48, 0x20, 0x4e, 0x41, 0x43, 0x48, 0x20, 0x44, 0x45, 0x4e, 0x20, 0x4d, 0x41, 0x43, 0x48, 0x45, 
	0x4e, 0x53, 0x43, 0x48, 0x41, 0x46, 0x54, 0x45, 0x4e, 0x20, 0x44, 0x45, 0x52, 0x20, 0x46, 0x49, 
	0x45, 0x53, 0x45, 0x4e, 0x20, 0x45, 0x43, 0x48, 0x53, 0x45, 0x4e, 0x42, 0x41, 0x4e, 0x44, 0x45, 
	0x2e, 0x44, 0x45, 0x49, 0x4e, 0x20, 0x47, 0x4c, 0xdc, 0x43, 0x4b, 0x2c, 0x20, 0x44, 0x41, 0x53, 
	0x53, 0x20, 0x44, 0x49, 0x52, 0x20, 0x4d, 0x45, 0x49, 0x4e, 0x45, 0x20, 0x53, 0x45, 0x4c, 0x42, 
	0x53, 0x54, 0x47, 0x45, 0x4d, 0x41, 0x43, 0x48, 0x54, 0x45, 0x4e, 0x20, 0x54, 0x52, 0xc4, 0x4e, 
	0x4b, 0x45, 0x20, 0x44, 0x41, 0x53, 0x20, 0x4e, 0x4f, 0x54, 0x57, 0x45, 0x4e, 0x44, 0x49, 0x47, 
	0x45, 0x20, 0x47, 0x45, 0x53, 0x43, 0x48, 0x49, 0x43, 0x4b, 0x20, 0x56, 0x45, 0x52, 0x4c, 0x45, 
	0x49, 0x48, 0x45, 0x4e, 0x2c, 0x20, 0x44, 0x41, 0x53, 0x20, 0x44, 0x55, 0x20, 0x46, 0xdc, 0x52, 
	0x20, 0x44, 0x45, 0x49, 0x4e, 0x20, 0x4c, 0xc4, 0x43, 0x48, 0x45, 0x52, 0x4c, 0x49, 0x43, 0x48, 
	0x45, 0x53, 0x20, 0x33, 0x2d, 0x44, 0x20, 0x41, 0x42, 0x45, 0x4e, 0x54, 0x45, 0x55, 0x45, 0x52, 
	0x20, 0x42, 0x52, 0x41, 0x55, 0x43, 0x48, 0x53, 0x54, 0x21, 0x41, 0x42, 0x45, 0x52, 0x20, 0x45, 
	0x52, 0x53, 0x54, 0x20, 0x4d, 0x55, 0x53, 0x53, 0x54, 0x20, 0x44, 0x55, 0x20, 0x44, 0x55, 0x52, 
	0x43, 0x48, 0x20, 0x44, 0x49, 0x45, 0x20, 0x54, 0x52, 0x41, 0x49, 0x4e, 0x49, 0x4e, 0x47, 0x53, 
	0x46, 0xc4, 0x53, 0x53, 0x45, 0x52, 0x2e, 0x20, 0x48, 0x41, 0x55, 0x20, 0x41, 0x42, 0x20, 0x55, 
	0x4e, 0x44, 0x20, 0x4b, 0x4f, 0x4d, 0x4d, 0x20, 0x42, 0x4c, 0x4f, 0x53, 0x53, 0x20, 0x4e, 0x49, 
	0x43, 0x48, 0x54, 0x20, 0x5a, 0x55, 0x52, 0xdc, 0x43, 0x4b, 0x2c, 0x20, 0x42, 0x45, 0x56, 0x4f, 
	0x52, 0x20, 0x44, 0x55, 0x20, 0x44, 0x41, 0x4d, 0x49, 0x54, 0x20, 0x46, 0x45, 0x52, 0x54, 0x49, 
	0x47, 0x20, 0x42, 0x49, 0x53, 0x54, 0x21, 0x57, 0x41, 0x53, 0x20, 0x48, 0x41, 0x42, 0x45, 0x20, 
	0x49, 0x43, 0x48, 0x20, 0x44, 0x49, 0x52, 0x20, 0x47, 0x45, 0x53, 0x41, 0x47, 0x54, 0x2c, 0x20, 
	0x44, 0x4b, 0x3f, 0x20, 0x4b, 0x4f, 0x4d, 0x4d, 0x20, 0x5a, 0x55, 0x52, 0xdc, 0x43, 0x4b, 0x2c, 
	0x20, 0x57, 0x45, 0x4e, 0x4e, 0x20, 0x44, 0x55, 0x20, 0x4d, 0x49, 0x54, 0x20, 0x44, 0x45, 0x4e, 
	0x20, 0x54, 0x52, 0x41, 0x49, 0x4e, 0x49, 0x4e, 0x47, 0x53, 0x46, 0xc4, 0x53, 0x53, 0x45, 0x52, 
	0x4e, 0x20, 0x46, 0x45, 0x52, 0x54, 0x49, 0x47, 0x20, 0x42, 0x49, 0x53, 0x54, 0x2c, 0x20, 0x44, 
	0x55, 0x20, 0x54, 0x41, 0x55, 0x42, 0x45, 0x20, 0x4e, 0x55, 0x53, 0x53, 0x21, 0x48, 0x4d, 0x4d, 
	0x4d, 0x2e, 0x2e, 0x2e, 0x20, 0x55, 0x4e, 0x44, 0x2c, 0x20, 0x7e, 0x3f, 0x20, 0x45, 0x52, 0x53, 
	0x43, 0x48, 0xd6, 0x50, 0x46, 0x54, 0x3f, 0x20, 0x44, 0x55, 0x20, 0x48, 0x41, 0x53, 0x54, 0x20, 
	0x57, 0x4f, 0x48, 0x4c, 0x20, 0x54, 0x52, 0x4f, 0x50, 0x45, 0x4e, 0x46, 0x49, 0x45, 0x42, 0x45, 
	0x52, 0x2c, 0x20, 0x57, 0x41, 0x53, 0x3f, 0x20, 0x48, 0x49, 0x45, 0x52, 0x2c, 0x20, 0x54, 0x52, 
	0x49, 0x4e, 0x4b, 0x20, 0x44, 0x41, 0x53, 0x2e, 0x2e, 0x2e, 0x44, 0x55, 0x20, 0x55, 0x4e, 0x44, 
	0x20, 0x44, 0x45, 0x49, 0x4e, 0x45, 0x20, 0x56, 0x45, 0x52, 0x53, 0x43, 0x48, 0x4f, 0x4c, 0x4c, 
	0x45, 0x4e, 0x45, 0x4e, 0x20, 0x46, 0x52, 0x45, 0x55, 0x4e, 0x44, 0x45, 0x20, 0x4b, 0xd6, 0x4e, 
	0x4e, 0x45, 0x4e, 0x20, 0x44, 0x49, 0x45, 0x20, 0x45, 0x52, 0x44, 0x45, 0x20, 0x5a, 0x55, 0x4d, 
	0x20, 0x42, 0x45, 0x42, 0x45, 0x4e, 0x20, 0x42, 0x52, 0x49, 0x4e, 0x47, 0x45, 0x4e, 0x21, 0x20, 
	0x44, 0x52, 0xdc, 0x43, 0x4b, 0x45, 0x55, 0x4d, 0x20, 0x5a, 0x55, 0x20, 0x53, 0x50, 0x52, 0x49, 
	0x4e, 0x47, 0x45, 0x4e, 0x20, 0x55, 0x4e, 0x44, 0x20, 0x57, 0xc4, 0x48, 0x52, 0x45, 0x4e, 0x44, 
	0x20, 0x44, 0x55, 0x20, 0x49, 0x4e, 0x20, 0x44, 0x45, 0x52, 0x20, 0x4c, 0x55, 0x46, 0x54, 0x20, 
	0x42, 0x49, 0x53, 0x54, 0x2e, 0x20, 0x4e, 0x55, 0x4e, 0x20, 0x57, 0x45, 0x49, 0x53, 0x53, 0x54, 
	0x20, 0x44, 0x55, 0x20, 0x41, 0x55, 0x43, 0x48, 0x2c, 0x20, 0x57, 0x49, 0x45, 0x20, 0x44, 0x55, 
	0x20, 0x48, 0x49, 0x45, 0x52, 0x20, 0x52, 0x41, 0x55, 0x53, 0x20, 0x4b, 0x4f, 0x4d, 0x4d, 0x53, 
	0x54, 0x21, 0x45, 0x49, 0x4e, 0x45, 0x20, 0x53, 0x41, 0x43, 0x48, 0x45, 0x20, 0x4e, 0x4f, 0x43, 
	0x48, 0x2e, 0x2e, 0x2e, 0x20, 0x49, 0x43, 0x48, 0x20, 0x48, 0x41, 0x42, 0x45, 0x20, 0x45, 0x54, 
	0x57, 0x41, 0x53, 0x20, 0x4e, 0xdc, 0x54, 0x5a, 0x4c, 0x49, 0x43, 0x48, 0x45, 0x53, 0x20, 0x46, 
	0xdc, 0x52, 0x20, 0x44, 0x49, 0x43, 0x48, 0x2c, 0x20, 0x57, 0x45, 0x4e, 0x4e, 0x20, 0x44, 0x55, 
	0x20, 0x4d, 0x49, 0x52, 0x20, 0x40, 0x20, 0x42, 0x41, 0x4e, 0x41, 0x4e, 0x45, 0x4e, 0x20, 0x4d, 
	0x45, 0x44, 0x41, 0x4c, 0x4c, 0x49, 0x45, 0x4e, 0x20, 0x42, 0x52, 0x49, 0x4e, 0x47, 0x53, 0x54, 
	0x2e, 0x53, 0x4f, 0x20, 0x53, 0x45, 0x48, 0x45, 0x4e, 0x20, 0x53, 0x49, 0x45, 0x20, 0x41, 0x55, 
	0x53, 0x3a, 0x55, 0x4e, 0x44, 0x20, 0x4a, 0x45, 0x54, 0x5a, 0x54, 0x20, 0x4c, 0x4f, 0x53, 0x2c, 
	0x20, 0x56, 0x45, 0x52, 0x53, 0x55, 0x43, 0x48, 0x20, 0x44, 0x45, 0x49, 0x4e, 0x20, 0x47, 0x4c, 
	0xdc, 0x43, 0x4b, 0x21, 0x44, 0x55, 0x20, 0x42, 0x49, 0x53, 0x54, 0x20, 0x5a, 0x55, 0x52, 0xdc, 
	0x43, 0x4b, 0x2c, 0x20, 0x7e, 0x3f, 0x20, 0x4d, 0xd6, 0x43, 0x48, 0x54, 0x45, 0x53, 0x54, 0x20, 
	0x44, 0x55, 0x20, 0x4e, 0x4f, 0x43, 0x48, 0x4d, 0x41, 0x4c, 0x20, 0x4d, 0x49, 0x54, 0x20, 0x44, 
	0x45, 0x4d, 0x20, 0x4a, 0x45, 0x54, 0x50, 0x41, 0x43, 0x20, 0x4c, 0x4f, 0x53, 0x44, 0xdc, 0x53, 
	0x45, 0x4e, 0x3f, 0x57, 0x45, 0x4e, 0x4e, 0x27, 0x53, 0x20, 0x45, 0x52, 0x4e, 0x53, 0x54, 0x20, 
	0x57, 0x49, 0x52, 0x44, 0x2c, 0x20, 0x5a, 0x45, 0x49, 0x47, 0x54, 0x20, 0x53, 0x49, 0x43, 0x48, 
	0x20, 0x44, 0x45, 0x52, 0x20, 0x57, 0x41, 0x48, 0x52, 0x45, 0x20, 0x56, 0x45, 0x52, 0x4c, 0x49, 
	0x45, 0x52, 0x45, 0x52, 0x21, 0x20, 0x4e, 0x4f, 0x43, 0x48, 0x20, 0x45, 0x49, 0x4e, 0x20, 0x56, 
	0x45, 0x52, 0x53, 0x55, 0x43, 0x48, 0x2c, 0x20, 0x7e, 0x3f, 0x57, 0x41, 0x53, 0x3f, 0x20, 0x44, 
	0x55, 0x20, 0x48, 0x41, 0x53, 0x54, 0x20, 0x44, 0x49, 0x45, 0x20, 0x52, 0x41, 0x52, 0x45, 0x57, 
	0x41, 0x52, 0x45, 0x2d, 0x4d, 0xdc, 0x4e, 0x5a, 0x45, 0x3f, 0x20, 0x44, 0x41, 0x53, 0x20, 0x47, 
	0x49, 0x42, 0x54, 0x27, 0x53, 0x20, 0x4a, 0x41, 0x20, 0x4e, 0x49, 0x43, 0x48, 0x54, 0x21, 0x20, 
	0x44, 0x55, 0x20, 0x4d, 0x55, 0x53, 0x53, 0x54, 0x20, 0x47, 0x45, 0x53, 0x43, 0x48, 0x55, 0x4d, 
	0x4d, 0x45, 0x4c, 0x54, 0x20, 0x48, 0x41, 0x42, 0x45, 0x4e, 0x21, 0x48, 0x4d, 0x4d, 0x4d, 0x2e, 
	0x2e, 0x2e, 0x20, 0x41, 0x42, 0x45, 0x52, 0x20, 0x41, 0x55, 0x53, 0x20, 0x53, 0x50, 0x41, 0x53, 
	0x53, 0x20, 0x4d, 0x41, 0x47, 0x53, 0x54, 0x20, 0x44, 0x55, 0x20, 0x53, 0x49, 0x43, 0x48, 0x45, 
	0x52, 0x20, 0x57, 0x45, 0x49, 0x54, 0x45, 0x52, 0x53, 0x50, 0x49, 0x45, 0x4c, 0x45, 0x4e, 0x2e, 
	0x20, 0x49, 0x4e, 0x54, 0x45, 0x52, 0x45, 0x53, 0x53, 0x49, 0x45, 0x52, 0x54, 0x3f, 0x4b, 0x4f, 
	0x4d, 0x4d, 0x20, 0x56, 0x4f, 0x52, 0x42, 0x45, 0x49, 0x2c, 0x20, 0x57, 0x45, 0x4e, 0x4e, 0x20, 
	0x44, 0x55, 0x20, 0x4d, 0x41, 0x4c, 0x20, 0x57, 0x49, 0x45, 0x44, 0x45, 0x52, 0x20, 0x41, 0x55, 
	0x46, 0x20, 0x45, 0x49, 0x4e, 0x20, 0x52, 0x49, 0x43, 0x48, 0x54, 0x49, 0x47, 0x45, 0x53, 0x20, 
	0x53, 0x50, 0x49, 0x45, 0x4c, 0x20, 0x53, 0x43, 0x48, 0x41, 0x52, 0x46, 0x20, 0x42, 0x49, 0x53, 
	0x54, 0x21, 
};
u8 text_9[] = {
	0x16, 0x1, 0x1, 0x2, 0x0, 0x0, 0x0, 0x0, 0x0, 0x4b, 0x0, 0x0, 0x0, 0x0, 0x0, 0x4b, 
	0x0, 0x66, 0x0, 0x0, 0x0, 0x0, 0x0, 0x0, 0x1, 0x1, 0x2, 0x0, 0x0, 0x0, 0xb1, 0x0, 
	0x2e, 0x0, 0x0, 0x0, 0x0, 0x0, 0xdf, 0x0, 0x2d, 0x0, 0x0, 0x0, 0x0, 0x0, 0x0, 0x1, 
	0x1, 0x1, 0x0, 0x0, 0x1, 0xc, 0x0, 0x67, 0x0, 0x0, 0x0, 0x0, 0x0, 0x0, 0x1, 0x1, 
	0x1, 0x0, 0x0, 0x1, 0x73, 0x0, 0x32, 0x0, 0x0, 0x0, 0x0, 0x0, 0x0, 0x1, 0x1, 0x2, 
	0x0, 0x0, 0x1, 0xa5, 0x0, 0x64, 0x0, 0x0, 0x0, 0x0, 0x2, 0x9, 0x0, 0x10, 0x0, 0x0, 
	0x0, 0x0, 0x0, 0x0, 0x1, 0x1, 0x2, 0x0, 0x0, 0x2, 0x19, 0x0, 0x51, 0x0, 0x0, 0x0, 
	0x0, 0x2, 0x6a, 0x0, 0x35, 0x0, 0x0, 0x0, 0x0, 0x0, 0x0, 0x1, 0x1, 0x1, 0x0, 0x0, 
	0x2, 0x9f, 0x0, 0x63, 0x0, 0x0, 0x0, 0x0, 0x0, 0x0, 0x1, 0x1, 0x1, 0x0, 0x0, 0x3, 
	0x2, 0x0, 0x5a, 0x0, 0x0, 0x0, 0x0, 0x0, 0x0, 0x1, 0x1, 0x1, 0x0, 0x0, 0x3, 0x5c, 
	0x0, 0x6a, 0x0, 0x0, 0x0, 0x0, 0x0, 0x0, 0x1, 0x1, 0x1, 0x0, 0x0, 0x3, 0xc6, 0x0, 
	0x4d, 0x0, 0x0, 0x0, 0x0, 0x0, 0x0, 0x1, 0x1, 0x2, 0x0, 0x0, 0x4, 0x13, 0x0, 0x2a, 
	0x0, 0x0, 0x0, 0x0, 0x4, 0x3d, 0x0, 0x15, 0x0, 0x0, 0x0, 0x0, 0x0, 0x0, 0x1, 0x1, 
	0x1, 0x0, 0x0, 0x4, 0x52, 0x0, 0x3e, 0x0, 0x0, 0x0, 0x0, 0x0, 0x0, 0x1, 0x1, 0x2, 
	0x0, 0x0, 0x4, 0x90, 0x0, 0x30, 0x0, 0x0, 0x0, 0x0, 0x4, 0xc0, 0x0, 0x10, 0x0, 0x0, 
	0x0, 0x0, 0x0, 0x0, 0x1, 0x1, 0x2, 0x0, 0x0, 0x4, 0xd0, 0x0, 0x5e, 0x0, 0x0, 0x0, 
	0x0, 0x5, 0x2e, 0x0, 0x14, 0x0, 0x0, 0x0, 0x0, 0x0, 0x0, 0x1, 0x1, 0x2, 0x0, 0x0, 
	0x5, 0x42, 0x0, 0x30, 0x0, 0x0, 0x0, 0x0, 0x5, 0x72, 0x0, 0x3a, 0x0, 0x0, 0x0, 0x0, 
	0x0, 0x0, 0x1, 0x1, 0x2, 0x0, 0x0, 0x5, 0xac, 0x0, 0x68, 0x0, 0x0, 0x0, 0x0, 0x6, 
	0x14, 0x0, 0x3e, 0x0, 0x0, 0x0, 0x0, 0x0, 0x0, 0x1, 0x1, 0x1, 0x0, 0x0, 0x6, 0x52, 
	0x0, 0x56, 0x0, 0x0, 0x0, 0x0, 0x0, 0x0, 0x1, 0x1, 0x1, 0x0, 0x0, 0x6, 0xa8, 0x0, 
	0x2d, 0x0, 0x0, 0x0, 0x0, 0x0, 0x0, 0x5, 0x1, 0x2, 0x0, 0x0, 0x6, 0xd5, 0x0, 0x3f, 
	0x0, 0x0, 0x0, 0x0, 0x7, 0x14, 0x0, 0x5, 0x0, 0x0, 0x0, 0x0, 0x0, 0x0, 0x2, 0x1, 
	0x0, 0x70, 0x0, 0x0, 0x0, 0x0, 0x0, 0x0, 0x1, 0x1, 0x0, 0x0, 0x7, 0x19, 0x0, 0x13, 
	0x0, 0x0, 0x0, 0x0, 0x0, 0x0, 0x2, 0x1, 0x0, 0x72, 0x0, 0x0, 0x0, 0x0, 0x0, 0x0, 
	0x1, 0x3, 0x0, 0x0, 0x7, 0x2c, 0x0, 0x6d, 0x0, 0x0, 0x0, 0x0, 0x7, 0x99, 0x0, 0x49, 
	0x0, 0x0, 0x0, 0x0, 0x7, 0xe2, 0x0, 0x80, 0x0, 0x0, 0x0, 0x0, 0x0, 0x0, 0x1, 0x1, 
	0x1, 0x0, 0x0, 0x8, 0x62, 0x0, 0x46, 0x0, 0x0, 0x0, 0x0, 0x0, 0x0, 0x1, 0x1, 0x2, 
	0x0, 0x0, 0x8, 0xa8, 0x0, 0x34, 0x0, 0x0, 0x0, 0x0, 0x8, 0xdc, 0x0, 0x41, 0x0, 0x0, 
	0x0, 0x0, 0x0, 0x0, 0x1, 0x1, 0x1, 0x0, 0x0, 0x9, 0x1d, 0x0, 0x4a, 0x0, 0x0, 0x0, 
	0x0, 0x0, 0x0, 0x9, 0x67, 0x48, 0x49, 0x20, 0x7e, 0x2e, 0x20, 0x42, 0x4c, 0x45, 0x49, 0x42, 
	0x20, 0x4c, 0x4f, 0x43, 0x4b, 0x45, 0x52, 0x2c, 0x20, 0x49, 0x43, 0x48, 0x20, 0x48, 0x41, 0x42, 
	0x45, 0x20, 0x45, 0x49, 0x4e, 0x20, 0x50, 0x41, 0x41, 0x52, 0x20, 0x47, 0x41, 0x4e, 0x5a, 0x20, 
	0x48, 0x45, 0x49, 0x53, 0x53, 0x45, 0x20, 0x54, 0x49, 0x50, 0x50, 0x53, 0x20, 0x46, 0xdc, 0x52, 
	0x20, 0x44, 0x49, 0x43, 0x48, 0x20, 0x41, 0x55, 0x46, 0x20, 0x4c, 0x41, 0x47, 0x45, 0x52, 0x21, 
	0x46, 0xdc, 0x52, 0x20, 0x45, 0x49, 0x4e, 0x45, 0x20, 0x48, 0x41, 0x4e, 0x44, 0x56, 0x4f, 0x4c, 
	0x4c, 0x20, 0x41, 0x4c, 0x54, 0x45, 0x52, 0x20, 0x4d, 0xdc, 0x4e, 0x5a, 0x45, 0x4e, 0x20, 0x4b, 
	0x41, 0x4e, 0x4e, 0x53, 0x54, 0x20, 0x44, 0x55, 0x20, 0x45, 0x49, 0x4e, 0x20, 0x48, 0x45, 0x49, 
	0x53, 0x53, 0x45, 0x53, 0x20, 0x4d, 0x55, 0x53, 0x49, 0x4b, 0x49, 0x4e, 0x53, 0x54, 0x52, 0x55, 
	0x4d, 0x45, 0x4e, 0x54, 0x20, 0x55, 0x4e, 0x44, 0x20, 0x45, 0x49, 0x4e, 0x20, 0x50, 0x41, 0x41, 
	0x52, 0x20, 0x45, 0x58, 0x54, 0x52, 0x41, 0x2d, 0x4d, 0x45, 0x4c, 0x4f, 0x4e, 0x45, 0x4e, 0x20, 
	0x48, 0x41, 0x42, 0x45, 0x4e, 0x21, 0x4f, 0x48, 0x20, 0x7e, 0x2c, 0x20, 0x4d, 0x45, 0x48, 0x52, 
	0x20, 0x4b, 0x41, 0x4e, 0x4e, 0x20, 0x49, 0x43, 0x48, 0x20, 0x44, 0x49, 0x52, 0x20, 0x49, 0x4d, 
	0x20, 0x4d, 0x4f, 0x4d, 0x45, 0x4e, 0x54, 0x20, 0x4e, 0x49, 0x43, 0x48, 0x54, 0x20, 0x47, 0x45, 
	0x42, 0x45, 0x4e, 0x21, 0x53, 0x43, 0x48, 0x41, 0x55, 0x20, 0x44, 0x4f, 0x43, 0x48, 0x20, 0x53, 
	0x50, 0xc4, 0x54, 0x45, 0x52, 0x20, 0x4e, 0x4f, 0x43, 0x48, 0x20, 0x45, 0x49, 0x4e, 0x4d, 0x41, 
	0x4c, 0x20, 0x42, 0x45, 0x49, 0x20, 0x4d, 0x49, 0x52, 0x20, 0x56, 0x4f, 0x52, 0x42, 0x45, 0x49, 
	0x21, 0x53, 0x4f, 0x52, 0x52, 0x59, 0x20, 0x7e, 0x21, 0x20, 0x49, 0x43, 0x48, 0x20, 0x48, 0x41, 
	0x42, 0x45, 0x20, 0x44, 0x49, 0x52, 0x20, 0x53, 0x43, 0x48, 0x4f, 0x4e, 0x20, 0x4d, 0x45, 0x49, 
	0x4e, 0x20, 0x47, 0x45, 0x53, 0x41, 0x4d, 0x54, 0x45, 0x53, 0x20, 0x57, 0x49, 0x53, 0x53, 0x45, 
	0x4e, 0x20, 0x57, 0x45, 0x49, 0x54, 0x45, 0x52, 0x47, 0x45, 0x47, 0x45, 0x42, 0x45, 0x4e, 0x2e, 
	0x20, 0x41, 0x42, 0x45, 0x52, 0x20, 0x45, 0x49, 0x4e, 0x45, 0x20, 0x4b, 0x4c, 0x45, 0x49, 0x4e, 
	0x45, 0x20, 0x48, 0x49, 0x4c, 0x46, 0x45, 0x20, 0x48, 0x41, 0x42, 0x45, 0x20, 0x49, 0x43, 0x48, 
	0x20, 0x4e, 0x4f, 0x43, 0x48, 0x2e, 0x2e, 0x2e, 0x46, 0xdc, 0x52, 0x20, 0x4e, 0x55, 0x52, 0x20, 
	0x40, 0x20, 0x4d, 0xdc, 0x4e, 0x5a, 0x45, 0x4e, 0x20, 0x42, 0x52, 0x49, 0x4e, 0x47, 0x45, 0x20, 
	0x49, 0x43, 0x48, 0x20, 0x44, 0x49, 0x52, 0x20, 0x44, 0x49, 0x45, 0x20, 0x54, 0x4f, 0x4e, 0x4c, 
	0x45, 0x49, 0x54, 0x45, 0x52, 0x20, 0x42, 0x45, 0x49, 0x21, 0x4d, 0x41, 0x43, 0x48, 0x20, 0x53, 
	0x43, 0x48, 0x4f, 0x4e, 0x2c, 0x20, 0x46, 0xdc, 0x52, 0x20, 0x4e, 0x55, 0x52, 0x20, 0x40, 0x20, 
	0x4d, 0xdc, 0x4e, 0x5a, 0x45, 0x4e, 0x20, 0x42, 0x52, 0x49, 0x4e, 0x47, 0x45, 0x20, 0x49, 0x43, 
	0x48, 0x20, 0x44, 0x49, 0x52, 0x20, 0x44, 0x49, 0x45, 0x20, 0x54, 0x4f, 0x4e, 0x4c, 0x45, 0x49, 
	0x54, 0x45, 0x52, 0x20, 0x42, 0x45, 0x49, 0x20, 0x55, 0x4e, 0x44, 0x20, 0x47, 0x45, 0x42, 0x45, 
	0x20, 0x44, 0x49, 0x52, 0x20, 0x45, 0x49, 0x4e, 0x45, 0x20, 0x45, 0x58, 0x54, 0x52, 0x41, 0x20, 
	0x4d, 0x45, 0x4c, 0x4f, 0x4e, 0x45, 0x20, 0x47, 0x52, 0x41, 0x54, 0x49, 0x53, 0x21, 0x57, 0x49, 
	0x45, 0x20, 0x53, 0x49, 0x45, 0x48, 0x54, 0x27, 0x53, 0x20, 0x41, 0x55, 0x53, 0x3f, 0x48, 0x45, 
	0x55, 0x54, 0x45, 0x20, 0x49, 0x53, 0x54, 0x20, 0x44, 0x45, 0x49, 0x4e, 0x20, 0x47, 0x4c, 0xdc, 
	0x43, 0x4b, 0x53, 0x54, 0x41, 0x47, 0x2c, 0x20, 0x7e, 0x2e, 0x20, 0x47, 0x49, 0x42, 0x20, 0x4d, 
	0x49, 0x52, 0x20, 0x40, 0x20, 0x4d, 0xdc, 0x4e, 0x5a, 0x45, 0x4e, 0x20, 0x55, 0x4e, 0x44, 0x20, 
	0x49, 0x43, 0x48, 0x20, 0x56, 0x45, 0x52, 0x42, 0x45, 0x53, 0x53, 0x45, 0x52, 0x45, 0x20, 0x44, 
	0x45, 0x49, 0x4e, 0x20, 0x49, 0x4e, 0x53, 0x54, 0x52, 0x55, 0x4d, 0x45, 0x4e, 0x54, 0x2e, 0x47, 
	0x4c, 0x41, 0x55, 0x42, 0x20, 0x4d, 0x49, 0x52, 0x2c, 0x20, 0x44, 0x55, 0x20, 0x57, 0x49, 0x52, 
	0x53, 0x54, 0x20, 0x4e, 0x49, 0x43, 0x48, 0x54, 0x20, 0x45, 0x4e, 0x54, 0x54, 0xc4, 0x55, 0x53, 
	0x43, 0x48, 0x54, 0x20, 0x53, 0x45, 0x49, 0x4e, 0x2e, 0x20, 0x57, 0x49, 0x45, 0x20, 0x57, 0xc4, 
	0x52, 0x27, 0x53, 0x3f, 0x57, 0x49, 0x45, 0x20, 0x57, 0xc4, 0x52, 0x27, 0x53, 0x20, 0x4d, 0x49, 
	0x54, 0x20, 0x45, 0x49, 0x4e, 0x45, 0x52, 0x20, 0x45, 0x58, 0x54, 0x52, 0x41, 0x2d, 0x4d, 0x45, 
	0x4c, 0x4f, 0x4e, 0x45, 0x20, 0x55, 0x4e, 0x44, 0x20, 0x45, 0x49, 0x4e, 0x45, 0x4d, 0x20, 0x49, 
	0x4e, 0x53, 0x54, 0x52, 0x55, 0x4d, 0x45, 0x4e, 0x54, 0x45, 0x4e, 0x20, 0x55, 0x50, 0x47, 0x52, 
	0x41, 0x44, 0x45, 0x20, 0x46, 0xdc, 0x52, 0x20, 0x45, 0x55, 0x43, 0x48, 0x20, 0x41, 0x4c, 0x4c, 
	0x45, 0x3f, 0x20, 0x4b, 0x4f, 0x53, 0x54, 0x45, 0x54, 0x20, 0x4e, 0x55, 0x52, 0x20, 0x40, 0x20, 
	0x4d, 0xdc, 0x4e, 0x5a, 0x45, 0x4e, 0x2e, 0x4f, 0x48, 0x20, 0x57, 0x49, 0x45, 0x20, 0x53, 0x43, 
	0x48, 0x41, 0x44, 0x45, 0x2c, 0x20, 0x7e, 0x21, 0x20, 0x44, 0x55, 0x20, 0x48, 0x41, 0x53, 0x54, 
	0x20, 0x4e, 0x49, 0x43, 0x48, 0x54, 0x20, 0x47, 0x45, 0x4e, 0x55, 0x47, 0x20, 0x4d, 0xdc, 0x4e, 
	0x5a, 0x45, 0x4e, 0x20, 0x44, 0x41, 0x42, 0x45, 0x49, 0x2e, 0x20, 0x4b, 0x4f, 0x4d, 0x4d, 0x20, 
	0x4d, 0x49, 0x54, 0x20, 0x47, 0x45, 0x46, 0xdc, 0x4c, 0x4c, 0x54, 0x45, 0x4e, 0x20, 0x54, 0x41, 
	0x53, 0x43, 0x48, 0x45, 0x4e, 0x20, 0x57, 0x49, 0x45, 0x44, 0x45, 0x52, 0x2c, 0x20, 0x4a, 0x41, 
	0x3f, 0x44, 0x55, 0x20, 0x48, 0x41, 0x53, 0x54, 0x20, 0x4a, 0x41, 0x20, 0x4e, 0x49, 0x43, 0x48, 
	0x54, 0x20, 0x45, 0x49, 0x4e, 0x4d, 0x41, 0x4c, 0x20, 0x40, 0x20, 0x4d, 0xdc, 0x4e, 0x5a, 0x45, 
	0x4e, 0x2c, 0x20, 0x55, 0x4d, 0x20, 0x44, 0x45, 0x49, 0x4e, 0x20, 0x49, 0x4e, 0x53, 0x54, 0x52, 
	0x55, 0x4d, 0x45, 0x4e, 0x54, 0x20, 0x41, 0x55, 0x46, 0x5a, 0x55, 0x50, 0x4f, 0x57, 0x45, 0x52, 
	0x4e, 0x2e, 0x20, 0x4b, 0x4f, 0x4d, 0x4d, 0x20, 0x56, 0x4f, 0x52, 0x42, 0x45, 0x49, 0x2c, 0x20, 
	0x57, 0x45, 0x4e, 0x4e, 0x20, 0x44, 0x55, 0x20, 0x47, 0x45, 0x4e, 0xdc, 0x47, 0x45, 0x4e, 0x44, 
	0x20, 0x47, 0x45, 0x4c, 0x44, 0x20, 0x48, 0x41, 0x53, 0x54, 0x2e, 0x57, 0x45, 0x4e, 0x4e, 0x20, 
	0x44, 0x55, 0x20, 0x40, 0x20, 0x4d, 0xdc, 0x4e, 0x5a, 0x45, 0x4e, 0x20, 0x5a, 0x55, 0x53, 0x41, 
	0x4d, 0x4d, 0x45, 0x4e, 0x4b, 0x52, 0x41, 0x54, 0x5a, 0x45, 0x4e, 0x20, 0x4b, 0x41, 0x4e, 0x4e, 
	0x53, 0x54, 0x2c, 0x20, 0x48, 0x41, 0x42, 0x45, 0x20, 0x49, 0x43, 0x48, 0x20, 0x45, 0x49, 0x4e, 
	0x45, 0x20, 0x45, 0x58, 0x54, 0x52, 0x41, 0x2d, 0x4d, 0x45, 0x4c, 0x4f, 0x4e, 0x45, 0x20, 0x46, 
	0xdc, 0x52, 0x20, 0x44, 0x49, 0x43, 0x48, 0x21, 0x4d, 0x45, 0x48, 0x52, 0x20, 0x4b, 0x41, 0x4e, 
	0x4e, 0x20, 0x49, 0x43, 0x48, 0x20, 0x5a, 0x55, 0x52, 0x20, 0x5a, 0x45, 0x49, 0x54, 0x20, 0x4e, 
	0x49, 0x43, 0x48, 0x54, 0x20, 0x46, 0xdc, 0x52, 0x20, 0x44, 0x49, 0x43, 0x48, 0x20, 0x54, 0x55, 
	0x4e, 0x21, 0x53, 0x45, 0x48, 0x45, 0x4e, 0x20, 0x57, 0x49, 0x52, 0x20, 0x55, 0x4e, 0x53, 0x20, 
	0x53, 0x50, 0xc4, 0x54, 0x45, 0x52, 0x3f, 0x41, 0x55, 0x53, 0x53, 0x45, 0x52, 0x20, 0x45, 0x49, 
	0x4e, 0x20, 0x50, 0x41, 0x41, 0x52, 0x20, 0x52, 0x45, 0x50, 0x41, 0x52, 0x41, 0x54, 0x55, 0x52, 
	0x45, 0x4e, 0x20, 0x4b, 0x41, 0x4e, 0x4e, 0x20, 0x49, 0x43, 0x48, 0x20, 0x4e, 0x49, 0x43, 0x48, 
	0x54, 0x53, 0x20, 0x4d, 0x45, 0x48, 0x52, 0x20, 0x46, 0xdc, 0x52, 0x20, 0x44, 0x49, 0x43, 0x48, 
	0x20, 0x54, 0x55, 0x4e, 0x2e, 0x46, 0xdc, 0x52, 0x20, 0x40, 0x20, 0x4d, 0xdc, 0x4e, 0x5a, 0x45, 
	0x4e, 0x20, 0x4b, 0x41, 0x4e, 0x4e, 0x20, 0x49, 0x43, 0x48, 0x20, 0x44, 0x45, 0x49, 0x4e, 0x20, 
	0x49, 0x4e, 0x53, 0x54, 0x52, 0x55, 0x4d, 0x45, 0x4e, 0x54, 0x20, 0x41, 0x55, 0x46, 0x50, 0x4f, 
	0x57, 0x45, 0x52, 0x4e, 0x21, 0x4d, 0xd6, 0x43, 0x48, 0x54, 0x45, 0x53, 0x54, 0x20, 0x44, 0x55, 
	0x20, 0x44, 0x41, 0x53, 0x3f, 0x48, 0x41, 0x4c, 0x4c, 0x4f, 0x21, 0x20, 0x46, 0xdc, 0x52, 0x20, 
	0x40, 0x20, 0x4d, 0xdc, 0x4e, 0x5a, 0x45, 0x4e, 0x20, 0x42, 0x45, 0x4b, 0x4f, 0x4d, 0x4d, 0x53, 
	0x54, 0x20, 0x44, 0x55, 0x20, 0x56, 0x4f, 0x4e, 0x20, 0x4d, 0x49, 0x52, 0x20, 0x45, 0x49, 0x4e, 
	0x45, 0x20, 0x48, 0x49, 0x4c, 0x46, 0x52, 0x45, 0x49, 0x43, 0x48, 0x45, 0x20, 0x45, 0x58, 0x54, 
	0x52, 0x41, 0x2d, 0x4d, 0x45, 0x4c, 0x4f, 0x4e, 0x45, 0x20, 0x55, 0x4e, 0x44, 0x20, 0x45, 0x49, 
	0x4e, 0x20, 0x57, 0x45, 0x49, 0x54, 0x45, 0x52, 0x45, 0x53, 0x20, 0x55, 0x50, 0x47, 0x52, 0x41, 
	0x44, 0x45, 0x21, 0x57, 0x41, 0x53, 0x20, 0x48, 0xc4, 0x4c, 0x54, 0x53, 0x54, 0x20, 0x44, 0x55, 
	0x20, 0x44, 0x41, 0x56, 0x4f, 0x4e, 0x3f, 0x44, 0x41, 0x53, 0x20, 0x55, 0x50, 0x47, 0x52, 0x41, 
	0x44, 0x45, 0x20, 0x46, 0xdc, 0x52, 0x20, 0x44, 0x45, 0x49, 0x4e, 0x20, 0x49, 0x4e, 0x53, 0x54, 
	0x52, 0x55, 0x4d, 0x45, 0x4e, 0x54, 0x20, 0x4b, 0x4f, 0x53, 0x54, 0x45, 0x54, 0x20, 0x40, 0x20, 
	0x4d, 0xdc, 0x4e, 0x5a, 0x45, 0x4e, 0x2e, 0x53, 0x4f, 0x56, 0x49, 0x45, 0x4c, 0x20, 0x48, 0x41, 
	0x53, 0x54, 0x20, 0x44, 0x55, 0x20, 0x4e, 0x49, 0x43, 0x48, 0x54, 0x3f, 0x20, 0x44, 0x41, 0x4e, 
	0x4e, 0x20, 0x57, 0x41, 0x52, 0x54, 0x45, 0x20, 0x49, 0x43, 0x48, 0x2c, 0x20, 0x42, 0x49, 0x53, 
	0x20, 0x44, 0x55, 0x20, 0x46, 0x4c, 0xdc, 0x53, 0x53, 0x49, 0x47, 0x20, 0x42, 0x49, 0x53, 0x54, 
	0x21, 0x48, 0x41, 0x4c, 0x4c, 0x4f, 0x21, 0x20, 0x46, 0xdc, 0x52, 0x20, 0x40, 0x20, 0x4d, 0xdc, 
	0x4e, 0x5a, 0x45, 0x4e, 0x20, 0x42, 0x45, 0x4b, 0x4f, 0x4d, 0x4d, 0x53, 0x54, 0x20, 0x44, 0x55, 
	0x20, 0x56, 0x4f, 0x4e, 0x20, 0x4d, 0x49, 0x52, 0x20, 0x45, 0x49, 0x4e, 0x45, 0x20, 0x48, 0x49, 
	0x4c, 0x46, 0x52, 0x45, 0x49, 0x43, 0x48, 0x45, 0x20, 0x45, 0x58, 0x54, 0x52, 0x41, 0x2d, 0x4d, 
	0x45, 0x4c, 0x4f, 0x4e, 0x45, 0x20, 0x55, 0x4e, 0x44, 0x20, 0x45, 0x49, 0x4e, 0x20, 0x55, 0x50, 
	0x47, 0x52, 0x41, 0x44, 0x45, 0x20, 0x46, 0xdc, 0x52, 0x20, 0x44, 0x45, 0x49, 0x4e, 0x45, 0x4e, 
	0x20, 0x53, 0x48, 0x4f, 0x4f, 0x54, 0x45, 0x52, 0x21, 0x41, 0x42, 0x45, 0x52, 0x20, 0x44, 0x55, 
	0x20, 0x4b, 0x41, 0x4e, 0x4e, 0x53, 0x54, 0x20, 0x4a, 0x41, 0x20, 0x47, 0x41, 0x52, 0x20, 0x4e, 
	0x49, 0x43, 0x48, 0x54, 0x20, 0x42, 0x45, 0x5a, 0x41, 0x48, 0x4c, 0x45, 0x4e, 0x2c, 0x20, 0x41, 
	0x4c, 0x53, 0x4f, 0x20, 0x4b, 0x4f, 0x4d, 0x4d, 0x20, 0x53, 0x50, 0xc4, 0x54, 0x45, 0x52, 0x20, 
	0x57, 0x49, 0x45, 0x44, 0x45, 0x52, 0x2e, 0x44, 0x45, 0x49, 0x4e, 0x20, 0x49, 0x4e, 0x53, 0x54, 
	0x52, 0x55, 0x4d, 0x45, 0x4e, 0x54, 0x20, 0x48, 0x41, 0x54, 0x20, 0x45, 0x54, 0x57, 0x41, 0x53, 
	0x20, 0x41, 0x4e, 0x20, 0x45, 0x4e, 0x45, 0x52, 0x47, 0x49, 0x45, 0x20, 0x56, 0x45, 0x52, 0x4c, 
	0x4f, 0x52, 0x45, 0x4e, 0x2e, 0x20, 0x57, 0x41, 0x52, 0x54, 0x45, 0x2c, 0x20, 0x49, 0x43, 0x48, 
	0x20, 0x42, 0x52, 0x49, 0x4e, 0x47, 0x20, 0x44, 0x41, 0x53, 0x20, 0x57, 0x49, 0x45, 0x44, 0x45, 
	0x52, 0x20, 0x49, 0x4e, 0x20, 0x4f, 0x52, 0x44, 0x4e, 0x55, 0x4e, 0x47, 0x21, 0x57, 0x49, 0x45, 
	0x20, 0x44, 0x55, 0x20, 0x57, 0x49, 0x4c, 0x4c, 0x53, 0x54, 0x2c, 0x20, 0x7e, 0x21, 0x20, 0x4b, 
	0x4f, 0x4d, 0x4d, 0x20, 0x57, 0x49, 0x45, 0x44, 0x45, 0x52, 0x2c, 0x20, 0x57, 0x45, 0x4e, 0x4e, 
	0x20, 0x44, 0x55, 0x20, 0x4d, 0x41, 0x47, 0x53, 0x54, 0x21, 0x4b, 0x4f, 0x4d, 0x4d, 0x20, 0x4e, 
	0xc4, 0x48, 0x45, 0x52, 0x20, 0x7e, 0x2e, 0x20, 0x49, 0x43, 0x48, 0x20, 0x5a, 0x45, 0x49, 0x47, 
	0x45, 0x20, 0x44, 0x49, 0x52, 0x2c, 0x20, 0x57, 0x49, 0x45, 0x20, 0x4d, 0x41, 0x4e, 0x20, 0x4d, 
	0x49, 0x54, 0x20, 0x44, 0x45, 0x4d, 0x20, 0x49, 0x4e, 0x53, 0x54, 0x52, 0x55, 0x4d, 0x45, 0x4e, 
	0x54, 0x20, 0x55, 0x4d, 0x47, 0x45, 0x48, 0x54, 0x21, 0x48, 0x41, 0x4c, 0x54, 0x45, 0x47, 0x45, 
	0x44, 0x52, 0xdc, 0x43, 0x4b, 0x54, 0x20, 0x57, 0xc4, 0x48, 0x52, 0x45, 0x4e, 0x44, 0x20, 0x44, 
	0x55, 0x42, 0x45, 0x54, 0xc4, 0x54, 0x49, 0x47, 0x53, 0x54, 0x2e, 0x20, 0x44, 0x45, 0x52, 0x20, 
	0x48, 0x41, 0x4d, 0x4d, 0x45, 0x52, 0x53, 0x4f, 0x55, 0x4e, 0x44, 0x20, 0x57, 0x49, 0x52, 0x44, 
	0x20, 0x44, 0x49, 0x45, 0x20, 0x4d, 0x45, 0x49, 0x53, 0x54, 0x45, 0x4e, 0x20, 0x4b, 0x52, 0x45, 
	0x4d, 0x4c, 0x49, 0x4e, 0x47, 0x53, 0x20, 0x55, 0x4d, 0x48, 0x41, 0x55, 0x45, 0x4e, 0x2c, 0x20, 
	0x41, 0x4c, 0x4c, 0x45, 0x52, 0x44, 0x49, 0x4e, 0x47, 0x53, 0x20, 0x56, 0x45, 0x52, 0x4c, 0x49, 
	0x45, 0x52, 0x54, 0x20, 0x44, 0x41, 0x53, 0x20, 0x49, 0x4e, 0x53, 0x54, 0x52, 0x55, 0x4d, 0x45, 
	0x4e, 0x54, 0x20, 0x41, 0x4e, 0x20, 0x45, 0x4e, 0x45, 0x52, 0x47, 0x49, 0x45, 0x21, 0x57, 0x45, 
	0x4e, 0x4e, 0x20, 0x44, 0x55, 0x20, 0x45, 0x49, 0x4e, 0x45, 0x4e, 0x20, 0x4b, 0x4f, 0x50, 0x46, 
	0x48, 0xd6, 0x52, 0x45, 0x52, 0x20, 0x46, 0x49, 0x4e, 0x44, 0x45, 0x53, 0x54, 0x2c, 0x20, 0x4b, 
	0x41, 0x4e, 0x4e, 0x53, 0x54, 0x20, 0x44, 0x55, 0x20, 0x44, 0x49, 0x45, 0x20, 0x45, 0x4e, 0x45, 
	0x52, 0x47, 0x49, 0x45, 0x20, 0x57, 0x49, 0x45, 0x44, 0x45, 0x52, 0x20, 0x41, 0x55, 0x46, 0x53, 
	0x54, 0x4f, 0x43, 0x4b, 0x45, 0x4e, 0x2e, 0x53, 0x54, 0x45, 0x4c, 0x4c, 0x20, 0x44, 0x49, 0x43, 
	0x48, 0x20, 0x42, 0x45, 0x49, 0x4d, 0x20, 0x53, 0x50, 0x49, 0x45, 0x4c, 0x45, 0x4e, 0x20, 0x41, 
	0x55, 0x46, 0x20, 0x45, 0x49, 0x4e, 0x45, 0x20, 0x4d, 0x55, 0x53, 0x49, 0x4b, 0x2d, 0x50, 0x4c, 
	0x41, 0x54, 0x54, 0x45, 0x2c, 0x20, 0x44, 0x41, 0x4e, 0x4e, 0x20, 0x56, 0x45, 0x52, 0x42, 0x52, 
	0x41, 0x55, 0x43, 0x48, 0x53, 0x54, 0x20, 0x44, 0x55, 0x20, 0x4b, 0x45, 0x49, 0x4e, 0x45, 0x20, 
	0x45, 0x4e, 0x45, 0x52, 0x47, 0x49, 0x45, 0x20, 0x55, 0x4e, 0x44, 0x20, 0x4d, 0x41, 0x4e, 0x43, 
	0x48, 0x4d, 0x41, 0x4c, 0x20, 0x50, 0x41, 0x53, 0x53, 0x49, 0x45, 0x52, 0x45, 0x4e, 0x20, 0x47, 
	0x41, 0x4e, 0x5a, 0x20, 0x41, 0x42, 0x47, 0x45, 0x46, 0x41, 0x48, 0x52, 0x45, 0x4e, 0x45, 0x20, 
	0x53, 0x41, 0x43, 0x48, 0x45, 0x4e, 0x2e, 0x49, 0x43, 0x48, 0x20, 0x48, 0x41, 0x42, 0x45, 0x20, 
	0x45, 0x55, 0x52, 0x45, 0x20, 0x49, 0x4e, 0x53, 0x54, 0x52, 0x55, 0x4d, 0x45, 0x4e, 0x54, 0x45, 
	0x20, 0x56, 0x45, 0x52, 0x42, 0x45, 0x53, 0x53, 0x45, 0x52, 0x54, 0x2e, 0x20, 0x53, 0x49, 0x45, 
	0x20, 0x48, 0x41, 0x42, 0x45, 0x4e, 0x20, 0x4a, 0x45, 0x54, 0x5a, 0x54, 0x20, 0x4e, 0x4f, 0x43, 
	0x48, 0x20, 0x4d, 0x45, 0x48, 0x52, 0x20, 0x50, 0x4f, 0x57, 0x45, 0x52, 0x21, 0x54, 0x4a, 0x41, 
	0x20, 0x7e, 0x2c, 0x20, 0x49, 0x43, 0x48, 0x20, 0x46, 0xdc, 0x52, 0x43, 0x48, 0x54, 0x45, 0x2c, 
	0x20, 0x44, 0x41, 0x53, 0x20, 0x57, 0x41, 0x52, 0x45, 0x4e, 0x20, 0x4d, 0x45, 0x49, 0x4e, 0x45, 
	0x20, 0x4c, 0x45, 0x54, 0x5a, 0x54, 0x45, 0x4e, 0x20, 0x4d, 0x45, 0x4c, 0x4f, 0x4e, 0x45, 0x4e, 
	0x21, 0x41, 0x43, 0x48, 0x20, 0x4a, 0x41, 0x2c, 0x20, 0x49, 0x43, 0x48, 0x20, 0x48, 0x41, 0x42, 
	0x45, 0x20, 0x45, 0x55, 0x52, 0x45, 0x20, 0x49, 0x4e, 0x53, 0x54, 0x52, 0x55, 0x4d, 0x45, 0x4e, 
	0x54, 0x45, 0x20, 0x57, 0x49, 0x45, 0x44, 0x45, 0x52, 0x20, 0x41, 0x55, 0x46, 0x20, 0x56, 0x4f, 
	0x52, 0x44, 0x45, 0x52, 0x4d, 0x41, 0x4e, 0x4e, 0x20, 0x47, 0x45, 0x42, 0x52, 0x41, 0x43, 0x48, 
	0x54, 0x21, 0x49, 0x43, 0x48, 0x20, 0x53, 0x43, 0x48, 0xc4, 0x54, 0x5a, 0x45, 0x2c, 0x20, 0x45, 
	0x49, 0x4e, 0x45, 0x20, 0x5a, 0x55, 0x53, 0xc4, 0x54, 0x5a, 0x4c, 0x49, 0x43, 0x48, 0x45, 0x20, 
	0x4d, 0x45, 0x4c, 0x4f, 0x4e, 0x45, 0x20, 0x57, 0x49, 0x52, 0x44, 0x20, 0x45, 0x55, 0x43, 0x48, 
	0x20, 0x4d, 0x41, 0x4e, 0x43, 0x48, 0x45, 0x53, 0x20, 0x45, 0x49, 0x4e, 0x46, 0x41, 0x43, 0x48, 
	0x45, 0x52, 0x20, 0x4d, 0x41, 0x43, 0x48, 0x45, 0x4e, 0x2e, 0x2e, 0x2e, 
};
u8 text_10[] = {
	0x3, 0x1, 0x1, 0x1, 0x0, 0x0, 0x0, 0x0, 0x0, 0x40, 0x0, 0x0, 0x0, 0x0, 0x0, 0x0, 
	0x1, 0x1, 0x1, 0x0, 0x0, 0x0, 0x40, 0x0, 0x3c, 0x0, 0x0, 0x0, 0x0, 0x0, 0x0, 0x1, 
	0x1, 0x1, 0x0, 0x0, 0x0, 0x7c, 0x0, 0x58, 0x0, 0x0, 0x0, 0x0, 0x0, 0x0, 0x0, 0xd4, 
	0x48, 0xd6, 0x52, 0x20, 0x5a, 0x55, 0x21, 0x20, 0x49, 0x4e, 0x20, 0x44, 0x45, 0x4e, 0x20, 0x57, 
	0x4f, 0x4c, 0x4b, 0x45, 0x4e, 0x20, 0x4c, 0x49, 0x45, 0x47, 0x54, 0x20, 0x44, 0x45, 0x52, 0x20, 
	0x53, 0x43, 0x48, 0x4c, 0xdc, 0x53, 0x53, 0x45, 0x4c, 0x20, 0x5a, 0x55, 0x20, 0x4d, 0x45, 0x49, 
	0x4e, 0x45, 0x52, 0x20, 0x46, 0x52, 0x45, 0x49, 0x48, 0x45, 0x49, 0x54, 0x2e, 0x2e, 0x2e, 0x20, 
	0x48, 0xd6, 0x52, 0x20, 0x41, 0x55, 0x46, 0x20, 0x48, 0x45, 0x52, 0x55, 0x4d, 0x5a, 0x55, 0x41, 
	0x4c, 0x42, 0x45, 0x52, 0x4e, 0x21, 0x20, 0x44, 0x45, 0x52, 0x20, 0x53, 0x41, 0x4e, 0x44, 0x20, 
	0x4a, 0x55, 0x43, 0x4b, 0x54, 0x20, 0x4d, 0x49, 0x43, 0x48, 0x20, 0x41, 0x4d, 0x20, 0x47, 0x41, 
	0x4e, 0x5a, 0x45, 0x4e, 0x20, 0x4b, 0xd6, 0x52, 0x50, 0x45, 0x52, 0x21, 0x56, 0x49, 0x45, 0x4c, 
	0x45, 0x4e, 0x20, 0x44, 0x41, 0x4e, 0x4b, 0x21, 0x20, 0x4d, 0x45, 0x48, 0x52, 0x20, 0x41, 0x4c, 
	0x53, 0x20, 0x44, 0x49, 0x45, 0x53, 0x45, 0x20, 0x41, 0x4c, 0x54, 0x45, 0x20, 0x42, 0x41, 0x4e, 
	0x41, 0x4e, 0x45, 0x20, 0x48, 0x41, 0x42, 0x45, 0x20, 0x49, 0x43, 0x48, 0x20, 0x4c, 0x45, 0x49, 
	0x44, 0x45, 0x52, 0x20, 0x4e, 0x49, 0x43, 0x48, 0x54, 0x2e, 0x20, 0x49, 0x43, 0x48, 0x20, 0x47, 
	0x45, 0x48, 0x20, 0x4a, 0x45, 0x54, 0x5a, 0x54, 0x20, 0x4e, 0x41, 0x43, 0x48, 0x20, 0x48, 0x41, 
	0x55, 0x53, 0x45, 0x21, 
};
u8 text_11[] = {
	0x9, 0x3, 0x1, 0x4, 0x0, 0x0, 0x0, 0x0, 0x0, 0x36, 0x0, 0x0, 0x0, 0x0, 0x0, 0x36, 
	0x0, 0x73, 0x0, 0x0, 0x0, 0x0, 0x0, 0xa9, 0x0, 0x7f, 0x0, 0x0, 0x0, 0x0, 0x1, 0x28, 
	0x0, 0x74, 0x0, 0x0, 0x0, 0x0, 0x0, 0x0, 0x2, 0x1, 0x0, 0x4a, 0x0, 0x0, 0x0, 0x0, 
	0x0, 0x0, 0x1, 0x3, 0x0, 0x0, 0x1, 0x9c, 0x0, 0x50, 0x0, 0x0, 0x0, 0x0, 0x1, 0xec, 
	0x0, 0x74, 0x0, 0x0, 0x0, 0x0, 0x2, 0x60, 0x0, 0x77, 0x0, 0x0, 0x0, 0x0, 0x0, 0x0, 
	0x1, 0x1, 0x1, 0x0, 0x0, 0x2, 0xd7, 0x0, 0x5f, 0x0, 0x0, 0x0, 0x0, 0x0, 0x0, 0x1, 
	0x1, 0x1, 0x0, 0x0, 0x3, 0x36, 0x0, 0x47, 0x0, 0x0, 0x0, 0x0, 0x0, 0x0, 0x1, 0x1, 
	0x1, 0x0, 0x0, 0x3, 0x7d, 0x0, 0x68, 0x0, 0x0, 0x0, 0x0, 0x0, 0x0, 0x1, 0x1, 0x1, 
	0x0, 0x0, 0x3, 0xe5, 0x0, 0x63, 0x0, 0x0, 0x0, 0x0, 0x0, 0x0, 0x1, 0x1, 0x1, 0x0, 
	0x0, 0x4, 0x48, 0x0, 0x33, 0x0, 0x0, 0x0, 0x0, 0x0, 0x0, 0x1, 0x1, 0x1, 0x0, 0x0, 
	0x4, 0x7b, 0x0, 0x4e, 0x0, 0x0, 0x0, 0x0, 0x0, 0x0, 0x1, 0x1, 0x1, 0x0, 0x0, 0x4, 
	0xc9, 0x0, 0x41, 0x0, 0x0, 0x0, 0x0, 0x0, 0x0, 0x1, 0x1, 0x3, 0x0, 0x0, 0x5, 0xa, 
	0x0, 0x6a, 0x0, 0x0, 0x0, 0x0, 0x5, 0x74, 0x0, 0x46, 0x0, 0x0, 0x0, 0x0, 0x5, 0xba, 
	0x0, 0x49, 0x0, 0x0, 0x0, 0x0, 0x0, 0x0, 0x6, 0x3, 0x53, 0x45, 0x49, 0x20, 0x47, 0x45, 
	0x47, 0x52, 0xdc, 0x53, 0x53, 0x54, 0x21, 0x20, 0x4d, 0x45, 0x49, 0x4e, 0x20, 0x4e, 0x41, 0x4d, 
	0x45, 0x20, 0x49, 0x53, 0x54, 0x20, 0x53, 0x4e, 0x49, 0x44, 0x45, 0x2c, 0x20, 0x49, 0x43, 0x48, 
	0x20, 0x57, 0x45, 0x49, 0x53, 0x53, 0x20, 0x42, 0x45, 0x53, 0x43, 0x48, 0x45, 0x49, 0x44, 0x21, 
	0x57, 0x55, 0x53, 0x53, 0x54, 0x45, 0x53, 0x54, 0x20, 0x44, 0x55, 0x2c, 0x20, 0x44, 0x41, 0x53, 
	0x53, 0x20, 0x4b, 0x2e, 0x52, 0x4f, 0x4f, 0x4c, 0x20, 0x41, 0x4e, 0x20, 0x53, 0x45, 0x49, 0x4e, 
	0x45, 0x52, 0x20, 0x4b, 0x41, 0x50, 0x55, 0x54, 0x54, 0x2d, 0x4f, 0x2d, 0x4d, 0x41, 0x54, 0x49, 
	0x4b, 0x20, 0x4d, 0x41, 0x53, 0x43, 0x48, 0x49, 0x4e, 0x45, 0x20, 0x4d, 0x49, 0x54, 0x20, 0x44, 
	0x45, 0x52, 0x20, 0x41, 0x42, 0x53, 0x49, 0x43, 0x48, 0x54, 0x20, 0x47, 0x45, 0x41, 0x52, 0x42, 
	0x45, 0x49, 0x54, 0x45, 0x54, 0x20, 0x48, 0x41, 0x54, 0x2c, 0x20, 0x45, 0x55, 0x52, 0x45, 0x20, 
	0x49, 0x4e, 0x53, 0x45, 0x4c, 0x20, 0x5a, 0x55, 0x20, 0x5a, 0x45, 0x52, 0x53, 0x54, 0xd6, 0x52, 
	0x45, 0x4e, 0x3f, 0x45, 0x49, 0x4e, 0x53, 0x54, 0x20, 0x57, 0x41, 0x52, 0x20, 0x49, 0x43, 0x48, 
	0x20, 0x43, 0x48, 0x45, 0x46, 0x54, 0x45, 0x43, 0x48, 0x4e, 0x49, 0x4b, 0x45, 0x52, 0x20, 0x44, 
	0x49, 0x45, 0x53, 0x45, 0x53, 0x20, 0x50, 0x52, 0x4f, 0x4a, 0x45, 0x4b, 0x54, 0x53, 0x2e, 0x20, 
	0x41, 0x42, 0x45, 0x52, 0x20, 0x44, 0x49, 0x45, 0x20, 0x42, 0x45, 0x54, 0x52, 0xdc, 0x47, 0x45, 
	0x52, 0x49, 0x53, 0x43, 0x48, 0x45, 0x20, 0x45, 0x43, 0x48, 0x53, 0x45, 0x20, 0x48, 0x41, 0x54, 
	0x20, 0x4d, 0x49, 0x43, 0x48, 0x20, 0x47, 0x45, 0x46, 0x45, 0x55, 0x45, 0x52, 0x54, 0x2c, 0x20, 
	0x57, 0x45, 0x49, 0x4c, 0x20, 0x53, 0x49, 0x45, 0x20, 0x4d, 0x49, 0x52, 0x20, 0x4e, 0x49, 0x43, 
	0x48, 0x54, 0x20, 0x4d, 0x45, 0x48, 0x52, 0x20, 0x56, 0x45, 0x52, 0x54, 0x52, 0x41, 0x55, 0x54, 
	0x45, 0x21, 0x49, 0x43, 0x48, 0x20, 0x48, 0x45, 0x4c, 0x46, 0x45, 0x20, 0x44, 0x49, 0x52, 0x20, 
	0x47, 0x45, 0x52, 0x4e, 0x45, 0x2c, 0x20, 0x53, 0x45, 0x49, 0x4e, 0x45, 0x20, 0x4d, 0x41, 0x53, 
	0x43, 0x48, 0x49, 0x4e, 0x45, 0x52, 0x49, 0x45, 0x20, 0x5a, 0x55, 0x20, 0x53, 0x54, 0x4f, 0x50, 
	0x50, 0x45, 0x4e, 0x2e, 0x20, 0x44, 0x4f, 0x43, 0x48, 0x20, 0x5a, 0x55, 0x56, 0x4f, 0x52, 0x20, 
	0x4d, 0x55, 0x53, 0x53, 0x54, 0x20, 0x44, 0x55, 0x20, 0x45, 0x49, 0x4e, 0x49, 0x47, 0x45, 0x20, 
	0x4d, 0x45, 0x49, 0x4e, 0x45, 0x52, 0x20, 0x4f, 0x52, 0x49, 0x47, 0x49, 0x4e, 0x41, 0x4c, 0x20, 
	0x42, 0x4c, 0x41, 0x55, 0x50, 0x41, 0x55, 0x53, 0x45, 0x4e, 0x20, 0x41, 0x55, 0x46, 0x54, 0x52, 
	0x45, 0x49, 0x42, 0x45, 0x4e, 0x21, 0x45, 0x49, 0x4e, 0x49, 0x47, 0x45, 0x20, 0x56, 0x4f, 0x4e, 
	0x20, 0x4b, 0x2e, 0x20, 0x52, 0x4f, 0x4f, 0x4c, 0x53, 0x20, 0x48, 0xc4, 0x52, 0x54, 0x45, 0x53, 
	0x54, 0x45, 0x4e, 0x20, 0x42, 0x55, 0x52, 0x53, 0x43, 0x48, 0x45, 0x4e, 0x20, 0x48, 0x4f, 0x52, 
	0x54, 0x45, 0x4e, 0x20, 0x44, 0x49, 0x45, 0x53, 0x45, 0x20, 0x50, 0x4c, 0xc4, 0x4e, 0x45, 0x21, 
	0x20, 0x41, 0x4c, 0x53, 0x4f, 0x20, 0x53, 0x45, 0x49, 0x20, 0x41, 0x55, 0x46, 0x20, 0x44, 0x45, 
	0x52, 0x20, 0x48, 0x55, 0x54, 0x21, 0x46, 0xdc, 0x52, 0x20, 0x4a, 0x45, 0x44, 0x45, 0x20, 0x42, 
	0x4c, 0x41, 0x55, 0x50, 0x41, 0x55, 0x53, 0x45, 0x2c, 0x20, 0x44, 0x49, 0x45, 0x20, 0x44, 0x55, 
	0x20, 0x42, 0x52, 0x49, 0x4e, 0x47, 0x53, 0x54, 0x2c, 0x20, 0x42, 0x45, 0x53, 0x4f, 0x52, 0x47, 
	0x45, 0x20, 0x49, 0x43, 0x48, 0x20, 0x44, 0x49, 0x52, 0x20, 0x45, 0x49, 0x4e, 0x45, 0x20, 0x47, 
	0x4f, 0x4c, 0x44, 0x45, 0x4e, 0x45, 0x20, 0x42, 0x41, 0x4e, 0x41, 0x4e, 0x45, 0x2c, 0x20, 0x44, 
	0x49, 0x45, 0x20, 0x4b, 0x2e, 0x52, 0x4f, 0x4f, 0x4c, 0x20, 0x41, 0x55, 0x53, 0x20, 0x44, 0x45, 
	0x49, 0x4e, 0x45, 0x4d, 0x20, 0x56, 0x4f, 0x52, 0x52, 0x41, 0x54, 0x20, 0x47, 0x45, 0x53, 0x54, 
	0x4f, 0x48, 0x4c, 0x45, 0x4e, 0x20, 0x48, 0x41, 0x54, 0x21, 0x4b, 0x45, 0x49, 0x4e, 0x45, 0x20, 
	0x42, 0x4c, 0x41, 0x55, 0x50, 0x41, 0x55, 0x53, 0x45, 0x2c, 0x20, 0x4b, 0x45, 0x49, 0x4e, 0x45, 
	0x20, 0x42, 0x41, 0x4e, 0x41, 0x4e, 0x45, 0x20, 0x2d, 0x20, 0x53, 0x4f, 0x20, 0x45, 0x49, 0x4e, 
	0x46, 0x41, 0x43, 0x48, 0x20, 0x49, 0x53, 0x54, 0x20, 0x44, 0x41, 0x53, 0x21, 0x20, 0x57, 0x45, 
	0x52, 0x20, 0x57, 0x45, 0x49, 0x53, 0x53, 0x2c, 0x20, 0x56, 0x49, 0x45, 0x4c, 0x4c, 0x45, 0x49, 
	0x43, 0x48, 0x54, 0x20, 0x47, 0x45, 0x57, 0x49, 0x4e, 0x4e, 0x53, 0x54, 0x20, 0x44, 0x55, 0x20, 
	0x44, 0x55, 0x52, 0x43, 0x48, 0x20, 0x53, 0x49, 0x45, 0x20, 0x45, 0x54, 0x57, 0x41, 0x53, 0x20, 
	0x57, 0x45, 0x52, 0x54, 0x56, 0x4f, 0x4c, 0x4c, 0x45, 0x20, 0x5a, 0x45, 0x49, 0x54, 0x2e, 0x2e, 
	0x2e, 0x48, 0x45, 0x52, 0x56, 0x4f, 0x52, 0x52, 0x41, 0x47, 0x45, 0x4e, 0x44, 0x2c, 0x20, 0x4b, 
	0x4f, 0x4e, 0x47, 0x21, 0x20, 0x44, 0x41, 0x20, 0x49, 0x53, 0x54, 0x20, 0x4a, 0x41, 0x20, 0x44, 
	0x49, 0x45, 0x20, 0x45, 0x52, 0x53, 0x54, 0x45, 0x20, 0x42, 0x4c, 0x41, 0x55, 0x50, 0x41, 0x55, 
	0x53, 0x45, 0x21, 0x20, 0x48, 0x49, 0x45, 0x52, 0x2c, 0x20, 0x44, 0x55, 0x20, 0x42, 0x45, 0x4b, 
	0x4f, 0x4d, 0x4d, 0x53, 0x54, 0x20, 0x45, 0x49, 0x4e, 0x45, 0x20, 0x47, 0x4f, 0x4c, 0x44, 0x45, 
	0x4e, 0x45, 0x20, 0x42, 0x41, 0x4e, 0x41, 0x4e, 0x45, 0x20, 0x44, 0x41, 0x46, 0xdc, 0x52, 0x2e, 
	0x41, 0x41, 0x48, 0x21, 0x20, 0x44, 0x55, 0x20, 0x48, 0x41, 0x53, 0x54, 0x20, 0x40, 0x20, 0x42, 
	0x4c, 0x41, 0x55, 0x50, 0x41, 0x55, 0x53, 0x45, 0x4e, 0x21, 0x20, 0x53, 0x45, 0x48, 0x52, 0x20, 
	0x45, 0x52, 0x46, 0x45, 0x55, 0x4c, 0x49, 0x43, 0x48, 0x21, 0x20, 0x48, 0x49, 0x45, 0x52, 0x20, 
	0x53, 0x49, 0x4e, 0x44, 0x20, 0x40, 0x20, 0x47, 0x4f, 0x4c, 0x44, 0x45, 0x4e, 0x45, 0x20, 0x42, 
	0x41, 0x4e, 0x41, 0x4e, 0x45, 0x4e, 0x21, 0x48, 0xd6, 0x52, 0x20, 0x41, 0x55, 0x46, 0x20, 0x4d, 
	0x49, 0x54, 0x20, 0x44, 0x45, 0x49, 0x4e, 0x45, 0x4e, 0x20, 0x53, 0x50, 0x49, 0x45, 0x4c, 0x43, 
	0x48, 0x45, 0x4e, 0x2c, 0x20, 0x4b, 0x4f, 0x4e, 0x47, 0x21, 0x20, 0x44, 0x49, 0x45, 0x53, 0x45, 
	0x20, 0x42, 0x4c, 0x41, 0x55, 0x50, 0x41, 0x55, 0x53, 0x45, 0x4e, 0x20, 0x53, 0x49, 0x4e, 0x44, 
	0x20, 0x46, 0xdc, 0x52, 0x20, 0x55, 0x4e, 0x53, 0x20, 0x42, 0x45, 0x49, 0x44, 0x45, 0x20, 0x57, 
	0x49, 0x43, 0x48, 0x54, 0x49, 0x47, 0x21, 0x20, 0x41, 0x4c, 0x53, 0x4f, 0x20, 0x47, 0x45, 0x48, 
	0x20, 0x55, 0x4e, 0x44, 0x20, 0x46, 0x49, 0x4e, 0x44, 0x45, 0x20, 0x53, 0x49, 0x45, 0x21, 0x53, 
	0x4f, 0x4c, 0x4c, 0x20, 0x44, 0x41, 0x53, 0x20, 0x57, 0x49, 0x54, 0x5a, 0x49, 0x47, 0x20, 0x53, 
	0x45, 0x49, 0x4e, 0x2c, 0x20, 0x4b, 0x4f, 0x4e, 0x47, 0x3f, 0x20, 0x49, 0x43, 0x48, 0x20, 0x42, 
	0x52, 0x41, 0x55, 0x43, 0x48, 0x45, 0x20, 0x44, 0x49, 0x45, 0x20, 0x42, 0x4c, 0x41, 0x55, 0x50, 
	0x41, 0x55, 0x53, 0x45, 0x4e, 0x2c, 0x20, 0x55, 0x4d, 0x20, 0x4d, 0x45, 0x49, 0x4e, 0x45, 0x4d, 
	0x20, 0x5a, 0x49, 0x45, 0x4c, 0x20, 0x4e, 0xc4, 0x48, 0x45, 0x52, 0x5a, 0x55, 0x4b, 0x4f, 0x4d, 
	0x4d, 0x45, 0x4e, 0x21, 0x20, 0x47, 0x45, 0x4e, 0x41, 0x55, 0x20, 0x57, 0x49, 0x45, 0x20, 0x44, 
	0x55, 0x21, 0x53, 0x41, 0x55, 0x42, 0x45, 0x52, 0x45, 0x20, 0x41, 0x52, 0x42, 0x45, 0x49, 0x54, 
	0x2c, 0x20, 0x4b, 0x4f, 0x4e, 0x47, 0x21, 0x20, 0x45, 0x49, 0x4e, 0x45, 0x20, 0x57, 0x45, 0x49, 
	0x54, 0x45, 0x52, 0x45, 0x20, 0x42, 0x41, 0x4e, 0x41, 0x4e, 0x45, 0x20, 0x46, 0xdc, 0x52, 0x20, 
	0x44, 0x49, 0x43, 0x48, 0x21, 0x53, 0x4f, 0x20, 0x4d, 0x41, 0x43, 0x48, 0x54, 0x20, 0x4d, 0x41, 
	0x4e, 0x20, 0x47, 0x45, 0x53, 0x43, 0x48, 0xc4, 0x46, 0x54, 0x45, 0x2c, 0x20, 0x4b, 0x4f, 0x4e, 
	0x47, 0x21, 0x20, 0x40, 0x20, 0x42, 0x4c, 0x41, 0x55, 0x50, 0x41, 0x55, 0x53, 0x45, 0x4e, 0x2e, 
	0x2e, 0x2e, 0x20, 0x44, 0x41, 0x46, 0xdc, 0x52, 0x20, 0x47, 0x49, 0x42, 0x54, 0x20, 0x45, 0x53, 
	0x20, 0x40, 0x20, 0x47, 0x4f, 0x4c, 0x44, 0x45, 0x4e, 0x45, 0x20, 0x42, 0x41, 0x4e, 0x41, 0x4e, 
	0x45, 0x4e, 0x2e, 0x45, 0x49, 0x4e, 0x53, 0x41, 0x54, 0x5a, 0x20, 0x42, 0x45, 0x45, 0x4e, 0x44, 
	0x45, 0x54, 0x2c, 0x20, 0x4b, 0x4f, 0x4e, 0x47, 0x21, 0x20, 0x4c, 0x41, 0x53, 0x53, 0x20, 0x55, 
	0x4e, 0x53, 0x20, 0x45, 0x49, 0x4e, 0x45, 0x4e, 0x20, 0x44, 0x45, 0x41, 0x4c, 0x20, 0x4d, 0x49, 
	0x54, 0x20, 0x4b, 0x2e, 0x52, 0x4f, 0x4f, 0x4c, 0x20, 0x4d, 0x41, 0x43, 0x48, 0x45, 0x4e, 0x2c, 
	0x20, 0x4f, 0x4b, 0x3f, 0x50, 0x41, 0x53, 0x53, 0x20, 0x41, 0x55, 0x46, 0x2c, 0x20, 0x4b, 0x4f, 
	0x4e, 0x47, 0x21, 0x20, 0x44, 0x41, 0x4e, 0x4b, 0x20, 0x44, 0x45, 0x49, 0x4e, 0x45, 0x52, 0x20, 
	0x42, 0x4c, 0x41, 0x55, 0x50, 0x41, 0x55, 0x53, 0x45, 0x4e, 0x20, 0x4b, 0x4f, 0x4e, 0x4e, 0x54, 
	0x45, 0x20, 0x49, 0x43, 0x48, 0x20, 0x44, 0x49, 0x45, 0x20, 0x4b, 0x41, 0x50, 0x55, 0x54, 0x54, 
	0x2d, 0x4f, 0x2d, 0x4d, 0x41, 0x54, 0x49, 0x4b, 0x20, 0x5a, 0x45, 0x52, 0x53, 0x54, 0xd6, 0x52, 
	0x55, 0x4e, 0x47, 0x20, 0x55, 0x4d, 0x20, 0x40, 0x20, 0x4d, 0x49, 0x4e, 0x55, 0x54, 0x45, 0x4e, 
	0x20, 0x48, 0x45, 0x52, 0x41, 0x55, 0x53, 0x5a, 0xd6, 0x47, 0x45, 0x52, 0x4e, 0x21, 0x4a, 0x45, 
	0x54, 0x5a, 0x54, 0x20, 0x4d, 0x55, 0x53, 0x53, 0x54, 0x20, 0x44, 0x55, 0x20, 0x49, 0x4e, 0x20, 
	0x44, 0x45, 0x52, 0x20, 0x48, 0x41, 0x55, 0x50, 0x54, 0x48, 0xd6, 0x48, 0x4c, 0x45, 0x20, 0x44, 
	0x49, 0x45, 0x20, 0x4d, 0x41, 0x53, 0x43, 0x48, 0x49, 0x4e, 0x45, 0x20, 0x46, 0x49, 0x4e, 0x44, 
	0x45, 0x4e, 0x20, 0x55, 0x4e, 0x44, 0x20, 0x44, 0x45, 0x41, 0x4b, 0x54, 0x49, 0x56, 0x49, 0x45, 
	0x52, 0x45, 0x4e, 0x21, 0x5a, 0x41, 0x43, 0x4b, 0x2c, 0x20, 0x5a, 0x41, 0x43, 0x4b, 0x21, 0x20, 
	0x4f, 0x44, 0x45, 0x52, 0x20, 0x45, 0x53, 0x20, 0x47, 0x49, 0x42, 0x54, 0x20, 0x4b, 0x45, 0x49, 
	0x4e, 0x45, 0x20, 0x49, 0x4e, 0x53, 0x45, 0x4c, 0x20, 0x4d, 0x45, 0x48, 0x52, 0x2c, 0x20, 0x5a, 
	0x55, 0x20, 0x44, 0x45, 0x52, 0x20, 0x44, 0x55, 0x20, 0x5a, 0x55, 0x52, 0xdc, 0x43, 0x4b, 0x4b, 
	0x45, 0x48, 0x52, 0x45, 0x4e, 0x20, 0x4b, 0x41, 0x4e, 0x4e, 0x53, 0x54, 0x21, 
};
u8 text_12[] = {
	0x4, 0x1, 0x1, 0x1, 0x0, 0x0, 0x0, 0x0, 0x0, 0x5, 0x0, 0x0, 0x0, 0x0, 0x0, 0x0, 
	0x1, 0x1, 0x1, 0x0, 0x0, 0x0, 0x5, 0x0, 0x1c, 0x0, 0x0, 0x0, 0x0, 0x0, 0x0, 0x1, 
	0x1, 0x1, 0x0, 0x0, 0x0, 0x21, 0x0, 0xc, 0x0, 0x0, 0x0, 0x0, 0x0, 0x0, 0x1, 0x1, 
	0x1, 0x0, 0x0, 0x0, 0x2d, 0x0, 0xf, 0x0, 0x0, 0x0, 0x0, 0x0, 0x0, 0x0, 0x3c, 0x44, 
	0x4b, 0x20, 0x54, 0x56, 0x31, 0x39, 0x39, 0x39, 0x20, 0x4e, 0x49, 0x4e, 0x54, 0x45, 0x4e, 0x44, 
	0x4f, 0x2e, 0x20, 0x47, 0x41, 0x4d, 0x45, 0x20, 0x42, 0x59, 0x20, 0x52, 0x41, 0x52, 0x45, 0x2e, 
	0x44, 0x52, 0xdc, 0x43, 0x4b, 0x45, 0x20, 0x53, 0x54, 0x41, 0x52, 0x54, 0x4b, 0x45, 0x49, 0x4e, 
	0x20, 0x43, 0x4f, 0x4e, 0x54, 0x52, 0x4f, 0x4c, 0x4c, 0x45, 0x52, 
};
u8 text_13[] = {
	0x3, 0x1, 0x1, 0x1, 0x0, 0x0, 0x0, 0x0, 0x0, 0xe, 0x0, 0x0, 0x0, 0x0, 0x0, 0x0, 
	0x1, 0x1, 0x1, 0x0, 0x0, 0x0, 0xe, 0x0, 0x22, 0x0, 0x0, 0x0, 0x0, 0x0, 0x0, 0x1, 
	0x1, 0x1, 0x0, 0x0, 0x0, 0x30, 0x0, 0x32, 0x0, 0x0, 0x0, 0x0, 0x0, 0x0, 0x0, 0x62, 
	0x50, 0x52, 0xc4, 0x53, 0x45, 0x4e, 0x54, 0x49, 0x45, 0x52, 0x54, 0x20, 0x49, 0x4e, 0x44, 0x4f, 
	0x4c, 0x42, 0x59, 0x20, 0x55, 0x4e, 0x44, 0x20, 0x44, 0x41, 0x53, 0x20, 0x44, 0x4f, 0x50, 0x50, 
	0x45, 0x4c, 0x2d, 0x44, 0x20, 0x53, 0x59, 0x4d, 0x42, 0x4f, 0x4c, 0x20, 0x53, 0x49, 0x4e, 0x44, 
	0x45, 0x49, 0x4e, 0x47, 0x45, 0x54, 0x52, 0x41, 0x47, 0x45, 0x4e, 0x45, 0x20, 0x4d, 0x41, 0x52, 
	0x4b, 0x45, 0x4e, 0x5a, 0x45, 0x49, 0x43, 0x48, 0x45, 0x4e, 0x20, 0x44, 0x45, 0x52, 0x20, 0x44, 
	0x4f, 0x4c, 0x42, 0x59, 0x20, 0x4c, 0x41, 0x42, 0x4f, 0x52, 0x41, 0x54, 0x4f, 0x52, 0x49, 0x45, 
	0x53, 0x2e, 
};
u8 text_14[] = {
	0x5, 0x5, 0x1, 0x1, 0x0, 0x0, 0x0, 0x0, 0x0, 0x88, 0x0, 0x0, 0x0, 0x0, 0x0, 0x0, 
	0x2, 0x1, 0x0, 0x6b, 0x0, 0x0, 0x0, 0x0, 0x0, 0x0, 0x1, 0x1, 0x0, 0x0, 0x0, 0x88, 
	0x0, 0x5d, 0x0, 0x0, 0x0, 0x0, 0x0, 0x0, 0x2, 0x1, 0x0, 0x6e, 0x0, 0x0, 0x0, 0x0, 
	0x0, 0x0, 0x1, 0x2, 0x0, 0x0, 0x0, 0xe5, 0x0, 0xf, 0x0, 0x0, 0x0, 0x0, 0x0, 0xf4, 
	0x0, 0x11, 0x0, 0x0, 0x0, 0x0, 0x0, 0x0, 0x1, 0x1, 0x1, 0x0, 0x0, 0x1, 0x5, 0x0, 
	0x36, 0x0, 0x0, 0x0, 0x0, 0x0, 0x0, 0x1, 0x1, 0x1, 0x0, 0x0, 0x1, 0x3b, 0x0, 0x38, 
	0x0, 0x0, 0x0, 0x0, 0x0, 0x0, 0x1, 0x1, 0x1, 0x0, 0x0, 0x1, 0x73, 0x0, 0x25, 0x0, 
	0x0, 0x0, 0x0, 0x0, 0x0, 0x1, 0x1, 0x1, 0x0, 0x0, 0x1, 0x98, 0x0, 0x27, 0x0, 0x0, 
	0x0, 0x0, 0x0, 0x0, 0x1, 0xbf, 0x44, 0x55, 0x20, 0x42, 0x49, 0x53, 0x54, 0x20, 0x45, 0x53, 
	0x2c, 0x20, 0x7e, 0x2e, 0x20, 0x4f, 0x4b, 0x41, 0x59, 0x2c, 0x20, 0x57, 0x45, 0x4e, 0x4e, 0x20, 
	0x44, 0x55, 0x20, 0x42, 0x45, 0x49, 0x20, 0x44, 0x45, 0x52, 0x20, 0x52, 0x55, 0x54, 0x53, 0x43, 
	0x48, 0x50, 0x41, 0x52, 0x54, 0x49, 0x45, 0x20, 0x53, 0x43, 0x48, 0x4e, 0x45, 0x4c, 0x4c, 0x45, 
	0x52, 0x20, 0x42, 0x49, 0x53, 0x54, 0x20, 0x1, 0x55, 0x4e, 0x44, 0x1, 0x20, 0x40, 0x20, 0x4d, 
	0xdc, 0x4e, 0x5a, 0x45, 0x4e, 0x20, 0x53, 0x41, 0x4d, 0x4d, 0x45, 0x4c, 0x53, 0x54, 0x2c, 0x20, 
	0xdc, 0x42, 0x45, 0x52, 0x4c, 0x41, 0x53, 0x53, 0x45, 0x20, 0x49, 0x43, 0x48, 0x20, 0x44, 0x49, 
	0x52, 0x20, 0x45, 0x49, 0x4e, 0x45, 0x20, 0x47, 0x4f, 0x4c, 0x44, 0x45, 0x4e, 0x45, 0x20, 0x42, 
	0x41, 0x4e, 0x41, 0x4e, 0x45, 0x2e, 0x20, 0x42, 0x45, 0x4e, 0x55, 0x54, 0x5a, 0x45, 0x55, 0x4d, 
	0x20, 0x5a, 0x55, 0x20, 0x53, 0x54, 0x45, 0x55, 0x45, 0x52, 0x4e, 0x2e, 0x20, 0x53, 0x54, 0x45, 
	0x55, 0x45, 0x52, 0x45, 0x20, 0x4e, 0x41, 0x43, 0x48, 0x20, 0x56, 0x4f, 0x52, 0x4e, 0x2c, 0x20, 
	0x55, 0x4d, 0x20, 0x5a, 0x55, 0x20, 0x42, 0x45, 0x53, 0x43, 0x48, 0x4c, 0x45, 0x55, 0x4e, 0x49, 
	0x47, 0x45, 0x4e, 0x20, 0x55, 0x4e, 0x44, 0x20, 0x4e, 0x41, 0x43, 0x48, 0x20, 0x48, 0x49, 0x4e, 
	0x54, 0x45, 0x4e, 0x2c, 0x20, 0x55, 0x4d, 0x20, 0x41, 0x42, 0x5a, 0x55, 0x42, 0x52, 0x45, 0x4d, 
	0x53, 0x45, 0x4e, 0x2e, 0x20, 0x44, 0x52, 0xdc, 0x43, 0x4b, 0x45, 0x55, 0x4d, 0x20, 0x5a, 0x55, 
	0x20, 0x53, 0x50, 0x52, 0x49, 0x4e, 0x47, 0x45, 0x4e, 0x2e, 0x4f, 0x4b, 0x41, 0x59, 0x3f, 0x20, 
	0x4c, 0x4f, 0x53, 0x20, 0x47, 0x45, 0x48, 0x54, 0x27, 0x53, 0x21, 0x44, 0x55, 0x20, 0x42, 0x49, 
	0x53, 0x54, 0x20, 0x42, 0x45, 0x53, 0x53, 0x45, 0x52, 0x20, 0x41, 0x4c, 0x53, 0x20, 0x49, 0x43, 
	0x48, 0x20, 0x44, 0x41, 0x43, 0x48, 0x54, 0x45, 0x2c, 0x20, 0x7e, 0x2e, 0x20, 0x48, 0x49, 0x45, 
	0x52, 0x20, 0x49, 0x53, 0x54, 0x20, 0x44, 0x45, 0x49, 0x4e, 0x20, 0x50, 0x52, 0x45, 0x49, 0x53, 
	0x21, 0x44, 0x45, 0x49, 0x4e, 0x45, 0x20, 0x4d, 0xdc, 0x48, 0x45, 0x20, 0x57, 0x41, 0x52, 0x20, 
	0x4c, 0x45, 0x49, 0x44, 0x45, 0x52, 0x20, 0x55, 0x4d, 0x53, 0x4f, 0x4e, 0x53, 0x54, 0x2e, 0x20, 
	0x44, 0x49, 0x52, 0x20, 0x46, 0x45, 0x48, 0x4c, 0x45, 0x4e, 0x20, 0x4e, 0x4f, 0x43, 0x48, 0x20, 
	0x40, 0x20, 0x4d, 0xdc, 0x4e, 0x5a, 0x45, 0x4e, 0x21, 0x4e, 0x49, 0x43, 0x48, 0x54, 0x20, 0xdc, 
	0x42, 0x45, 0x4c, 0x2c, 0x20, 0x41, 0x42, 0x45, 0x52, 0x20, 0x44, 0x55, 0x20, 0x57, 0x41, 0x52, 
	0x53, 0x54, 0x20, 0x5a, 0x55, 0x20, 0x4c, 0x41, 0x4e, 0x47, 0x53, 0x41, 0x4d, 0x21, 0x48, 0x45, 
	0x59, 0x20, 0x7e, 0x2c, 0x20, 0x49, 0x4d, 0x4d, 0x45, 0x52, 0x20, 0x53, 0x43, 0x48, 0xd6, 0x4e, 
	0x20, 0x49, 0x4e, 0x20, 0x44, 0x45, 0x52, 0x20, 0x53, 0x50, 0x55, 0x52, 0x20, 0x42, 0x4c, 0x45, 
	0x49, 0x42, 0x45, 0x4e, 0x21, 
};
u8 text_15[] = {
	0x4, 0x1, 0x1, 0x1, 0x0, 0x0, 0x0, 0x0, 0x0, 0x72, 0x0, 0x0, 0x0, 0x0, 0x0, 0x0, 
	0x1, 0x1, 0x2, 0x0, 0x0, 0x0, 0x72, 0x0, 0x3e, 0x0, 0x0, 0x0, 0x0, 0x0, 0xb0, 0x0, 
	0x5b, 0x0, 0x0, 0x0, 0x0, 0x0, 0x0, 0x1, 0x1, 0x1, 0x0, 0x0, 0x1, 0xb, 0x0, 0x45, 
	0x0, 0x0, 0x0, 0x0, 0x0, 0x0, 0x1, 0x1, 0x1, 0x0, 0x0, 0x1, 0x50, 0x0, 0x46, 0x0, 
	0x0, 0x0, 0x0, 0x0, 0x0, 0x1, 0x96, 0x41, 0x48, 0x48, 0x21, 0x20, 0x46, 0x52, 0x45, 0x49, 
	0x48, 0x45, 0x49, 0x54, 0x2e, 0x2e, 0x2e, 0x20, 0x44, 0x41, 0x4e, 0x4b, 0x45, 0x2c, 0x20, 0x7e, 
	0x21, 0x20, 0x57, 0x45, 0x4e, 0x4e, 0x20, 0x44, 0x55, 0x20, 0x53, 0x43, 0x48, 0x41, 0x52, 0x46, 
	0x20, 0x44, 0x52, 0x41, 0x55, 0x46, 0x20, 0x42, 0x49, 0x53, 0x54, 0x2c, 0x20, 0x4d, 0x49, 0x52, 
	0x20, 0x44, 0x45, 0x49, 0x4e, 0x45, 0x20, 0x46, 0x4c, 0x55, 0x47, 0x4b, 0xdc, 0x4e, 0x53, 0x54, 
	0x45, 0x20, 0x5a, 0x55, 0x20, 0x5a, 0x45, 0x49, 0x47, 0x45, 0x4e, 0x2c, 0x20, 0x54, 0x52, 0x45, 
	0x46, 0x46, 0x45, 0x4e, 0x20, 0x57, 0x49, 0x52, 0x20, 0x55, 0x4e, 0x53, 0x20, 0x41, 0x4d, 0x20, 
	0x46, 0x4c, 0x55, 0x47, 0x46, 0x41, 0x53, 0x53, 0x21, 0x44, 0x41, 0x20, 0x42, 0x49, 0x53, 0x54, 
	0x20, 0x44, 0x55, 0x20, 0x4a, 0x41, 0x2c, 0x20, 0x7e, 0x21, 0x20, 0x49, 0x43, 0x48, 0x20, 0x44, 
	0x41, 0x43, 0x48, 0x54, 0x45, 0x20, 0x53, 0x43, 0x48, 0x4f, 0x4e, 0x2c, 0x20, 0x44, 0x55, 0x20, 
	0x48, 0xc4, 0x54, 0x54, 0x45, 0x53, 0x54, 0x20, 0x44, 0x49, 0x43, 0x48, 0x20, 0x56, 0x45, 0x52, 
	0x4c, 0x41, 0x55, 0x46, 0x45, 0x4e, 0x21, 0x46, 0x4f, 0x4c, 0x47, 0x45, 0x20, 0x4d, 0x49, 0x52, 
	0x20, 0x55, 0x4e, 0x44, 0x20, 0x46, 0x4c, 0x49, 0x45, 0x47, 0x45, 0x20, 0x44, 0x55, 0x52, 0x43, 
	0x48, 0x20, 0x1, 0x41, 0x4c, 0x4c, 0x45, 0x1, 0x20, 0x52, 0x49, 0x4e, 0x47, 0x45, 0x20, 0x44, 
	0x49, 0x45, 0x20, 0x49, 0x43, 0x48, 0x20, 0x56, 0x4f, 0x52, 0x47, 0x45, 0x42, 0x45, 0x2c, 0x20, 
	0x55, 0x4d, 0x20, 0x45, 0x49, 0x4e, 0x45, 0x4e, 0x20, 0x46, 0x45, 0x54, 0x54, 0x45, 0x4e, 0x20, 
	0x50, 0x52, 0x45, 0x49, 0x53, 0x20, 0x5a, 0x55, 0x20, 0x47, 0x45, 0x57, 0x49, 0x4e, 0x4e, 0x45, 
	0x4e, 0x21, 0x48, 0x45, 0x59, 0x21, 0x20, 0x44, 0x55, 0x20, 0x46, 0x4c, 0x49, 0x45, 0x47, 0x53, 
	0x54, 0x20, 0x57, 0x49, 0x45, 0x20, 0x45, 0x49, 0x4e, 0x45, 0x20, 0x4c, 0x41, 0x48, 0x4d, 0x45, 
	0x20, 0x45, 0x4e, 0x54, 0x45, 0x21, 0x20, 0x57, 0x49, 0x52, 0x20, 0x46, 0x41, 0x4e, 0x47, 0x45, 
	0x4e, 0x20, 0x4e, 0x4f, 0x43, 0x48, 0x20, 0x4d, 0x41, 0x4c, 0x20, 0x56, 0x4f, 0x4e, 0x20, 0x56, 
	0x4f, 0x52, 0x4e, 0x20, 0x41, 0x4e, 0x21, 0x46, 0x4f, 0x52, 0x4d, 0x49, 0x44, 0x41, 0x42, 0x45, 
	0x4c, 0x20, 0x47, 0x45, 0x46, 0x4c, 0x4f, 0x47, 0x45, 0x4e, 0x2c, 0x20, 0x7e, 0x21, 0x20, 0x4d, 
	0x41, 0x4c, 0x20, 0x53, 0x45, 0x48, 0x45, 0x4e, 0x2c, 0x20, 0x57, 0x41, 0x53, 0x20, 0x49, 0x43, 
	0x48, 0x20, 0x44, 0x49, 0x52, 0x20, 0x41, 0x4c, 0x53, 0x20, 0x50, 0x52, 0x45, 0x49, 0x53, 0x20, 
	0x47, 0x45, 0x42, 0x45, 0x4e, 0x20, 0x4b, 0x41, 0x4e, 0x4e, 0x2e, 0x2e, 0x2e, 
};
u8 text_16[] = {
	0x1a, 0x1, 0x1, 0x2, 0x0, 0x0, 0x0, 0x0, 0x0, 0x3b, 0x0, 0x0, 0x0, 0x0, 0x0, 0x3b, 
	0x0, 0x27, 0x0, 0x0, 0x0, 0x0, 0x0, 0x0, 0x1, 0x1, 0x1, 0x0, 0x0, 0x0, 0x62, 0x0, 
	0x2a, 0x0, 0x0, 0x0, 0x0, 0x0, 0x0, 0x5, 0x1, 0x3, 0x0, 0x0, 0x0, 0x8c, 0x0, 0x13, 
	0x0, 0x0, 0x0, 0x0, 0x0, 0x9f, 0x0, 0x50, 0x0, 0x0, 0x0, 0x0, 0x0, 0xef, 0x0, 0x7, 
	0x0, 0x0, 0x0, 0x0, 0x0, 0x0, 0x2, 0x1, 0x0, 0x6b, 0x0, 0x0, 0x0, 0x0, 0x0, 0x0, 
	0x1, 0x2, 0x0, 0x0, 0x0, 0xf6, 0x0, 0x48, 0x0, 0x0, 0x0, 0x0, 0x1, 0x3e, 0x0, 0x6, 
	0x0, 0x0, 0x0, 0x0, 0x0, 0x0, 0x2, 0x1, 0x0, 0x6e, 0x0, 0x0, 0x0, 0x0, 0x0, 0x0, 
	0x1, 0x1, 0x0, 0x0, 0x1, 0x44, 0x0, 0x44, 0x0, 0x0, 0x0, 0x0, 0x0, 0x0, 0x1, 0x1, 
	0x1, 0x0, 0x0, 0x1, 0x88, 0x0, 0x3e, 0x0, 0x0, 0x0, 0x0, 0x0, 0x0, 0x1, 0x1, 0x1, 
	0x0, 0x0, 0x1, 0xc6, 0x0, 0x43, 0x0, 0x0, 0x0, 0x0, 0x0, 0x0, 0x5, 0x1, 0x2, 0x0, 
	0x0, 0x2, 0x9, 0x0, 0x3b, 0x0, 0x0, 0x0, 0x0, 0x2, 0x44, 0x0, 0x7, 0x0, 0x0, 0x0, 
	0x0, 0x0, 0x0, 0x2, 0x1, 0x0, 0x6b, 0x0, 0x0, 0x0, 0x0, 0x0, 0x0, 0x1, 0x2, 0x0, 
	0x0, 0x2, 0x4b, 0x0, 0x4b, 0x0, 0x0, 0x0, 0x0, 0x2, 0x96, 0x0, 0x6, 0x0, 0x0, 0x0, 
	0x0, 0x0, 0x0, 0x2, 0x1, 0x0, 0x6e, 0x0, 0x0, 0x0, 0x0, 0x0, 0x0, 0x1, 0x3, 0x0, 
	0x0, 0x2, 0x9c, 0x0, 0xf, 0x0, 0x0, 0x0, 0x0, 0x2, 0xab, 0x0, 0x35, 0x0, 0x0, 0x0, 
	0x0, 0x2, 0xe0, 0x0, 0x11, 0x0, 0x0, 0x0, 0x0, 0x0, 0x0, 0x1, 0x1, 0x1, 0x0, 0x0, 
	0x2, 0xf1, 0x0, 0x38, 0x0, 0x0, 0x0, 0x0, 0x0, 0x0, 0x1, 0x1, 0x1, 0x0, 0x0, 0x3, 
	0x29, 0x0, 0x2f, 0x0, 0x0, 0x0, 0x0, 0x0, 0x0, 0x5, 0x1, 0x2, 0x0, 0x0, 0x3, 0x58, 
	0x0, 0x49, 0x0, 0x0, 0x0, 0x0, 0x3, 0xa1, 0x0, 0x7, 0x0, 0x0, 0x0, 0x0, 0x0, 0x0, 
	0x2, 0x1, 0x0, 0x6b, 0x0, 0x0, 0x0, 0x0, 0x0, 0x0, 0x1, 0x2, 0x0, 0x0, 0x3, 0xa8, 
	0x0, 0x48, 0x0, 0x0, 0x0, 0x0, 0x3, 0xf0, 0x0, 0x6, 0x0, 0x0, 0x0, 0x0, 0x0, 0x0, 
	0x2, 0x1, 0x0, 0x6e, 0x0, 0x0, 0x0, 0x0, 0x0, 0x0, 0x1, 0x3, 0x0, 0x0, 0x3, 0xf6, 
	0x0, 0x12, 0x0, 0x0, 0x0, 0x0, 0x4, 0x8, 0x0, 0x2d, 0x0, 0x0, 0x0, 0x0, 0x4, 0x35, 
	0x0, 0x14, 0x0, 0x0, 0x0, 0x0, 0x0, 0x0, 0x1, 0x1, 0x1, 0x0, 0x0, 0x4, 0x49, 0x0, 
	0x48, 0x0, 0x0, 0x0, 0x0, 0x0, 0x0, 0x1, 0x1, 0x1, 0x0, 0x0, 0x4, 0x91, 0x0, 0x65, 
	0x0, 0x0, 0x0, 0x0, 0x0, 0x0, 0x1, 0x1, 0x2, 0x0, 0x0, 0x4, 0xf6, 0x0, 0x4b, 0x0, 
	0x0, 0x0, 0x0, 0x5, 0x41, 0x0, 0x2b, 0x0, 0x0, 0x0, 0x0, 0x0, 0x0, 0x1, 0x1, 0x1, 
	0x0, 0x0, 0x5, 0x6c, 0x0, 0x24, 0x0, 0x0, 0x0, 0x0, 0x0, 0x0, 0x1, 0x1, 0x2, 0x0, 
	0x0, 0x5, 0x90, 0x0, 0x52, 0x0, 0x0, 0x0, 0x0, 0x5, 0xe2, 0x0, 0x58, 0x0, 0x0, 0x0, 
	0x0, 0x0, 0x0, 0x1, 0x1, 0x1, 0x0, 0x0, 0x6, 0x3a, 0x0, 0x57, 0x0, 0x0, 0x0, 0x0, 
	0x0, 0x0, 0x1, 0x1, 0x3, 0x0, 0x0, 0x6, 0x91, 0x0, 0x46, 0x0, 0x0, 0x0, 0x0, 0x6, 
	0xd7, 0x0, 0x47, 0x0, 0x0, 0x0, 0x0, 0x7, 0x1e, 0x0, 0x76, 0x0, 0x0, 0x0, 0x0, 0x0, 
	0x0, 0x1, 0x1, 0x1, 0x0, 0x0, 0x7, 0x94, 0x0, 0x5b, 0x0, 0x0, 0x0, 0x0, 0x0, 0x0, 
	0x1, 0x1, 0x2, 0x0, 0x0, 0x7, 0xef, 0x0, 0x50, 0x0, 0x0, 0x0, 0x0, 0x8, 0x3f, 0x0, 
	0x3f, 0x0, 0x0, 0x0, 0x0, 0x0, 0x0, 0x1, 0x1, 0x1, 0x0, 0x0, 0x8, 0x7e, 0x0, 0x38, 
	0x0, 0x0, 0x0, 0x0, 0x0, 0x0, 0x1, 0x1, 0x1, 0x0, 0x0, 0x8, 0xb6, 0x0, 0x46, 0x0, 
	0x0, 0x0, 0x0, 0x0, 0x0, 0x1, 0x1, 0x1, 0x0, 0x0, 0x8, 0xfc, 0x0, 0x4b, 0x0, 0x0, 
	0x0, 0x0, 0x0, 0x0, 0x4, 0x1, 0x2, 0x0, 0x0, 0x9, 0x47, 0x0, 0x3e, 0x0, 0x0, 0x0, 
	0x0, 0x9, 0x85, 0x0, 0x13, 0x0, 0x0, 0x0, 0x0, 0x0, 0x0, 0x2, 0x1, 0x0, 0x70, 0x0, 
	0x0, 0x0, 0x0, 0x0, 0x0, 0x1, 0x1, 0x0, 0x0, 0x9, 0x98, 0x0, 0x3, 0x0, 0x0, 0x0, 
	0x0, 0x0, 0x0, 0x2, 0x1, 0x0, 0x73, 0x0, 0x0, 0x0, 0x0, 0x0, 0x0, 0x1, 0x1, 0x1, 
	0x0, 0x0, 0x9, 0x9b, 0x0, 0x50, 0x0, 0x0, 0x0, 0x0, 0x0, 0x0, 0x1, 0x1, 0x1, 0x0, 
	0x0, 0x9, 0xeb, 0x0, 0x4e, 0x0, 0x0, 0x0, 0x0, 0x0, 0x0, 0x1, 0x1, 0x1, 0x0, 0x0, 
	0xa, 0x39, 0x0, 0x4e, 0x0, 0x0, 0x0, 0x0, 0x0, 0x0, 0x1, 0x1, 0x1, 0x0, 0x0, 0xa, 
	0x87, 0x0, 0x55, 0x0, 0x0, 0x0, 0x0, 0x0, 0x0, 0xa, 0xdc, 0x4b, 0x52, 0x45, 0x49, 0x53, 
	0x43, 0x48, 0x21, 0x20, 0x57, 0x41, 0x53, 0x20, 0x47, 0x4c, 0x41, 0x55, 0x42, 0x53, 0x54, 0x20, 
	0x44, 0x55, 0x2c, 0x20, 0x57, 0x41, 0x53, 0x20, 0x49, 0x43, 0x48, 0x20, 0x42, 0x49, 0x4e, 0x3f, 
	0x20, 0x56, 0x49, 0x45, 0x4c, 0x4c, 0x45, 0x49, 0x43, 0x48, 0x54, 0x20, 0x45, 0x49, 0x4e, 0x20, 
	0x41, 0x44, 0x4c, 0x45, 0x52, 0x3f, 0x44, 0x55, 0x20, 0x42, 0x49, 0x53, 0x54, 0x20, 0x4d, 0x49, 
	0x52, 0x20, 0x56, 0x49, 0x45, 0x4c, 0x20, 0x5a, 0x55, 0x20, 0x53, 0x43, 0x48, 0x57, 0x45, 0x52, 
	0x2c, 0x20, 0x54, 0x49, 0x4e, 0x59, 0x21, 0x20, 0x4b, 0x57, 0x41, 0x4b, 0x21, 0x4b, 0x52, 0x45, 
	0x49, 0x53, 0x43, 0x48, 0x21, 0x20, 0x48, 0x41, 0x4c, 0x54, 0x20, 0x44, 0x49, 0x43, 0x48, 0x20, 
	0x46, 0x45, 0x53, 0x54, 0x2c, 0x20, 0x4c, 0x4f, 0x53, 0x20, 0x47, 0x45, 0x48, 0x54, 0x27, 0x53, 
	0x21, 0x20, 0x4b, 0x57, 0x41, 0x4b, 0x21, 0x4b, 0x52, 0x45, 0x49, 0x53, 0x43, 0x48, 0x21, 0x20, 
	0x48, 0xd6, 0x52, 0x20, 0x5a, 0x55, 0x2c, 0x20, 0x7e, 0x21, 0x53, 0x41, 0x4d, 0x4d, 0x4c, 0x45, 
	0x20, 0x40, 0x20, 0x4d, 0xdc, 0x4e, 0x5a, 0x45, 0x4e, 0x20, 0x42, 0x45, 0x49, 0x20, 0x44, 0x49, 
	0x45, 0x53, 0x45, 0x52, 0x20, 0x45, 0x52, 0x48, 0x4f, 0x4c, 0x53, 0x41, 0x4d, 0x45, 0x4e, 0x20, 
	0x46, 0x41, 0x48, 0x52, 0x54, 0x2c, 0x20, 0x55, 0x4d, 0x20, 0x45, 0x49, 0x4e, 0x45, 0x20, 0x47, 
	0x4f, 0x4c, 0x44, 0x45, 0x4e, 0x45, 0x20, 0x42, 0x41, 0x4e, 0x41, 0x4e, 0x45, 0x20, 0x5a, 0x55, 
	0x20, 0x42, 0x45, 0x4b, 0x4f, 0x4d, 0x4d, 0x45, 0x4e, 0x21, 0x42, 0x45, 0x4e, 0x55, 0x54, 0x5a, 
	0x45, 0x55, 0x4d, 0x20, 0x5a, 0x55, 0x20, 0x42, 0x45, 0x53, 0x43, 0x48, 0x4c, 0x45, 0x55, 0x4e, 
	0x49, 0x4e, 0x47, 0x45, 0x4e, 0x2c, 0x20, 0x41, 0x42, 0x5a, 0x55, 0x42, 0x52, 0x45, 0x4d, 0x53, 
	0x45, 0x4e, 0x20, 0x55, 0x4e, 0x44, 0x20, 0x4e, 0x41, 0x43, 0x48, 0x20, 0x4c, 0x49, 0x4e, 0x4b, 
	0x53, 0x20, 0x4f, 0x44, 0x45, 0x52, 0x20, 0x52, 0x45, 0x43, 0x48, 0x54, 0x53, 0x20, 0x5a, 0x55, 
	0x20, 0x47, 0x52, 0x45, 0x49, 0x46, 0x45, 0x4e, 0x2e, 0x44, 0x52, 0xdc, 0x43, 0x4b, 0x45, 0x55, 
	0x4d, 0x20, 0x5a, 0x55, 0x20, 0x53, 0x50, 0x52, 0x49, 0x4e, 0x47, 0x45, 0x4e, 0x2e, 0x20, 0x56, 
	0x4f, 0x52, 0x53, 0x49, 0x43, 0x48, 0x54, 0x20, 0x56, 0x4f, 0x52, 0x20, 0x44, 0x45, 0x4e, 0x20, 
	0x41, 0x4e, 0x44, 0x45, 0x52, 0x45, 0x4e, 0x20, 0x4c, 0x4f, 0x52, 0x45, 0x4e, 0x20, 0x55, 0x4e, 
	0x44, 0x20, 0x44, 0x45, 0x4e, 0x20, 0x54, 0x4e, 0x54, 0x2d, 0x4c, 0x41, 0x44, 0x55, 0x4e, 0x47, 
	0x45, 0x4e, 0x21, 0x4b, 0x52, 0x45, 0x49, 0x53, 0x43, 0x48, 0x21, 0x20, 0x50, 0x52, 0x49, 0x4d, 
	0x41, 0x20, 0x46, 0x41, 0x48, 0x52, 0x54, 0x2c, 0x20, 0x57, 0x41, 0x53, 0x3f, 0x20, 0x44, 0x55, 
	0x20, 0x48, 0x41, 0x53, 0x54, 0x20, 0x45, 0x49, 0x4e, 0x45, 0x20, 0x42, 0x41, 0x4e, 0x41, 0x4e, 
	0x45, 0x20, 0x47, 0x45, 0x57, 0x4f, 0x4e, 0x4e, 0x45, 0x4e, 0x21, 0x20, 0x4b, 0x57, 0x41, 0x4b, 
	0x21, 0x4b, 0x52, 0x45, 0x49, 0x53, 0x43, 0x48, 0x21, 0x20, 0x57, 0x45, 0x4e, 0x49, 0x47, 0x45, 
	0x52, 0x20, 0x41, 0x4c, 0x53, 0x20, 0x40, 0x20, 0x4d, 0xdc, 0x4e, 0x5a, 0x45, 0x4e, 0x2c, 0x20, 
	0x44, 0x41, 0x53, 0x20, 0x52, 0x45, 0x49, 0x43, 0x48, 0x54, 0x20, 0x4e, 0x49, 0x43, 0x48, 0x54, 
	0x20, 0x46, 0xdc, 0x52, 0x20, 0x45, 0x49, 0x4e, 0x45, 0x20, 0x42, 0x41, 0x4e, 0x41, 0x4e, 0x45, 
	0x2c, 0x20, 0x7e, 0x21, 0x4b, 0x52, 0x45, 0x49, 0x53, 0x43, 0x48, 0x21, 0x20, 0x53, 0x43, 0x48, 
	0x4e, 0x41, 0x50, 0x50, 0x20, 0x44, 0x49, 0x52, 0x20, 0x40, 0x20, 0x4d, 0xdc, 0x4e, 0x5a, 0x45, 
	0x4e, 0x20, 0x55, 0x4e, 0x44, 0x20, 0x44, 0x49, 0x45, 0x20, 0x42, 0x41, 0x4e, 0x41, 0x4e, 0x45, 
	0x20, 0x47, 0x45, 0x48, 0xd6, 0x52, 0x54, 0x20, 0x44, 0x49, 0x52, 0x2c, 0x20, 0x7e, 0x21, 0x42, 
	0x45, 0x4e, 0x55, 0x54, 0x5a, 0x45, 0x55, 0x4d, 0x20, 0x5a, 0x55, 0x20, 0x42, 0x45, 0x53, 0x43, 
	0x48, 0x4c, 0x45, 0x55, 0x4e, 0x49, 0x47, 0x45, 0x4e, 0x2c, 0x20, 0x41, 0x42, 0x5a, 0x55, 0x42, 
	0x52, 0x45, 0x4d, 0x53, 0x45, 0x4e, 0x20, 0x55, 0x4e, 0x44, 0x20, 0x44, 0x49, 0x43, 0x48, 0x20, 
	0x4e, 0x41, 0x43, 0x48, 0x20, 0x4c, 0x49, 0x4e, 0x4b, 0x53, 0x20, 0x4f, 0x44, 0x45, 0x52, 0x20, 
	0x52, 0x45, 0x43, 0x48, 0x54, 0x53, 0x20, 0x5a, 0x55, 0x20, 0x4c, 0x45, 0x48, 0x4e, 0x45, 0x4e, 
	0x21, 0x44, 0x52, 0xdc, 0x43, 0x4b, 0x45, 0x55, 0x4d, 0x20, 0x5a, 0x55, 0x20, 0x53, 0x50, 0x52, 
	0x49, 0x4e, 0x47, 0x45, 0x4e, 0x2e, 0x56, 0x4f, 0x52, 0x53, 0x49, 0x43, 0x48, 0x54, 0x20, 0x56, 
	0x4f, 0x52, 0x20, 0x44, 0x45, 0x4e, 0x20, 0x54, 0x4f, 0x52, 0x45, 0x4e, 0x20, 0x55, 0x4e, 0x44, 
	0x20, 0x44, 0x45, 0x4e, 0x20, 0x46, 0x41, 0x4c, 0x4c, 0x45, 0x4e, 0x44, 0x45, 0x4e, 0x20, 0x46, 
	0x45, 0x4c, 0x53, 0x42, 0x52, 0x4f, 0x43, 0x4b, 0x45, 0x4e, 0x21, 0x47, 0x55, 0x54, 0x45, 0x20, 
	0x52, 0x45, 0x49, 0x53, 0x45, 0x21, 0x20, 0x4b, 0x57, 0x41, 0x4b, 0x21, 0x4b, 0x52, 0x45, 0x49, 
	0x53, 0x43, 0x48, 0x21, 0x20, 0x44, 0x55, 0x20, 0x42, 0x49, 0x53, 0x54, 0x20, 0x47, 0x45, 0x53, 
	0x43, 0x48, 0x49, 0x43, 0x4b, 0x54, 0x45, 0x52, 0x2c, 0x20, 0x41, 0x4c, 0x53, 0x20, 0x44, 0x55, 
	0x20, 0x41, 0x55, 0x53, 0x53, 0x49, 0x45, 0x48, 0x53, 0x54, 0x2c, 0x20, 0x7e, 0x21, 0x20, 0x4b, 
	0x57, 0x41, 0x4b, 0x21, 0x4b, 0x52, 0x45, 0x49, 0x53, 0x43, 0x48, 0x21, 0x20, 0x4c, 0x45, 0x49, 
	0x44, 0x45, 0x52, 0x20, 0x47, 0x49, 0x42, 0x54, 0x27, 0x53, 0x20, 0x4b, 0x45, 0x49, 0x4e, 0x45, 
	0x4e, 0x20, 0x5a, 0x57, 0x45, 0x49, 0x54, 0x45, 0x4e, 0x20, 0x50, 0x52, 0x45, 0x49, 0x53, 0x2c, 
	0x20, 0x7e, 0x2e, 0x4b, 0x52, 0x45, 0x49, 0x53, 0x43, 0x48, 0x21, 0x20, 0xdc, 0x42, 0x45, 0x52, 
	0x53, 0x54, 0x45, 0x48, 0x45, 0x20, 0x44, 0x45, 0x4e, 0x20, 0x47, 0x45, 0x49, 0x53, 0x54, 0x45, 
	0x52, 0x5a, 0x55, 0x47, 0x20, 0x55, 0x4e, 0x44, 0x20, 0x53, 0x41, 0x4d, 0x4d, 0x4c, 0x45, 0x20, 
	0x40, 0x20, 0x4d, 0xdc, 0x4e, 0x5a, 0x45, 0x4e, 0x2c, 0x20, 0x55, 0x4d, 0x20, 0x5a, 0x55, 0x20, 
	0x47, 0x45, 0x57, 0x49, 0x4e, 0x4e, 0x45, 0x4e, 0x2c, 0x20, 0x7e, 0x21, 0x42, 0x45, 0x4e, 0x55, 
	0x54, 0x5a, 0x45, 0x55, 0x4d, 0x20, 0x5a, 0x55, 0x20, 0x42, 0x45, 0x53, 0x43, 0x48, 0x4c, 0x45, 
	0x55, 0x4e, 0x49, 0x47, 0x45, 0x4e, 0x2c, 0x20, 0x41, 0x42, 0x5a, 0x55, 0x42, 0x52, 0x45, 0x4d, 
	0x53, 0x45, 0x4e, 0x20, 0x55, 0x4e, 0x44, 0x20, 0x4e, 0x41, 0x43, 0x48, 0x20, 0x4c, 0x49, 0x4e, 
	0x4b, 0x53, 0x20, 0x4f, 0x44, 0x45, 0x52, 0x20, 0x52, 0x45, 0x43, 0x48, 0x54, 0x53, 0x20, 0x5a, 
	0x55, 0x20, 0x53, 0x50, 0x52, 0x49, 0x4e, 0x47, 0x45, 0x4e, 0x21, 0x44, 0x52, 0xdc, 0x43, 0x4b, 
	0x45, 0x55, 0x4d, 0x20, 0x48, 0x4f, 0x43, 0x48, 0x5a, 0x55, 0x53, 0x50, 0x52, 0x49, 0x4e, 0x47, 
	0x45, 0x4e, 0x21, 0x56, 0x4f, 0x52, 0x53, 0x49, 0x43, 0x48, 0x54, 0x20, 0x56, 0x4f, 0x52, 0x20, 
	0x44, 0x45, 0x4e, 0x20, 0x47, 0x52, 0x41, 0x42, 0x53, 0x54, 0x45, 0x49, 0x4e, 0x45, 0x4e, 0x20, 
	0x55, 0x4e, 0x44, 0x20, 0x44, 0x45, 0x4d, 0x20, 0x44, 0xc4, 0x4d, 0x4f, 0x4e, 0x45, 0x4e, 0x21, 
	0x4c, 0x4f, 0x53, 0x20, 0x47, 0x45, 0x48, 0x54, 0x27, 0x53, 0x2c, 0x20, 0x7e, 0x21, 0x20, 0x4b, 
	0x57, 0x41, 0x4b, 0x21, 0x4b, 0x52, 0x45, 0x49, 0x53, 0x43, 0x48, 0x21, 0x20, 0x53, 0x43, 0x48, 
	0x4e, 0x45, 0x4c, 0x4c, 0x2c, 0x20, 0x53, 0x43, 0x48, 0x4e, 0x41, 0x50, 0x50, 0x20, 0x44, 0x49, 
	0x52, 0x20, 0x44, 0x49, 0x45, 0x53, 0x45, 0x20, 0x42, 0x41, 0x4e, 0x41, 0x4e, 0x45, 0x21, 0x20, 
	0x49, 0x43, 0x48, 0x20, 0x57, 0x49, 0x4c, 0x4c, 0x20, 0x52, 0x41, 0x55, 0x53, 0x21, 0x20, 0x48, 
	0x49, 0x45, 0x52, 0x20, 0x53, 0x50, 0x55, 0x4b, 0x54, 0x27, 0x53, 0x21, 0x4b, 0x52, 0x45, 0x49, 
	0x53, 0x43, 0x48, 0x21, 0x20, 0x48, 0x4f, 0x4c, 0x20, 0x44, 0x49, 0x52, 0x20, 0x44, 0x49, 0x45, 
	0x20, 0x32, 0x35, 0x20, 0x4d, 0xdc, 0x4e, 0x5a, 0x45, 0x4e, 0x20, 0x45, 0x49, 0x4e, 0x20, 0x41, 
	0x4e, 0x44, 0x45, 0x52, 0x45, 0x53, 0x20, 0x4d, 0x41, 0x4c, 0x2c, 0x20, 0x7e, 0x21, 0x20, 0x44, 
	0x41, 0x53, 0x20, 0x4d, 0x41, 0x43, 0x48, 0x54, 0x20, 0x4d, 0x49, 0x52, 0x20, 0x57, 0x49, 0x52, 
	0x4b, 0x4c, 0x49, 0x43, 0x48, 0x20, 0x41, 0x4e, 0x47, 0x53, 0x54, 0x20, 0x48, 0x49, 0x45, 0x52, 
	0x20, 0x44, 0x52, 0x49, 0x4e, 0x4e, 0x45, 0x4e, 0x2e, 0x2e, 0x2e, 0x20, 0x4b, 0x57, 0x41, 0x4b, 
	0x21, 0x4b, 0x52, 0x45, 0x49, 0x53, 0x43, 0x48, 0x21, 0x20, 0x4e, 0x41, 0x2c, 0x20, 0x41, 0x55, 
	0x46, 0x47, 0x45, 0x57, 0xc4, 0x52, 0x4d, 0x54, 0x3f, 0x20, 0x57, 0x41, 0x53, 0x20, 0x48, 0xc4, 
	0x4c, 0x54, 0x53, 0x54, 0x20, 0x44, 0x55, 0x20, 0x56, 0x4f, 0x4e, 0x20, 0x45, 0x49, 0x4e, 0x45, 
	0x4d, 0x20, 0x45, 0x49, 0x4e, 0x5a, 0x49, 0x47, 0x41, 0x52, 0x54, 0x49, 0x47, 0x45, 0x4e, 0x20, 
	0x53, 0x4f, 0x4e, 0x44, 0x45, 0x52, 0x50, 0x52, 0x45, 0x49, 0x53, 0x3f, 0x46, 0xdc, 0x52, 0x20, 
	0x4e, 0x55, 0x52, 0x20, 0x32, 0x20, 0x4d, 0xdc, 0x4e, 0x5a, 0x45, 0x4e, 0x20, 0x44, 0x41, 0x52, 
	0x46, 0x53, 0x54, 0x20, 0x44, 0x55, 0x20, 0x4e, 0x4f, 0x43, 0x48, 0x4d, 0x41, 0x4c, 0x20, 0x53, 
	0x50, 0x49, 0x45, 0x4c, 0x45, 0x4e, 0x21, 0x4b, 0x52, 0x45, 0x49, 0x53, 0x43, 0x48, 0x21, 0x20, 
	0x44, 0x4b, 0x2c, 0x20, 0x44, 0x4b, 0x21, 0x20, 0x4b, 0x4f, 0x4d, 0x4d, 0x20, 0x53, 0x43, 0x48, 
	0x4e, 0x45, 0x4c, 0x4c, 0x21, 0x20, 0x4b, 0x57, 0x41, 0x4b, 0x21, 0x4b, 0x52, 0x45, 0x49, 0x53, 
	0x43, 0x48, 0x21, 0x20, 0x44, 0x45, 0x49, 0x4e, 0x20, 0x57, 0x45, 0x52, 0x54, 0x56, 0x4f, 0x4c, 
	0x4c, 0x45, 0x52, 0x20, 0x42, 0x41, 0x4e, 0x41, 0x4e, 0x45, 0x4e, 0x56, 0x4f, 0x52, 0x52, 0x41, 
	0x54, 0x20, 0x49, 0x53, 0x54, 0x20, 0x4d, 0x49, 0x54, 0x53, 0x41, 0x4d, 0x54, 0x20, 0x44, 0x45, 
	0x4e, 0x20, 0x41, 0x4e, 0x44, 0x45, 0x52, 0x45, 0x4e, 0x20, 0x4b, 0x4f, 0x4e, 0x47, 0x53, 0x20, 
	0x56, 0x45, 0x52, 0x53, 0x43, 0x48, 0x57, 0x55, 0x4e, 0x44, 0x45, 0x4e, 0x21, 0x49, 0x43, 0x48, 
	0x20, 0x4b, 0x41, 0x4e, 0x4e, 0x20, 0x53, 0x49, 0x45, 0x20, 0x4e, 0x49, 0x52, 0x47, 0x45, 0x4e, 
	0x44, 0x53, 0x20, 0x46, 0x49, 0x4e, 0x44, 0x45, 0x4e, 0x2c, 0x20, 0x44, 0x4b, 0x21, 0x20, 0x42, 
	0x45, 0x53, 0x53, 0x45, 0x52, 0x20, 0x44, 0x55, 0x20, 0x42, 0x52, 0x49, 0x4e, 0x47, 0x53, 0x54, 
	0x20, 0x43, 0x52, 0x41, 0x4e, 0x4b, 0x59, 0x20, 0x44, 0x49, 0x45, 0x20, 0x53, 0x43, 0x48, 0x4c, 
	0x45, 0x43, 0x48, 0x54, 0x45, 0x4e, 0x20, 0x4e, 0x41, 0x43, 0x48, 0x52, 0x49, 0x43, 0x48, 0x54, 
	0x45, 0x4e, 0x2e, 0x2e, 0x2e, 0x4b, 0x52, 0x45, 0x49, 0x53, 0x43, 0x48, 0x21, 0x20, 0x42, 0x45, 
	0x45, 0x49, 0x4c, 0x55, 0x4e, 0x47, 0x2c, 0x20, 0x44, 0x4b, 0x21, 0x20, 0x4c, 0x4f, 0x53, 0x2c, 
	0x20, 0x48, 0x4f, 0x4c, 0x20, 0x44, 0x49, 0x52, 0x20, 0x44, 0x45, 0x4e, 0x20, 0x54, 0x52, 0x41, 
	0x4e, 0x4b, 0x20, 0x56, 0x4f, 0x4e, 0x20, 0x43, 0x52, 0x41, 0x4e, 0x4b, 0x59, 0x20, 0x55, 0x4e, 
	0x44, 0x20, 0x44, 0x41, 0x4e, 0x4e, 0x20, 0x4e, 0x49, 0x43, 0x48, 0x54, 0x53, 0x20, 0x57, 0x49, 
	0x45, 0x20, 0x57, 0x45, 0x47, 0x21, 0x20, 0x4b, 0x57, 0x41, 0x4b, 0x21, 0x4b, 0x52, 0x45, 0x49, 
	0x53, 0x43, 0x48, 0x21, 0x20, 0x45, 0x52, 0x20, 0x49, 0x53, 0x54, 0x20, 0x5a, 0x55, 0x52, 0xdc, 
	0x43, 0x4b, 0x2c, 0x20, 0x44, 0x4b, 0x21, 0x20, 0x4b, 0x49, 0x4e, 0x47, 0x20, 0x4b, 0x2e, 0x52, 
	0x4f, 0x4f, 0x4c, 0x53, 0x20, 0x49, 0x4e, 0x53, 0x45, 0x4c, 0x20, 0x4c, 0x49, 0x45, 0x47, 0x54, 
	0x20, 0x47, 0x4c, 0x45, 0x49, 0x43, 0x48, 0x20, 0x44, 0x41, 0x20, 0x44, 0x52, 0xdc, 0x42, 0x45, 
	0x4e, 0x21, 0x53, 0x49, 0x43, 0x48, 0x45, 0x52, 0x20, 0x53, 0x54, 0x45, 0x43, 0x4b, 0x54, 0x20, 
	0x45, 0x52, 0x20, 0x48, 0x49, 0x4e, 0x54, 0x45, 0x52, 0x20, 0x44, 0x45, 0x4d, 0x20, 0x42, 0x41, 
	0x4e, 0x41, 0x4e, 0x45, 0x4e, 0x4b, 0x4c, 0x41, 0x55, 0x20, 0x55, 0x4e, 0x44, 0x20, 0x44, 0x45, 
	0x52, 0x20, 0x45, 0x4e, 0x54, 0x46, 0xdc, 0x48, 0x52, 0x55, 0x4e, 0x47, 0x20, 0x44, 0x45, 0x52, 
	0x20, 0x41, 0x4e, 0x44, 0x45, 0x52, 0x45, 0x4e, 0x21, 0x49, 0x43, 0x48, 0x20, 0x48, 0x41, 0x42, 
	0x45, 0x20, 0x4d, 0x49, 0x43, 0x48, 0x20, 0x4b, 0x55, 0x52, 0x5a, 0x20, 0x55, 0x4d, 0x47, 0x45, 
	0x53, 0x45, 0x48, 0x45, 0x4e, 0x3a, 0x20, 0x44, 0x49, 0x45, 0x20, 0x49, 0x4e, 0x53, 0x45, 0x4c, 
	0x20, 0x4d, 0x49, 0x54, 0x20, 0x44, 0x45, 0x52, 0x20, 0x48, 0xd6, 0x48, 0x4c, 0x45, 0x20, 0x44, 
	0x41, 0x20, 0x48, 0x49, 0x4e, 0x54, 0x45, 0x4e, 0x20, 0x49, 0x53, 0x54, 0x20, 0x44, 0x49, 0x45, 
	0x20, 0x45, 0x49, 0x4e, 0x5a, 0x49, 0x47, 0x45, 0x20, 0x53, 0x54, 0x45, 0x4c, 0x4c, 0x45, 0x2c, 
	0x20, 0x44, 0x49, 0x45, 0x20, 0x4e, 0x49, 0x43, 0x48, 0x54, 0x20, 0x42, 0x4c, 0x4f, 0x43, 0x4b, 
	0x49, 0x45, 0x52, 0x54, 0x20, 0x49, 0x53, 0x54, 0x21, 0x20, 0x4b, 0x57, 0x41, 0x4b, 0x21, 0x4b, 
	0x52, 0x45, 0x49, 0x53, 0x43, 0x48, 0x21, 0x20, 0x44, 0x4f, 0x4e, 0x4e, 0x45, 0x52, 0x57, 0x45, 
	0x54, 0x54, 0x45, 0x52, 0x2c, 0x20, 0x44, 0x4b, 0x21, 0x20, 0x44, 0x41, 0x53, 0x20, 0x53, 0x43, 
	0x48, 0x45, 0x49, 0x4e, 0x54, 0x20, 0x45, 0x49, 0x4e, 0x45, 0x52, 0x20, 0x44, 0x45, 0x52, 0x20, 
	0x53, 0x43, 0x48, 0x4c, 0xdc, 0x53, 0x53, 0x45, 0x4c, 0x20, 0x5a, 0x55, 0x20, 0x4b, 0x2e, 0x4c, 
	0x55, 0x4d, 0x53, 0x59, 0x53, 0x20, 0x4b, 0xc4, 0x46, 0x49, 0x47, 0x20, 0x5a, 0x55, 0x20, 0x53, 
	0x45, 0x49, 0x4e, 0x21, 0x20, 0x4b, 0x57, 0x41, 0x4b, 0x21, 0x4b, 0x52, 0x45, 0x49, 0x53, 0x43, 
	0x48, 0x21, 0x20, 0x4b, 0x2e, 0x52, 0x4f, 0x4f, 0x4c, 0x53, 0x20, 0x48, 0x41, 0x4e, 0x44, 0x4c, 
	0x41, 0x4e, 0x47, 0x45, 0x52, 0x20, 0x48, 0x41, 0x42, 0x45, 0x4e, 0x20, 0x32, 0x35, 0x20, 0x47, 
	0x4f, 0x4c, 0x44, 0x45, 0x4e, 0x45, 0x20, 0x42, 0x41, 0x4e, 0x41, 0x4e, 0x45, 0x4e, 0x20, 0x49, 
	0x4e, 0x20, 0x44, 0x49, 0x45, 0x53, 0x45, 0x4d, 0x20, 0x47, 0x45, 0x42, 0x49, 0x45, 0x54, 0x20, 
	0x56, 0x45, 0x52, 0x53, 0x54, 0x45, 0x43, 0x4b, 0x54, 0x2c, 0x41, 0x42, 0x45, 0x52, 0x20, 0x4f, 
	0x48, 0x4e, 0x45, 0x20, 0x44, 0x49, 0x45, 0x20, 0x41, 0x4e, 0x44, 0x45, 0x52, 0x45, 0x4e, 0x20, 
	0x4b, 0x4f, 0x4e, 0x47, 0x53, 0x20, 0x4b, 0x41, 0x4e, 0x4e, 0x53, 0x54, 0x20, 0x44, 0x55, 0x20, 
	0x4e, 0x55, 0x52, 0x20, 0x35, 0x20, 0x44, 0x41, 0x56, 0x4f, 0x4e, 0x20, 0x46, 0x49, 0x4e, 0x44, 
	0x45, 0x4e, 0x21, 0x20, 0x4b, 0x57, 0x41, 0x4b, 0x21, 0x4b, 0x52, 0x45, 0x49, 0x53, 0x43, 0x48, 
	0x21, 0x20, 0x49, 0x43, 0x48, 0x20, 0x48, 0x41, 0x42, 0x45, 0x20, 0x45, 0x49, 0x4e, 0x45, 0x20, 
	0x57, 0x45, 0x49, 0x54, 0x45, 0x52, 0x45, 0x20, 0x42, 0x41, 0x4e, 0x41, 0x4e, 0x45, 0x20, 0x45, 
	0x4e, 0x54, 0x44, 0x45, 0x43, 0x4b, 0x54, 0x2c, 0x20, 0x7e, 0x21, 0x20, 0x4b, 0x57, 0x41, 0x4b, 
	0x21, 0x4b, 0x52, 0x45, 0x49, 0x53, 0x43, 0x48, 0x21, 0x20, 0x48, 0x41, 0x4c, 0x4c, 0x4f, 0x2c, 
	0x20, 0x7e, 0x21, 0x20, 0x41, 0x55, 0x43, 0x48, 0x20, 0x44, 0x55, 0x20, 0x4b, 0x41, 0x4e, 0x4e, 
	0x53, 0x54, 0x20, 0x48, 0x49, 0x45, 0x52, 0x20, 0x35, 0x20, 0x47, 0x4f, 0x4c, 0x44, 0x45, 0x4e, 
	0x45, 0x20, 0x42, 0x41, 0x4e, 0x41, 0x4e, 0x45, 0x4e, 0x20, 0x46, 0x49, 0x4e, 0x44, 0x45, 0x4e, 
	0x21, 0x20, 0x4b, 0x57, 0x41, 0x4b, 0x21, 0x4b, 0x52, 0x45, 0x49, 0x53, 0x43, 0x48, 0x21, 0x20, 
	0x53, 0x43, 0x48, 0x41, 0x55, 0x20, 0x4d, 0x41, 0x4c, 0x20, 0x42, 0x45, 0x49, 0x20, 0x43, 0x52, 
	0x41, 0x4e, 0x4b, 0x59, 0x20, 0x56, 0x4f, 0x52, 0x42, 0x45, 0x49, 0x2c, 0x20, 0x42, 0x45, 0x56, 
	0x4f, 0x52, 0x20, 0x44, 0x55, 0x20, 0x44, 0x49, 0x45, 0x53, 0x45, 0x20, 0x47, 0x45, 0x47, 0x45, 
	0x4e, 0x44, 0x20, 0x56, 0x45, 0x52, 0x4c, 0xc4, 0x53, 0x53, 0x54, 0x21, 0x20, 0x4b, 0x57, 0x41, 
	0x4b, 0x21, 0x4b, 0x52, 0x45, 0x49, 0x53, 0x43, 0x48, 0x21, 0x20, 0x44, 0x49, 0x45, 0x53, 0x45, 
	0x20, 0x46, 0xc4, 0x48, 0x49, 0x47, 0x4b, 0x45, 0x49, 0x54, 0x20, 0x56, 0x45, 0x52, 0x42, 0x52, 
	0x41, 0x55, 0x43, 0x48, 0x54, 0x20, 0x4b, 0x52, 0x49, 0x53, 0x54, 0x41, 0x4c, 0x4c, 0x20, 0x4b, 
	0x4f, 0x4b, 0x4f, 0x53, 0x4e, 0xdc, 0x53, 0x53, 0x45, 0x21, 0x20, 0x4b, 0x57, 0x41, 0x4b, 0x21, 
	0x42, 0x45, 0x45, 0x4e, 0x44, 0x45, 0x20, 0x44, 0x45, 0x4e, 0x20, 0x4d, 0x4f, 0x56, 0x45, 0x20, 
	0x4d, 0x49, 0x54, 0x55, 0x4e, 0x44, 0x4b, 0x52, 0x45, 0x49, 0x53, 0x43, 0x48, 0x21, 0x20, 0x53, 
	0x49, 0x45, 0x48, 0x2c, 0x20, 0x57, 0x41, 0x53, 0x20, 0x49, 0x43, 0x48, 0x20, 0x47, 0x45, 0x46, 
	0x55, 0x4e, 0x44, 0x45, 0x4e, 0x20, 0x48, 0x41, 0x42, 0x45, 0x2c, 0x20, 0x7e, 0x3a, 0x20, 0x45, 
	0x49, 0x4e, 0x45, 0x53, 0x20, 0x56, 0x4f, 0x4e, 0x20, 0x43, 0x52, 0x41, 0x4e, 0x4b, 0x59, 0x53, 
	0x20, 0x53, 0x50, 0x45, 0x5a, 0x49, 0x41, 0x4c, 0x46, 0xc4, 0x53, 0x53, 0x45, 0x52, 0x4e, 0x21, 
	0x20, 0x4b, 0x57, 0x41, 0x4b, 0x21, 0x4b, 0x52, 0x45, 0x49, 0x53, 0x43, 0x48, 0x21, 0x20, 0x53, 
	0x49, 0x45, 0x48, 0x20, 0x57, 0x41, 0x53, 0x20, 0x49, 0x43, 0x48, 0x20, 0x47, 0x45, 0x46, 0x55, 
	0x4e, 0x44, 0x45, 0x4e, 0x20, 0x48, 0x41, 0x42, 0x2c, 0x20, 0x7e, 0x3a, 0x20, 0x45, 0x49, 0x4e, 
	0x45, 0x53, 0x20, 0x56, 0x4f, 0x4e, 0x20, 0x43, 0x52, 0x41, 0x4e, 0x4b, 0x59, 0x53, 0x20, 0x53, 
	0x50, 0x45, 0x5a, 0x49, 0x41, 0x4c, 0x46, 0xc4, 0x53, 0x53, 0x45, 0x52, 0x4e, 0x21, 0x20, 0x4b, 
	0x57, 0x41, 0x4b, 0x21, 0x48, 0x45, 0x59, 0x2c, 0x20, 0x7e, 0x21, 0x20, 0x44, 0x41, 0x53, 0x20, 
	0x49, 0x53, 0x54, 0x20, 0x45, 0x49, 0x4e, 0x45, 0x20, 0x53, 0x50, 0x45, 0x5a, 0x49, 0x41, 0x4c, 
	0x4d, 0xdc, 0x4e, 0x5a, 0x45, 0x21, 0x20, 0x53, 0x49, 0x45, 0x20, 0x42, 0x52, 0x49, 0x4e, 0x47, 
	0x54, 0x20, 0x4a, 0x45, 0x44, 0x45, 0x4d, 0x20, 0x4b, 0x4f, 0x4e, 0x47, 0x20, 0x35, 0x20, 0x4e, 
	0x4f, 0x52, 0x4d, 0x41, 0x4c, 0x45, 0x20, 0x4d, 0xdc, 0x4e, 0x5a, 0x45, 0x4e, 0x20, 0x45, 0x49, 
	0x4e, 0x21, 0x4b, 0x52, 0x45, 0x49, 0x53, 0x43, 0x48, 0x21, 0x20, 0x50, 0x52, 0x4f, 0x42, 0x49, 
	0x45, 0x52, 0x27, 0x53, 0x20, 0x4d, 0x41, 0x4c, 0x20, 0x41, 0x4e, 0x20, 0x41, 0x4e, 0x44, 0x45, 
	0x52, 0x45, 0x4e, 0x20, 0x53, 0x54, 0x45, 0x4c, 0x4c, 0x45, 0x4e, 0x20, 0x4f, 0x44, 0x45, 0x52, 
	0x20, 0x53, 0x55, 0x43, 0x48, 0x20, 0x44, 0x49, 0x52, 0x20, 0x4a, 0x45, 0x4d, 0x41, 0x4e, 0x44, 
	0x45, 0x4e, 0x20, 0x44, 0x45, 0x52, 0x20, 0x44, 0x49, 0x52, 0x20, 0x57, 0x45, 0x49, 0x54, 0x45, 
	0x52, 0x48, 0x49, 0x4c, 0x46, 0x54, 0x21, 
};
u8 text_17[] = {
	0x5, 0x1, 0x1, 0x2, 0x0, 0x0, 0x0, 0x0, 0x0, 0x3b, 0x0, 0x0, 0x0, 0x0, 0x0, 0x3b, 
	0x0, 0x50, 0x0, 0x0, 0x0, 0x0, 0x0, 0x0, 0x1, 0x1, 0x1, 0x0, 0x0, 0x0, 0x8b, 0x0, 
	0x3c, 0x0, 0x0, 0x0, 0x0, 0x0, 0x0, 0x1, 0x1, 0x2, 0x0, 0x0, 0x0, 0xc7, 0x0, 0x31, 
	0x0, 0x0, 0x0, 0x0, 0x0, 0xf8, 0x0, 0x3c, 0x0, 0x0, 0x0, 0x0, 0x0, 0x0, 0x1, 0x1, 
	0x2, 0x0, 0x0, 0x1, 0x34, 0x0, 0x2f, 0x0, 0x0, 0x0, 0x0, 0x1, 0x63, 0x0, 0x3d, 0x0, 
	0x0, 0x0, 0x0, 0x0, 0x0, 0x7, 0x1, 0x3, 0x0, 0x0, 0x1, 0xa0, 0x0, 0x4f, 0x0, 0x0, 
	0x0, 0x0, 0x1, 0xef, 0x0, 0x50, 0x0, 0x0, 0x0, 0x0, 0x2, 0x3f, 0x0, 0x6, 0x0, 0x0, 
	0x0, 0x0, 0x0, 0x0, 0x2, 0x1, 0x0, 0x70, 0x0, 0x0, 0x0, 0x0, 0x0, 0x0, 0x1, 0x1, 
	0x0, 0x0, 0x2, 0x45, 0x0, 0x1e, 0x0, 0x0, 0x0, 0x0, 0x0, 0x0, 0x2, 0x1, 0x0, 0x6b, 
	0x0, 0x0, 0x0, 0x0, 0x0, 0x0, 0x1, 0x1, 0x0, 0x0, 0x2, 0x63, 0x0, 0x1c, 0x0, 0x0, 
	0x0, 0x0, 0x0, 0x0, 0x2, 0x1, 0x0, 0x6e, 0x0, 0x0, 0x0, 0x0, 0x0, 0x0, 0x1, 0x1, 
	0x0, 0x0, 0x2, 0x7f, 0x0, 0x1f, 0x0, 0x0, 0x0, 0x0, 0x0, 0x0, 0x2, 0x9e, 0x4e, 0x45, 
	0x49, 0x4e, 0x21, 0x20, 0x57, 0x45, 0x4c, 0x43, 0x48, 0x45, 0x20, 0x53, 0x43, 0x48, 0x41, 0x4e, 
	0x44, 0x45, 0x2c, 0x20, 0x56, 0x4f, 0x4e, 0x20, 0x45, 0x49, 0x4e, 0x45, 0x4d, 0x20, 0x41, 0x46, 
	0x46, 0x45, 0x4e, 0x20, 0x47, 0x45, 0x53, 0x43, 0x48, 0x4c, 0x41, 0x47, 0x45, 0x4e, 0x20, 0x5a, 
	0x55, 0x20, 0x57, 0x45, 0x52, 0x44, 0x45, 0x4e, 0x21, 0x57, 0x45, 0x4e, 0x4e, 0x20, 0x44, 0x55, 
	0x20, 0x4e, 0x49, 0x45, 0x4d, 0x41, 0x4e, 0x44, 0x45, 0x4d, 0x20, 0x41, 0x55, 0x46, 0x20, 0x44, 
	0x45, 0x52, 0x20, 0x52, 0x45, 0x4e, 0x4e, 0x53, 0x54, 0x52, 0x45, 0x43, 0x4b, 0x45, 0x20, 0x44, 
	0x41, 0x56, 0x4f, 0x4e, 0x20, 0x45, 0x52, 0x5a, 0xc4, 0x48, 0x4c, 0x53, 0x54, 0x2c, 0x20, 0x47, 
	0x45, 0x42, 0x45, 0x20, 0x49, 0x43, 0x48, 0x20, 0x44, 0x49, 0x52, 0x20, 0x44, 0x49, 0x45, 0x53, 
	0x45, 0x4e, 0x20, 0x50, 0x52, 0x45, 0x49, 0x53, 0x21, 0x56, 0x49, 0x45, 0x4c, 0x20, 0x5a, 0x55, 
	0x20, 0x4c, 0x41, 0x48, 0x4d, 0x2c, 0x20, 0x7e, 0x21, 0x20, 0x49, 0x43, 0x48, 0x20, 0x42, 0x4c, 
	0x45, 0x49, 0x42, 0x45, 0x20, 0x44, 0x45, 0x52, 0x20, 0x43, 0x48, 0x41, 0x4d, 0x50, 0x49, 0x4f, 
	0x4e, 0x20, 0x41, 0x55, 0x46, 0x20, 0x44, 0x49, 0x45, 0x53, 0x45, 0x52, 0x20, 0x53, 0x54, 0x52, 
	0x45, 0x43, 0x4b, 0x45, 0x21, 0x4e, 0x49, 0x43, 0x48, 0x54, 0x20, 0xdc, 0x42, 0x45, 0x4c, 0x2c, 
	0x7e, 0x2e, 0x20, 0x41, 0x42, 0x45, 0x52, 0x20, 0x44, 0x49, 0x52, 0x20, 0x46, 0x45, 0x48, 0x4c, 
	0x45, 0x4e, 0x20, 0x4e, 0x4f, 0x43, 0x48, 0x20, 0x45, 0x49, 0x4e, 0x49, 0x47, 0x45, 0x20, 0x4d, 
	0xdc, 0x4e, 0x5a, 0x45, 0x4e, 0x21, 0x4c, 0x41, 0x53, 0x53, 0x20, 0x55, 0x4e, 0x53, 0x20, 0x4e, 
	0x4f, 0x43, 0x48, 0x20, 0x4d, 0x41, 0x4c, 0x20, 0x46, 0x41, 0x48, 0x52, 0x45, 0x4e, 0x2c, 0x20, 
	0x49, 0x43, 0x48, 0x20, 0x48, 0x41, 0x42, 0x45, 0x20, 0x4e, 0x4f, 0x43, 0x48, 0x20, 0x47, 0x45, 
	0x4e, 0x55, 0x47, 0x20, 0x53, 0x50, 0x52, 0x49, 0x54, 0x20, 0x49, 0x4d, 0x20, 0x54, 0x41, 0x4e, 
	0x4b, 0x21, 0x57, 0x4f, 0x20, 0x42, 0x4c, 0x45, 0x49, 0x42, 0x53, 0x54, 0x20, 0x44, 0x55, 0x20, 
	0x4e, 0x55, 0x52, 0x2c, 0x20, 0x7e, 0x3f, 0x20, 0x44, 0x41, 0x53, 0x20, 0x4e, 0x45, 0x4e, 0x4e, 
	0x53, 0x54, 0x20, 0x44, 0x55, 0x20, 0x45, 0x49, 0x4e, 0x20, 0x52, 0x45, 0x4e, 0x4e, 0x45, 0x4e, 
	0x3f, 0x57, 0x49, 0x52, 0x20, 0x46, 0x41, 0x4e, 0x47, 0x45, 0x4e, 0x20, 0x4e, 0x4f, 0x43, 0x48, 
	0x20, 0x4d, 0x41, 0x4c, 0x20, 0x41, 0x4e, 0x2c, 0x20, 0x55, 0x4d, 0x20, 0x44, 0x49, 0x52, 0x20, 
	0x45, 0x49, 0x4e, 0x45, 0x20, 0x4b, 0x4c, 0x45, 0x49, 0x4e, 0x45, 0x20, 0x43, 0x48, 0x41, 0x4e, 
	0x43, 0x45, 0x20, 0x5a, 0x55, 0x20, 0x47, 0x45, 0x42, 0x45, 0x4e, 0x2e, 0x2e, 0x2e, 0x53, 0x43, 
	0x48, 0x49, 0x43, 0x4b, 0x45, 0x52, 0x20, 0x46, 0x4c, 0x49, 0x54, 0x5a, 0x45, 0x52, 0x2c, 0x20, 
	0x7e, 0x21, 0x20, 0x4b, 0x4f, 0x4d, 0x4d, 0x2c, 0x20, 0x57, 0x49, 0x52, 0x20, 0x46, 0x41, 0x48, 
	0x52, 0x45, 0x4e, 0x20, 0x55, 0x4d, 0x20, 0x44, 0x45, 0x4e, 0x20, 0x47, 0x52, 0x4f, 0x53, 0x53, 
	0x45, 0x4e, 0x20, 0x50, 0x52, 0x45, 0x49, 0x53, 0x20, 0x44, 0x45, 0x52, 0x20, 0x47, 0x4f, 0x4c, 
	0x44, 0x45, 0x4e, 0x45, 0x4e, 0x20, 0x42, 0x41, 0x4e, 0x41, 0x4e, 0x45, 0x21, 0x57, 0x49, 0x4c, 
	0x4c, 0x53, 0x54, 0x20, 0x44, 0x55, 0x20, 0x47, 0x45, 0x57, 0x49, 0x4e, 0x4e, 0x45, 0x4e, 0x2c, 
	0x20, 0x4d, 0x55, 0x53, 0x53, 0x54, 0x20, 0x44, 0x55, 0x20, 0x4e, 0x41, 0x43, 0x48, 0x20, 0x32, 
	0x20, 0x52, 0x55, 0x4e, 0x44, 0x45, 0x4e, 0x20, 0x46, 0xdc, 0x48, 0x52, 0x45, 0x4e, 0x20, 0x55, 
	0x4e, 0x44, 0x20, 0x31, 0x30, 0x20, 0x4d, 0xdc, 0x4e, 0x5a, 0x45, 0x4e, 0x20, 0x47, 0x45, 0x53, 
	0x41, 0x4d, 0x4d, 0x45, 0x4c, 0x54, 0x20, 0x48, 0x41, 0x42, 0x45, 0x4e, 0x21, 0x44, 0x52, 0xdc, 
	0x43, 0x4b, 0x45, 0x55, 0x4d, 0x20, 0x5a, 0x55, 0x20, 0x42, 0x45, 0x53, 0x43, 0x48, 0x4c, 0x45, 
	0x55, 0x4e, 0x49, 0x47, 0x45, 0x4e, 0x2e, 0x20, 0x47, 0x45, 0x42, 0x52, 0x41, 0x55, 0x43, 0x48, 
	0x45, 0x55, 0x4d, 0x20, 0x44, 0x49, 0x45, 0x20, 0x42, 0x41, 0x48, 0x4e, 0x20, 0x5a, 0x55, 0x20, 
	0x57, 0x45, 0x43, 0x48, 0x53, 0x45, 0x4c, 0x4e, 0x2e, 0x20, 0x4d, 0x49, 0x54, 0x4b, 0x41, 0x4e, 
	0x4e, 0x53, 0x54, 0x20, 0x44, 0x55, 0x20, 0x54, 0x52, 0x49, 0x43, 0x4b, 0x53, 0x45, 0x4e, 0x2e, 
	0x20, 0x4c, 0x4f, 0x53, 0x20, 0x47, 0x45, 0x48, 0x54, 0x27, 0x53, 0x21, 
};
u8 text_18[] = {
	0x6, 0x1, 0x1, 0x1, 0x0, 0x0, 0x0, 0x0, 0x0, 0x69, 0x0, 0x0, 0x0, 0x0, 0x0, 0x0, 
	0x1, 0x1, 0x1, 0x0, 0x0, 0x0, 0x69, 0x0, 0x2d, 0x0, 0x0, 0x0, 0x0, 0x0, 0x0, 0x1, 
	0x1, 0x1, 0x0, 0x0, 0x0, 0x96, 0x0, 0x37, 0x0, 0x0, 0x0, 0x0, 0x0, 0x0, 0x1, 0x1, 
	0x1, 0x0, 0x0, 0x0, 0xcd, 0x0, 0x32, 0x0, 0x0, 0x0, 0x0, 0x0, 0x0, 0x1, 0x1, 0x1, 
	0x0, 0x0, 0x0, 0xff, 0x0, 0x4a, 0x0, 0x0, 0x0, 0x0, 0x0, 0x0, 0x1, 0x1, 0x1, 0x0, 
	0x0, 0x1, 0x49, 0x0, 0x21, 0x0, 0x0, 0x0, 0x0, 0x0, 0x0, 0x1, 0x6a, 0x4d, 0x4f, 0x49, 
	0x4e, 0x2c, 0x20, 0x4d, 0x4f, 0x49, 0x4e, 0x21, 0x20, 0x56, 0x45, 0x52, 0x44, 0x41, 0x4d, 0x4d, 
	0x54, 0x20, 0x4c, 0x41, 0x4e, 0x47, 0x45, 0x20, 0x48, 0x45, 0x52, 0x2c, 0x20, 0x53, 0x45, 0x49, 
	0x54, 0x20, 0x49, 0x43, 0x48, 0x20, 0x5a, 0x55, 0x4d, 0x20, 0x4c, 0x45, 0x54, 0x5a, 0x54, 0x45, 
	0x4e, 0x20, 0x4d, 0x41, 0x4c, 0x20, 0x56, 0x45, 0x52, 0x4c, 0x4f, 0x52, 0x45, 0x4e, 0x20, 0x48, 
	0x41, 0x42, 0x45, 0x21, 0x20, 0x41, 0x42, 0x45, 0x52, 0x20, 0x44, 0x55, 0x20, 0x53, 0x4f, 0x4c, 
	0x4c, 0x53, 0x54, 0x20, 0x44, 0x45, 0x49, 0x4e, 0x45, 0x20, 0x42, 0x45, 0x55, 0x54, 0x45, 0x20, 
	0x48, 0x41, 0x42, 0x45, 0x4e, 0x21, 0x50, 0x41, 0x48, 0x2c, 0x20, 0x44, 0x55, 0x20, 0x4c, 0x41, 
	0x4e, 0x44, 0x52, 0x41, 0x54, 0x54, 0x45, 0x21, 0x20, 0x47, 0x41, 0x52, 0x20, 0x4e, 0x49, 0x43, 
	0x48, 0x54, 0x20, 0x53, 0x4f, 0x20, 0x45, 0x49, 0x4e, 0x46, 0x41, 0x43, 0x48, 0x2c, 0x20, 0x57, 
	0x41, 0x53, 0x3f, 0x42, 0x49, 0x53, 0x54, 0x20, 0x44, 0x55, 0x20, 0x53, 0x45, 0x45, 0x4b, 0x52, 
	0x41, 0x4e, 0x4b, 0x3f, 0x20, 0x44, 0x55, 0x20, 0x48, 0x41, 0x53, 0x54, 0x20, 0x4e, 0x49, 0x43, 
	0x48, 0x54, 0x20, 0x47, 0x45, 0x4e, 0x55, 0x47, 0x20, 0x4d, 0xdc, 0x4e, 0x5a, 0x45, 0x4e, 0x20, 
	0x47, 0x45, 0x53, 0x41, 0x4d, 0x4d, 0x45, 0x4c, 0x54, 0x21, 0x48, 0x41, 0x48, 0x41, 0x21, 0x20, 
	0x44, 0x55, 0x20, 0x4d, 0x55, 0x53, 0x53, 0x54, 0x20, 0x44, 0x49, 0x45, 0x20, 0x54, 0x4f, 0x52, 
	0x45, 0x20, 0x54, 0x52, 0x45, 0x46, 0x46, 0x45, 0x4e, 0x2c, 0x20, 0x44, 0x55, 0x20, 0x4c, 0x45, 
	0x49, 0x43, 0x48, 0x54, 0x4d, 0x41, 0x54, 0x52, 0x4f, 0x53, 0x45, 0x21, 0x2, 0x48, 0x45, 0x59, 
	0x2, 0x2c, 0x20, 0x7e, 0x21, 0x20, 0x44, 0x55, 0x20, 0x42, 0x52, 0x41, 0x55, 0x43, 0x48, 0x53, 
	0x54, 0x20, 0x31, 0x30, 0x30, 0x20, 0x53, 0x4b, 0x55, 0x4c, 0x4c, 0x54, 0x49, 0x4c, 0x49, 0x45, 
	0x53, 0x2c, 0x20, 0x57, 0x45, 0x4e, 0x4e, 0x20, 0x44, 0x55, 0x20, 0x47, 0x45, 0x47, 0x45, 0x4e, 
	0x20, 0x4d, 0x49, 0x43, 0x48, 0x20, 0x41, 0x4e, 0x54, 0x52, 0x45, 0x54, 0x45, 0x4e, 0x20, 0x57, 
	0x49, 0x4c, 0x4c, 0x53, 0x54, 0x21, 0x41, 0x43, 0x48, 0x2e, 0x2e, 0x2e, 0x20, 0x44, 0x41, 0x53, 
	0x20, 0x57, 0x41, 0x52, 0x20, 0x4a, 0x41, 0x20, 0x56, 0x49, 0x45, 0x4c, 0x20, 0x5a, 0x55, 0x20, 
	0x4c, 0x45, 0x49, 0x43, 0x48, 0x54, 0x21, 
};
u8 text_19[] = {
	0x19, 0x1, 0x1, 0x1, 0x0, 0x0, 0x0, 0x0, 0x0, 0x4c, 0x0, 0x0, 0x0, 0x0, 0x0, 0x0, 
	0x3, 0x1, 0x1, 0x0, 0x0, 0x0, 0x4c, 0x0, 0x6, 0x0, 0x0, 0x0, 0x0, 0x0, 0x0, 0x2, 
	0x1, 0x0, 0x70, 0x0, 0x0, 0x0, 0x0, 0x0, 0x0, 0x1, 0x2, 0x0, 0x0, 0x0, 0x52, 0x0, 
	0x26, 0x0, 0x0, 0x0, 0x0, 0x0, 0x78, 0x0, 0x35, 0x0, 0x0, 0x0, 0x0, 0x0, 0x0, 0x3, 
	0x1, 0x1, 0x0, 0x0, 0x0, 0xad, 0x0, 0x42, 0x0, 0x0, 0x0, 0x0, 0x0, 0x0, 0x2, 0x1, 
	0x0, 0x70, 0x0, 0x0, 0x0, 0x0, 0x0, 0x0, 0x1, 0x1, 0x0, 0x0, 0x0, 0xef, 0x0, 0x2f, 
	0x0, 0x0, 0x0, 0x0, 0x0, 0x0, 0x1, 0x1, 0x2, 0x0, 0x0, 0x1, 0x1e, 0x0, 0x3d, 0x0, 
	0x0, 0x0, 0x0, 0x1, 0x5b, 0x0, 0x44, 0x0, 0x0, 0x0, 0x0, 0x0, 0x0, 0x2, 0x1, 0x1, 
	0x0, 0x0, 0x1, 0x9f, 0x0, 0x46, 0x0, 0x0, 0x0, 0x0, 0x0, 0x0, 0x2, 0x1, 0x0, 0x3c, 
	0x0, 0x0, 0x0, 0x0, 0x0, 0x0, 0x1, 0x1, 0x1, 0x0, 0x0, 0x1, 0xe5, 0x0, 0x2b, 0x0, 
	0x0, 0x0, 0x0, 0x0, 0x0, 0x1, 0x1, 0x4, 0x0, 0x0, 0x2, 0x10, 0x0, 0x46, 0x0, 0x0, 
	0x0, 0x0, 0x2, 0x56, 0x0, 0x58, 0x0, 0x0, 0x0, 0x0, 0x2, 0xae, 0x0, 0x89, 0x0, 0x0, 
	0x0, 0x0, 0x3, 0x37, 0x0, 0x5d, 0x0, 0x0, 0x0, 0x0, 0x0, 0x0, 0x1, 0x1, 0x1, 0x0, 
	0x0, 0x3, 0x94, 0x0, 0x3b, 0x0, 0x0, 0x0, 0x0, 0x0, 0x0, 0x1, 0x1, 0x2, 0x0, 0x0, 
	0x3, 0xcf, 0x0, 0x3f, 0x0, 0x0, 0x0, 0x0, 0x4, 0xe, 0x0, 0x3c, 0x0, 0x0, 0x0, 0x0, 
	0x0, 0x0, 0x1, 0x1, 0x1, 0x0, 0x0, 0x4, 0x4a, 0x0, 0x38, 0x0, 0x0, 0x0, 0x0, 0x0, 
	0x0, 0x1, 0x1, 0x1, 0x0, 0x0, 0x4, 0x82, 0x0, 0x63, 0x0, 0x0, 0x0, 0x0, 0x0, 0x0, 
	0x1, 0x1, 0x5, 0x0, 0x0, 0x4, 0xe5, 0x0, 0x15, 0x0, 0x0, 0x0, 0x0, 0x4, 0xfa, 0x0, 
	0x2d, 0x0, 0x0, 0x0, 0x0, 0x5, 0x27, 0x0, 0x69, 0x0, 0x0, 0x0, 0x0, 0x5, 0x90, 0x0, 
	0x5a, 0x0, 0x0, 0x0, 0x0, 0x5, 0xea, 0x0, 0x11, 0x0, 0x0, 0x0, 0x0, 0x0, 0x0, 0x1, 
	0x1, 0x1, 0x0, 0x0, 0x5, 0xfb, 0x0, 0x13, 0x0, 0x0, 0x0, 0x0, 0x0, 0x0, 0x1, 0x1, 
	0x1, 0x0, 0x0, 0x6, 0xe, 0x0, 0x1c, 0x0, 0x0, 0x0, 0x0, 0x0, 0x0, 0x1, 0x1, 0x1, 
	0x0, 0x0, 0x6, 0x2a, 0x0, 0x47, 0x0, 0x0, 0x0, 0x0, 0x0, 0x0, 0x1, 0x1, 0x1, 0x0, 
	0x0, 0x6, 0x71, 0x0, 0x3a, 0x0, 0x0, 0x0, 0x0, 0x0, 0x0, 0x1, 0x1, 0x1, 0x0, 0x0, 
	0x6, 0xab, 0x0, 0x38, 0x0, 0x0, 0x0, 0x0, 0x0, 0x0, 0x1, 0x1, 0x1, 0x0, 0x0, 0x6, 
	0xe3, 0x0, 0x35, 0x0, 0x0, 0x0, 0x0, 0x0, 0x0, 0x1, 0x1, 0x1, 0x0, 0x0, 0x7, 0x18, 
	0x0, 0x35, 0x0, 0x0, 0x0, 0x0, 0x0, 0x0, 0x1, 0x1, 0x1, 0x0, 0x0, 0x7, 0x4d, 0x0, 
	0x42, 0x0, 0x0, 0x0, 0x0, 0x0, 0x0, 0x1, 0x1, 0x4, 0x0, 0x0, 0x7, 0x8f, 0x0, 0x15, 
	0x0, 0x0, 0x0, 0x0, 0x7, 0xa4, 0x0, 0x2a, 0x0, 0x0, 0x0, 0x0, 0x7, 0xce, 0x0, 0x4e, 
	0x0, 0x0, 0x0, 0x0, 0x8, 0x1c, 0x0, 0x1f, 0x0, 0x0, 0x0, 0x0, 0x0, 0x0, 0x1, 0x1, 
	0x4, 0x0, 0x0, 0x8, 0x3b, 0x0, 0x22, 0x0, 0x0, 0x0, 0x0, 0x8, 0x5d, 0x0, 0x54, 0x0, 
	0x0, 0x0, 0x0, 0x8, 0xb1, 0x0, 0x44, 0x0, 0x0, 0x0, 0x0, 0x8, 0xf5, 0x0, 0x65, 0x0, 
	0x0, 0x0, 0x0, 0x0, 0x0, 0x1, 0x1, 0x1, 0x0, 0x0, 0x9, 0x5a, 0x0, 0x52, 0x0, 0x0, 
	0x0, 0x0, 0x0, 0x0, 0x9, 0x1, 0x1, 0x0, 0x0, 0x9, 0xac, 0x0, 0x2b, 0x0, 0x0, 0x0, 
	0x0, 0x0, 0x0, 0x2, 0x1, 0x0, 0x70, 0x0, 0x0, 0x0, 0x0, 0x0, 0x0, 0x1, 0x1, 0x0, 
	0x0, 0x9, 0xd7, 0x0, 0xa, 0x0, 0x0, 0x0, 0x0, 0x0, 0x0, 0x2, 0x1, 0x0, 0x73, 0x0, 
	0x0, 0x0, 0x0, 0x0, 0x0, 0x1, 0x1, 0x0, 0x0, 0x9, 0xe1, 0x0, 0x5, 0x0, 0x0, 0x0, 
	0x0, 0x0, 0x0, 0x2, 0x1, 0x0, 0x70, 0x0, 0x0, 0x0, 0x0, 0x0, 0x0, 0x1, 0x1, 0x0, 
	0x0, 0x9, 0xe6, 0x0, 0xa, 0x0, 0x0, 0x0, 0x0, 0x0, 0x0, 0x2, 0x1, 0x0, 0x6f, 0x0, 
	0x0, 0x0, 0x0, 0x0, 0x0, 0x1, 0x1, 0x0, 0x0, 0x9, 0xf0, 0x0, 0x1a, 0x0, 0x0, 0x0, 
	0x0, 0x0, 0x0, 0x4, 0x1, 0x1, 0x0, 0x0, 0xa, 0xa, 0x0, 0x2e, 0x0, 0x0, 0x0, 0x0, 
	0x0, 0x0, 0x2, 0x1, 0x0, 0x70, 0x0, 0x0, 0x0, 0x0, 0x0, 0x0, 0x1, 0x1, 0x0, 0x0, 
	0xa, 0x38, 0x0, 0xa, 0x0, 0x0, 0x0, 0x0, 0x0, 0x0, 0x2, 0x1, 0x0, 0x73, 0x0, 0x0, 
	0x0, 0x0, 0x0, 0x0, 0xa, 0x42, 0x44, 0x55, 0x20, 0x4d, 0x55, 0x53, 0x53, 0x54, 0x20, 0x4d, 
	0x49, 0x54, 0x20, 0x44, 0x45, 0x4d, 0x20, 0x41, 0x4c, 0x54, 0x45, 0x4e, 0x20, 0x43, 0x52, 0x41, 
	0x4e, 0x4b, 0x59, 0x20, 0x53, 0x50, 0x52, 0x45, 0x43, 0x48, 0x45, 0x4e, 0x2c, 0x20, 0x42, 0x45, 
	0x56, 0x4f, 0x52, 0x20, 0x44, 0x55, 0x20, 0x44, 0x49, 0x45, 0x53, 0x45, 0x20, 0x50, 0x4c, 0x41, 
	0x54, 0x54, 0x45, 0x20, 0x4e, 0x55, 0x54, 0x5a, 0x45, 0x4e, 0x20, 0x4b, 0x41, 0x4e, 0x4e, 0x53, 
	0x54, 0x21, 0x44, 0x52, 0xdc, 0x43, 0x4b, 0x45, 0x55, 0x4d, 0x20, 0x5a, 0x55, 0x20, 0x4b, 0x2e, 
	0x52, 0x4f, 0x4f, 0x4c, 0x53, 0x20, 0x4b, 0x41, 0x4d, 0x50, 0x46, 0x20, 0x41, 0x52, 0x45, 0x4e, 
	0x41, 0x20, 0x5a, 0x55, 0x20, 0x47, 0x45, 0x4c, 0x41, 0x4e, 0x47, 0x45, 0x4e, 0x21, 0x53, 0x43, 
	0x48, 0x4c, 0x41, 0x47, 0x45, 0x20, 0x53, 0x45, 0x49, 0x4e, 0x45, 0x20, 0x48, 0x41, 0x4e, 0x44, 
	0x4c, 0x41, 0x4e, 0x47, 0x45, 0x52, 0x2c, 0x20, 0x55, 0x4e, 0x44, 0x20, 0x44, 0x55, 0x20, 0x42, 
	0x45, 0x4b, 0x4f, 0x4d, 0x4d, 0x53, 0x54, 0x20, 0x45, 0x49, 0x4e, 0x45, 0x20, 0x4b, 0x52, 0x4f, 
	0x4e, 0x45, 0x21, 0x46, 0x49, 0x4e, 0x44, 0x45, 0x20, 0x44, 0x49, 0x45, 0x20, 0x50, 0x4c, 0x41, 
	0x54, 0x54, 0x45, 0x20, 0x4d, 0x49, 0x54, 0x20, 0x44, 0x45, 0x52, 0x20, 0x47, 0x4c, 0x45, 0x49, 
	0x43, 0x48, 0x45, 0x4e, 0x20, 0x5a, 0x41, 0x48, 0x4c, 0x20, 0x49, 0x4d, 0x20, 0x53, 0x45, 0x4c, 
	0x42, 0x45, 0x4e, 0x20, 0x47, 0x45, 0x42, 0x49, 0x45, 0x54, 0x20, 0x55, 0x4e, 0x44, 0x20, 0x44, 
	0x52, 0xdc, 0x43, 0x4b, 0x45, 0x55, 0x4d, 0x20, 0x44, 0x49, 0x43, 0x48, 0x20, 0x5a, 0x57, 0x49, 
	0x53, 0x43, 0x48, 0x45, 0x4e, 0x20, 0x44, 0x45, 0x4e, 0x20, 0x42, 0x45, 0x49, 0x44, 0x45, 0x4e, 
	0x20, 0x5a, 0x55, 0x20, 0x42, 0x41, 0x4e, 0x41, 0x4e, 0x41, 0x50, 0x4f, 0x52, 0x54, 0x49, 0x45, 
	0x52, 0x45, 0x4e, 0x21, 0x4b, 0x4f, 0x4d, 0x4d, 0x20, 0x53, 0x43, 0x48, 0x4f, 0x4e, 0x2c, 0x20, 
	0x44, 0x4b, 0x21, 0x20, 0x48, 0x41, 0x53, 0x54, 0x20, 0x44, 0x55, 0x20, 0x49, 0x4d, 0x4d, 0x45, 
	0x52, 0x20, 0x4e, 0x4f, 0x43, 0x48, 0x20, 0x44, 0x45, 0x49, 0x4e, 0x45, 0x4e, 0x20, 0x4c, 0x45, 
	0x47, 0x45, 0x4e, 0x44, 0xc4, 0x52, 0x45, 0x4e, 0x20, 0x53, 0x43, 0x48, 0x57, 0x55, 0x4e, 0x47, 
	0x3f, 0x4b, 0x4c, 0x45, 0x54, 0x54, 0x45, 0x52, 0x20, 0x41, 0x55, 0x46, 0x20, 0x44, 0x49, 0x45, 
	0x20, 0x50, 0x41, 0x4c, 0x4d, 0x45, 0x20, 0x55, 0x4e, 0x44, 0x20, 0x48, 0x41, 0x4e, 0x47, 0x4c, 
	0x45, 0x20, 0x44, 0x49, 0x43, 0x48, 0x20, 0x41, 0x4e, 0x20, 0x44, 0x45, 0x4e, 0x20, 0x4c, 0x49, 
	0x41, 0x4e, 0x45, 0x4e, 0x20, 0x5a, 0x55, 0x4d, 0x20, 0x54, 0x4f, 0x52, 0x53, 0x43, 0x48, 0x41, 
	0x4c, 0x54, 0x45, 0x52, 0x21, 0x44, 0x4b, 0x21, 0x20, 0x57, 0x45, 0x4e, 0x4e, 0x20, 0x44, 0x55, 
	0x20, 0x37, 0x35, 0x20, 0x42, 0x41, 0x4e, 0x41, 0x4e, 0x45, 0x4e, 0x20, 0x45, 0x49, 0x4e, 0x53, 
	0x41, 0x4d, 0x4d, 0x45, 0x4c, 0x53, 0x54, 0x2c, 0x20, 0x45, 0x52, 0x48, 0xc4, 0x4c, 0x54, 0x53, 
	0x54, 0x20, 0x44, 0x55, 0x20, 0x45, 0x49, 0x4e, 0x45, 0x20, 0x42, 0x41, 0x4e, 0x41, 0x4e, 0x45, 
	0x4e, 0x20, 0x4d, 0x45, 0x44, 0x41, 0x4c, 0x4c, 0x49, 0x45, 0x21, 0x44, 0x49, 0x45, 0x20, 0x50, 
	0x46, 0x4c, 0xd6, 0x43, 0x4b, 0x45, 0x20, 0x53, 0x43, 0x48, 0x45, 0x49, 0x4e, 0x45, 0x4e, 0x20, 
	0x4c, 0x4f, 0x43, 0x4b, 0x45, 0x52, 0x20, 0x5a, 0x55, 0x20, 0x53, 0x45, 0x49, 0x4e, 0x2c, 0x20, 
	0x4c, 0x41, 0x4e, 0x4b, 0x59, 0x21, 0x47, 0x55, 0x54, 0x45, 0x4e, 0x20, 0x54, 0x41, 0x47, 0x2c, 
	0x20, 0x7e, 0x21, 0x20, 0x57, 0x49, 0x52, 0x20, 0x48, 0x45, 0x4c, 0x46, 0x45, 0x4e, 0x20, 0x44, 
	0x49, 0x52, 0x20, 0x47, 0x45, 0x52, 0x4e, 0x20, 0x57, 0x45, 0x49, 0x54, 0x45, 0x52, 0x2c, 0x20, 
	0x41, 0x42, 0x45, 0x52, 0x20, 0x45, 0x53, 0x20, 0x47, 0x49, 0x42, 0x54, 0x20, 0x44, 0x41, 0x20, 
	0x45, 0x49, 0x4e, 0x20, 0x50, 0x52, 0x4f, 0x42, 0x4c, 0x45, 0x4d, 0x2e, 0x49, 0x43, 0x48, 0x20, 
	0x4b, 0x41, 0x4e, 0x4e, 0x20, 0x44, 0x45, 0x4e, 0x20, 0x53, 0x43, 0x48, 0x4c, 0xdc, 0x53, 0x53, 
	0x45, 0x4c, 0x20, 0xdc, 0x42, 0x45, 0x52, 0x20, 0x4d, 0x45, 0x49, 0x4e, 0x45, 0x4d, 0x20, 0x4b, 
	0x4f, 0x50, 0x46, 0x20, 0x4e, 0x49, 0x43, 0x48, 0x54, 0x20, 0x45, 0x52, 0x52, 0x45, 0x49, 0x43, 
	0x48, 0x45, 0x4e, 0x2c, 0x20, 0x57, 0x45, 0x49, 0x4c, 0x20, 0x49, 0x43, 0x48, 0x20, 0x5a, 0x55, 
	0x20, 0x56, 0x49, 0x45, 0x4c, 0x20, 0x47, 0x45, 0x47, 0x45, 0x53, 0x53, 0x45, 0x4e, 0x20, 0x48, 
	0x41, 0x42, 0x45, 0x21, 0x49, 0x43, 0x48, 0x20, 0x53, 0x43, 0x48, 0xc4, 0x54, 0x5a, 0x45, 0x2c, 
	0x20, 0x44, 0x41, 0x53, 0x53, 0x20, 0x4d, 0x45, 0x49, 0x4e, 0x20, 0x4b, 0x55, 0x4d, 0x50, 0x45, 
	0x4c, 0x20, 0x53, 0x43, 0x4f, 0x46, 0x46, 0x20, 0x44, 0x4f, 0x52, 0x54, 0x20, 0x44, 0x52, 0xdc, 
	0x42, 0x45, 0x4e, 0x20, 0x4d, 0x45, 0x49, 0x4e, 0x20, 0x4b, 0x4c, 0x45, 0x49, 0x4e, 0x45, 0x53, 
	0x20, 0x47, 0x45, 0x57, 0x49, 0x43, 0x48, 0x54, 0x53, 0x50, 0x52, 0x4f, 0x42, 0x4c, 0x45, 0x4d, 
	0x20, 0x41, 0x55, 0x53, 0x47, 0x4c, 0x45, 0x49, 0x43, 0x48, 0x45, 0x4e, 0x20, 0x4b, 0xd6, 0x4e, 
	0x4e, 0x54, 0x45, 0x2c, 0x20, 0x57, 0x45, 0x4e, 0x4e, 0x20, 0x44, 0x55, 0x20, 0x45, 0x54, 0x57, 
	0x41, 0x53, 0x20, 0x4c, 0x45, 0x43, 0x4b, 0x45, 0x52, 0x45, 0x53, 0x20, 0x46, 0xdc, 0x52, 0x20, 
	0x49, 0x48, 0x4e, 0x20, 0x48, 0xc4, 0x54, 0x54, 0x45, 0x53, 0x54, 0x21, 0x20, 0x44, 0x55, 0x20, 
	0x48, 0x41, 0x53, 0x54, 0x20, 0x44, 0x49, 0x45, 0x53, 0x45, 0x20, 0x4b, 0xd6, 0x53, 0x54, 0x4c, 
	0x49, 0x43, 0x48, 0x45, 0x4e, 0x20, 0x42, 0x41, 0x4e, 0x41, 0x4e, 0x45, 0x4e, 0x3f, 0x20, 0x44, 
	0x41, 0x4e, 0x4e, 0x20, 0x53, 0x54, 0x45, 0x4c, 0x4c, 0x20, 0x44, 0x49, 0x43, 0x48, 0x20, 0x41, 
	0x55, 0x46, 0x20, 0x44, 0x45, 0x49, 0x4e, 0x45, 0x20, 0x50, 0x4c, 0x41, 0x54, 0x54, 0x45, 0x20, 
	0x55, 0x4e, 0x44, 0x20, 0x4c, 0x41, 0x53, 0x53, 0x20, 0x55, 0x4e, 0x53, 0x20, 0x4d, 0x41, 0x4c, 
	0x20, 0x4d, 0x41, 0x43, 0x48, 0x45, 0x4e, 0x2e, 0x2e, 0x2e, 0x48, 0x4d, 0x4d, 0x2e, 0x2e, 0x2e, 
	0x20, 0x56, 0x49, 0x45, 0x4c, 0x4c, 0x45, 0x49, 0x43, 0x48, 0x54, 0x20, 0x53, 0x4f, 0x4c, 0x4c, 
	0x54, 0x45, 0x20, 0x49, 0x43, 0x48, 0x20, 0x45, 0x52, 0x53, 0x54, 0x20, 0x42, 0x45, 0x49, 0x20, 
	0x43, 0x52, 0x41, 0x4e, 0x4b, 0x59, 0x20, 0x56, 0x4f, 0x52, 0x42, 0x45, 0x49, 0x53, 0x43, 0x48, 
	0x41, 0x55, 0x45, 0x4e, 0x3f, 0x57, 0x45, 0x4e, 0x4e, 0x20, 0x44, 0x55, 0x20, 0x47, 0x45, 0x4e, 
	0x55, 0x47, 0x20, 0x47, 0x45, 0x53, 0x41, 0x4d, 0x4d, 0x45, 0x4c, 0x54, 0x20, 0x48, 0x41, 0x53, 
	0x54, 0x2c, 0x20, 0x4b, 0xd6, 0x4e, 0x4e, 0x45, 0x4e, 0x20, 0x57, 0x49, 0x52, 0x20, 0x44, 0x49, 
	0x52, 0x20, 0x44, 0x49, 0x45, 0x53, 0x45, 0x53, 0x20, 0x54, 0x4f, 0x52, 0x20, 0xd6, 0x46, 0x46, 
	0x4e, 0x45, 0x4e, 0x21, 0x44, 0x55, 0x20, 0x4b, 0x41, 0x4e, 0x4e, 0x53, 0x54, 0x20, 0x44, 0x55, 
	0x52, 0x43, 0x48, 0x20, 0x44, 0x49, 0x45, 0x20, 0x4c, 0x45, 0x56, 0x45, 0x4c, 0x54, 0xdc, 0x52, 
	0x20, 0x5a, 0x55, 0x52, 0xdc, 0x43, 0x4b, 0x47, 0x45, 0x48, 0x45, 0x4e, 0x2c, 0x20, 0x55, 0x4d, 
	0x20, 0x4d, 0x45, 0x48, 0x52, 0x20, 0x5a, 0x55, 0x20, 0x53, 0x41, 0x4d, 0x4d, 0x45, 0x4c, 0x4e, 
	0x47, 0x45, 0x48, 0x45, 0x20, 0x5a, 0x55, 0x4d, 0x20, 0x41, 0x55, 0x53, 0x47, 0x41, 0x4e, 0x47, 
	0x2c, 0x20, 0x57, 0x45, 0x4e, 0x4e, 0x20, 0x44, 0x55, 0x20, 0x44, 0x49, 0x45, 0x53, 0x45, 0x4e, 
	0x20, 0x4c, 0x45, 0x56, 0x45, 0x4c, 0x20, 0x56, 0x45, 0x52, 0x4c, 0x41, 0x53, 0x53, 0x45, 0x4e, 
	0x20, 0x57, 0x49, 0x4c, 0x4c, 0x53, 0x54, 0x21, 0x48, 0x4d, 0x4d, 0x2e, 0x2e, 0x2e, 0x20, 0x53, 
	0x41, 0x47, 0x54, 0x45, 0x20, 0x43, 0x52, 0x41, 0x4e, 0x4b, 0x59, 0x20, 0x4e, 0x49, 0x43, 0x48, 
	0x54, 0x2c, 0x20, 0x45, 0x52, 0x20, 0x48, 0xc4, 0x54, 0x54, 0x45, 0x20, 0x45, 0x49, 0x4e, 0x45, 
	0x20, 0xdc, 0x42, 0x45, 0x52, 0x52, 0x41, 0x53, 0x43, 0x48, 0x55, 0x4e, 0x47, 0x20, 0x46, 0xdc, 
	0x52, 0x20, 0x4d, 0x49, 0x43, 0x48, 0x2c, 0x20, 0x57, 0x45, 0x4e, 0x4e, 0x20, 0x49, 0x43, 0x48, 
	0x20, 0x31, 0x35, 0x20, 0x42, 0x41, 0x4e, 0x41, 0x4e, 0x45, 0x4e, 0x20, 0x4d, 0x45, 0x44, 0x41, 
	0x49, 0x4c, 0x4c, 0x45, 0x4e, 0x20, 0x48, 0x41, 0x42, 0x45, 0x3f, 0x4c, 0x41, 0x44, 0x49, 0x45, 
	0x53, 0x20, 0x41, 0x4e, 0x44, 0x20, 0x47, 0x45, 0x4e, 0x54, 0x4c, 0x45, 0x4d, 0x45, 0x4e, 0x21, 
	0x57, 0x49, 0x4c, 0x4c, 0x4b, 0x4f, 0x4d, 0x4d, 0x45, 0x4e, 0x20, 0x5a, 0x55, 0x52, 0x20, 0x48, 
	0x41, 0x55, 0x50, 0x54, 0x41, 0x54, 0x54, 0x52, 0x41, 0x4b, 0x54, 0x49, 0x4f, 0x4e, 0x20, 0x44, 
	0x49, 0x45, 0x53, 0x45, 0x53, 0x20, 0x53, 0x50, 0x49, 0x45, 0x4c, 0x53, 0x21, 0x44, 0x45, 0x52, 
	0x20, 0x4b, 0x41, 0x4d, 0x50, 0x46, 0x20, 0x44, 0x45, 0x52, 0x20, 0x4b, 0xc4, 0x4d, 0x50, 0x46, 
	0x45, 0x21, 0x20, 0x31, 0x32, 0x20, 0x52, 0x55, 0x4e, 0x44, 0x45, 0x4e, 0x20, 0x4a, 0x45, 0x20, 
	0x5a, 0x55, 0x20, 0x44, 0x52, 0x45, 0x49, 0x20, 0x4d, 0x49, 0x4e, 0x55, 0x54, 0x45, 0x4e, 0x20, 
	0x55, 0x4d, 0x20, 0x44, 0x45, 0x4e, 0x20, 0x54, 0x49, 0x54, 0x45, 0x4c, 0x20, 0x44, 0x45, 0x53, 
	0x20, 0x41, 0x42, 0x53, 0x4f, 0x4c, 0x55, 0x54, 0x45, 0x4e, 0x20, 0x42, 0x4f, 0x58, 0x43, 0x48, 
	0x41, 0x4d, 0x50, 0x49, 0x4f, 0x4e, 0x53, 0x20, 0x44, 0x45, 0x52, 0x20, 0x44, 0x4b, 0x2d, 0x49, 
	0x4e, 0x53, 0x45, 0x4c, 0x4e, 0x21, 0x56, 0x45, 0x52, 0x41, 0x4e, 0x53, 0x54, 0x41, 0x4c, 0x54, 
	0x45, 0x54, 0x20, 0x56, 0x4f, 0x4e, 0x20, 0x52, 0x41, 0x52, 0x45, 0x20, 0x55, 0x4e, 0x44, 0x20, 
	0x4e, 0x49, 0x4e, 0x54, 0x45, 0x4e, 0x44, 0x4f, 0x20, 0x4d, 0x49, 0x54, 0x20, 0x46, 0x52, 0x45, 
	0x55, 0x4e, 0x44, 0x4c, 0x49, 0x43, 0x48, 0x45, 0x52, 0x20, 0x55, 0x4e, 0x54, 0x45, 0x52, 0x53, 
	0x54, 0xdc, 0x54, 0x5a, 0x55, 0x4e, 0x47, 0x20, 0x56, 0x4f, 0x4e, 0x20, 0x4b, 0x2e, 0x52, 0x4f, 
	0x4f, 0x4c, 0x20, 0x45, 0x4e, 0x54, 0x45, 0x52, 0x50, 0x52, 0x49, 0x53, 0x45, 0x53, 0x21, 0x20, 
	0x49, 0x43, 0x48, 0x20, 0x53, 0x54, 0x45, 0x4c, 0x4c, 0x45, 0x20, 0x56, 0x4f, 0x52, 0x2e, 0x2e, 
	0x2e, 0x44, 0x49, 0x45, 0x20, 0x46, 0x41, 0x4d, 0x49, 0x4c, 0x49, 0x45, 0x20, 0x4b, 0x4f, 0x4e, 
	0x47, 0x2e, 0x2e, 0x2e, 0x47, 0x45, 0x47, 0x45, 0x4e, 0x20, 0x4b, 0x49, 0x4e, 0x47, 0x20, 0x4b, 
	0x52, 0x55, 0x53, 0x48, 0x41, 0x41, 0x41, 0x41, 0x20, 0x4b, 0x2e, 0x52, 0x4f, 0x4f, 0x4c, 0x21, 
	0x52, 0x49, 0x4e, 0x47, 0x52, 0x49, 0x43, 0x48, 0x54, 0x45, 0x52, 0x20, 0x47, 0x49, 0x42, 0x54, 
	0x27, 0x53, 0x20, 0x4b, 0x45, 0x49, 0x4e, 0x45, 0x2c, 0x20, 0x44, 0x49, 0x45, 0x20, 0x5a, 0x45, 
	0x49, 0x54, 0x4e, 0x45, 0x48, 0x4d, 0x45, 0x52, 0x20, 0x53, 0x49, 0x4e, 0x44, 0x20, 0x47, 0x45, 
	0x52, 0x45, 0x43, 0x48, 0x54, 0x20, 0x55, 0x4e, 0x44, 0x20, 0x55, 0x4e, 0x50, 0x41, 0x52, 0x54, 
	0x45, 0x49, 0x49, 0x53, 0x43, 0x48, 0x21, 0x4d, 0x49, 0x54, 0x20, 0x45, 0x49, 0x4e, 0x45, 0x4d, 
	0x20, 0x4b, 0xd6, 0x52, 0x50, 0x45, 0x52, 0x47, 0x45, 0x57, 0x49, 0x43, 0x48, 0x54, 0x20, 0x56, 
	0x4f, 0x4e, 0x20, 0x38, 0x30, 0x30, 0x20, 0x50, 0x46, 0x55, 0x4e, 0x44, 0x3a, 0x20, 0x44, 0x45, 
	0x52, 0x20, 0x50, 0x52, 0x4f, 0x46, 0x49, 0x20, 0x50, 0x52, 0x49, 0x4d, 0x41, 0x54, 0x2e, 0x2e, 
	0x2e, 0x41, 0x55, 0x46, 0x20, 0x44, 0x45, 0x4d, 0x20, 0x57, 0x45, 0x47, 0x20, 0x49, 0x4e, 0x20, 
	0x44, 0x45, 0x4e, 0x20, 0x52, 0x49, 0x4e, 0x47, 0x2c, 0x20, 0x44, 0x45, 0x52, 0x20, 0x43, 0x48, 
	0x41, 0x4d, 0x50, 0x49, 0x4f, 0x4e, 0x20, 0x44, 0x45, 0x52, 0x20, 0x53, 0x43, 0x48, 0x49, 0x4d, 
	0x50, 0x41, 0x4e, 0x53, 0x45, 0x4e, 0x2e, 0x2e, 0x2e, 0x48, 0x49, 0x45, 0x52, 0x20, 0x4b, 0x4f, 
	0x4d, 0x4d, 0x54, 0x2c, 0x20, 0x4d, 0x49, 0x54, 0x20, 0x45, 0x49, 0x4e, 0x45, 0x4d, 0x20, 0x55, 
	0x4e, 0xdc, 0x42, 0x45, 0x52, 0x54, 0x52, 0x4f, 0x46, 0x46, 0x45, 0x4e, 0x45, 0x4e, 0x20, 0x53, 
	0x43, 0x48, 0x4c, 0x41, 0x47, 0x52, 0x41, 0x44, 0x49, 0x55, 0x53, 0x2e, 0x2e, 0x2e, 0x44, 0x45, 
	0x52, 0x20, 0x55, 0x4d, 0x4a, 0x55, 0x42, 0x45, 0x4c, 0x54, 0x45, 0x20, 0x57, 0x49, 0x52, 0x42, 
	0x45, 0x4c, 0x57, 0x49, 0x4e, 0x44, 0x20, 0x56, 0x4f, 0x4e, 0x20, 0x44, 0x45, 0x4e, 0x20, 0x44, 
	0x4b, 0x2d, 0x49, 0x4e, 0x53, 0x45, 0x4c, 0x4e, 0x3a, 0x20, 0x45, 0x53, 0x20, 0x49, 0x53, 0x54, 
	0x2e, 0x2e, 0x2e, 0x4d, 0x49, 0x54, 0x20, 0x53, 0x45, 0x49, 0x4e, 0x45, 0x4e, 0x20, 0x32, 0x30, 
	0x30, 0x30, 0x20, 0x50, 0x46, 0x55, 0x4e, 0x44, 0x20, 0x48, 0x41, 0x55, 0x54, 0x20, 0x45, 0x52, 
	0x20, 0x52, 0x45, 0x49, 0x4e, 0x20, 0x57, 0x49, 0x45, 0x20, 0x4b, 0x45, 0x49, 0x4e, 0x20, 0x41, 
	0x4e, 0x44, 0x45, 0x52, 0x45, 0x52, 0x21, 0x20, 0x48, 0x49, 0x45, 0x52, 0x20, 0x4b, 0x4f, 0x4d, 
	0x4d, 0x54, 0x2e, 0x2e, 0x2e, 0x4c, 0x41, 0x44, 0x49, 0x45, 0x53, 0x20, 0x41, 0x4e, 0x44, 0x20, 
	0x47, 0x45, 0x4e, 0x54, 0x4c, 0x45, 0x4d, 0x45, 0x4e, 0x21, 0x57, 0x49, 0x52, 0x20, 0x48, 0x41, 
	0x42, 0x45, 0x4e, 0x20, 0x45, 0x49, 0x4e, 0x45, 0x4e, 0x20, 0x4b, 0x4c, 0x41, 0x52, 0x45, 0x4e, 
	0x20, 0x53, 0x49, 0x45, 0x47, 0x45, 0x52, 0x20, 0x48, 0x45, 0x55, 0x54, 0x45, 0x20, 0x41, 0x42, 
	0x45, 0x4e, 0x44, 0x21, 0x4d, 0x49, 0x54, 0x20, 0x45, 0x49, 0x4e, 0x45, 0x4d, 0x20, 0x45, 0x49, 
	0x4e, 0x44, 0x45, 0x55, 0x54, 0x49, 0x47, 0x45, 0x4e, 0x20, 0x53, 0x49, 0x45, 0x47, 0x20, 0x4e, 
	0x41, 0x43, 0x48, 0x20, 0x50, 0x55, 0x4e, 0x4b, 0x54, 0x45, 0x4e, 0x20, 0x53, 0x54, 0x45, 0x48, 
	0x54, 0x20, 0x44, 0x45, 0x52, 0x20, 0x55, 0x4e, 0x42, 0x45, 0x53, 0x54, 0x52, 0x49, 0x54, 0x54, 
	0x45, 0x4e, 0x45, 0x20, 0x43, 0x48, 0x41, 0x4d, 0x50, 0x49, 0x4f, 0x4e, 0x20, 0x46, 0x45, 0x53, 
	0x54, 0x21, 0x4c, 0x41, 0x44, 0x49, 0x45, 0x53, 0x20, 0x41, 0x4e, 0x44, 0x20, 0x47, 0x45, 0x4e, 
	0x54, 0x4c, 0x45, 0x4d, 0x45, 0x4e, 0x2c, 0x20, 0x45, 0x53, 0x20, 0x49, 0x53, 0x54, 0x2e, 0x2e, 
	0x2e, 0x49, 0x43, 0x48, 0x20, 0x57, 0x49, 0x4c, 0x4c, 0x20, 0x4b, 0x52, 0x4f, 0x4b, 0x4f, 0x44, 
	0x49, 0x4c, 0x53, 0x54, 0x52, 0xc4, 0x4e, 0x45, 0x4e, 0x20, 0x53, 0x45, 0x48, 0x45, 0x4e, 0x2c, 
	0x20, 0x7e, 0x21, 0x41, 0x4c, 0x53, 0x20, 0x49, 0x43, 0x48, 0x20, 0x4e, 0x4f, 0x43, 0x48, 0x20, 
	0x4a, 0x55, 0x4e, 0x47, 0x20, 0x57, 0x41, 0x52, 0x2c, 0x20, 0x48, 0xc4, 0x54, 0x54, 0x45, 0x20, 
	0x49, 0x43, 0x48, 0x20, 0x44, 0x45, 0x4e, 0x20, 0x53, 0x43, 0x48, 0x4c, 0x41, 0x46, 0x46, 0x45, 
	0x4e, 0x20, 0x53, 0x41, 0x43, 0x4b, 0x20, 0x49, 0x4e, 0x20, 0x44, 0x45, 0x52, 0x20, 0x45, 0x52, 
	0x53, 0x54, 0x45, 0x4e, 0x20, 0x52, 0x55, 0x4e, 0x44, 0x45, 0x20, 0x52, 0x41, 0x55, 0x53, 0x47, 
	0x45, 0x48, 0x41, 0x55, 0x45, 0x4e, 0x21, 0x5a, 0x55, 0x52, 0xdc, 0x43, 0x4b, 0x20, 0x49, 0x4e, 
	0x20, 0x44, 0x45, 0x4e, 0x20, 0x52, 0x49, 0x4e, 0x47, 0x21, 0x20, 0x5a, 0x45, 0x49, 0x47, 0x20, 
	0x49, 0x48, 0x4d, 0x2c, 0x20, 0x41, 0x55, 0x53, 0x20, 0x57, 0x45, 0x4c, 0x43, 0x48, 0x45, 0x4d, 
	0x20, 0x53, 0x54, 0x41, 0x48, 0x4c, 0x20, 0x44, 0x55, 0x20, 0x47, 0x45, 0x53, 0x43, 0x48, 0x4d, 
	0x49, 0x45, 0x44, 0x45, 0x54, 0x20, 0x42, 0x49, 0x53, 0x54, 0x21, 0x42, 0x52, 0x49, 0x4e, 0x47, 
	0x20, 0x4b, 0x2e, 0x20, 0x52, 0x4f, 0x4f, 0x4c, 0x20, 0x41, 0x55, 0x53, 0x20, 0x44, 0x45, 0x4d, 
	0x20, 0x4b, 0x4f, 0x4e, 0x5a, 0x45, 0x50, 0x54, 0x21, 0x20, 0x56, 0x49, 0x45, 0x4c, 0x4c, 0x45, 
	0x49, 0x43, 0x48, 0x54, 0x20, 0x53, 0x4f, 0x4c, 0x4c, 0x54, 0x45, 0x20, 0x44, 0x45, 0x52, 0x20, 
	0x47, 0x55, 0x54, 0x45, 0x20, 0x43, 0x52, 0x41, 0x4e, 0x4b, 0x59, 0x20, 0x4d, 0x49, 0x54, 0x20, 
	0x45, 0x49, 0x4e, 0x20, 0x57, 0x45, 0x4e, 0x49, 0x47, 0x20, 0x5a, 0x41, 0x55, 0x42, 0x45, 0x52, 
	0x45, 0x49, 0x20, 0x4e, 0x41, 0x43, 0x48, 0x48, 0x45, 0x4c, 0x46, 0x45, 0x4e, 0x2e, 0x2e, 0x2e, 
	0x44, 0x4b, 0x2c, 0x20, 0x53, 0x41, 0x4d, 0x4d, 0x4c, 0x45, 0x20, 0x53, 0x4f, 0x56, 0x49, 0x45, 
	0x4c, 0x45, 0x20, 0x42, 0x41, 0x4e, 0x41, 0x4e, 0x45, 0x4e, 0x20, 0x57, 0x49, 0x45, 0x20, 0x44, 
	0x55, 0x20, 0x4b, 0x41, 0x4e, 0x4e, 0x53, 0x54, 0x2c, 0x20, 0x42, 0x45, 0x56, 0x4f, 0x52, 0x20, 
	0x44, 0x55, 0x20, 0x44, 0x55, 0x52, 0x43, 0x48, 0x20, 0x45, 0x49, 0x4e, 0x45, 0x53, 0x20, 0x44, 
	0x45, 0x52, 0x20, 0x50, 0x4f, 0x52, 0x54, 0x41, 0x4c, 0x45, 0x20, 0x47, 0x45, 0x48, 0x53, 0x54, 
	0x21, 0x20, 0x57, 0x45, 0x4e, 0x4e, 0x20, 0x44, 0x55, 0x20, 0x57, 0x49, 0x45, 0x44, 0x45, 0x52, 
	0x20, 0x41, 0x4c, 0x53, 0x20, 0x44, 0x4b, 0x20, 0x53, 0x50, 0x49, 0x45, 0x4c, 0x45, 0x4e, 0x20, 
	0x57, 0x49, 0x4c, 0x4c, 0x53, 0x54, 0x2c, 0x20, 0x48, 0x41, 0x4c, 0x54, 0x45, 0x55, 0x4e, 0x44, 
	0x20, 0x44, 0x52, 0xdc, 0x43, 0x4b, 0x45, 0x48, 0x41, 0x4c, 0x54, 0x45, 0x55, 0x4e, 0x44, 0x20, 
	0x44, 0x52, 0xdc, 0x43, 0x4b, 0x45, 0x55, 0x4d, 0x20, 0x5a, 0x55, 0x52, 0x20, 0x41, 0x54, 0x54, 
	0x41, 0x43, 0x4b, 0x45, 0x20, 0x41, 0x4e, 0x5a, 0x55, 0x53, 0x45, 0x54, 0x5a, 0x45, 0x4e, 0x21, 
	0x57, 0x45, 0x4e, 0x4e, 0x20, 0x44, 0x55, 0x20, 0x57, 0x49, 0x45, 0x44, 0x45, 0x52, 0x20, 0x41, 
	0x4c, 0x53, 0x20, 0x4c, 0x41, 0x4e, 0x4b, 0x59, 0x20, 0x53, 0x50, 0x49, 0x45, 0x4c, 0x45, 0x4e, 
	0x20, 0x57, 0x49, 0x4c, 0x4c, 0x53, 0x54, 0x2c, 0x20, 0x48, 0x41, 0x4c, 0x54, 0x45, 0x55, 0x4e, 
	0x44, 0x20, 0x44, 0x52, 0xdc, 0x43, 0x4b, 0x45, 
};
u8 text_20[] = {
	0x6, 0x1, 0x1, 0x3, 0x0, 0x0, 0x0, 0x0, 0x0, 0x34, 0x0, 0x0, 0x0, 0x0, 0x0, 0x34, 
	0x0, 0x43, 0x0, 0x0, 0x0, 0x0, 0x0, 0x77, 0x0, 0x29, 0x0, 0x0, 0x0, 0x0, 0x0, 0x0, 
	0x1, 0x1, 0x1, 0x0, 0x0, 0x0, 0xa0, 0x0, 0x4f, 0x0, 0x0, 0x0, 0x0, 0x0, 0x0, 0x1, 
	0x1, 0x2, 0x0, 0x0, 0x0, 0xef, 0x0, 0x8f, 0x0, 0x0, 0x0, 0x0, 0x1, 0x7e, 0x0, 0x5d, 
	0x0, 0x0, 0x0, 0x0, 0x0, 0x0, 0x1, 0x1, 0x1, 0x0, 0x0, 0x1, 0xdb, 0x0, 0x61, 0x0, 
	0x0, 0x0, 0x0, 0x0, 0x0, 0x1, 0x1, 0x1, 0x0, 0x0, 0x2, 0x3c, 0x0, 0x2e, 0x0, 0x0, 
	0x0, 0x0, 0x0, 0x0, 0x1, 0x1, 0x1, 0x0, 0x0, 0x2, 0x6a, 0x0, 0x39, 0x0, 0x0, 0x0, 
	0x0, 0x0, 0x0, 0x2, 0xa3, 0x47, 0xc4, 0x48, 0x4e, 0x2e, 0x2e, 0x2e, 0x20, 0x48, 0x45, 0x59, 
	0x2c, 0x20, 0x7e, 0x21, 0x20, 0x49, 0x43, 0x48, 0x20, 0x48, 0xd6, 0x52, 0x54, 0x45, 0x2c, 0x20, 
	0x44, 0x55, 0x20, 0x42, 0x49, 0x53, 0x54, 0x20, 0x45, 0x49, 0x4e, 0x20, 0x46, 0x4c, 0x49, 0x4e, 
	0x4b, 0x45, 0x52, 0x20, 0x41, 0x46, 0x46, 0x45, 0x21, 0x44, 0x41, 0x53, 0x20, 0x4b, 0x41, 0x4e, 
	0x4e, 0x53, 0x54, 0x20, 0x44, 0x55, 0x20, 0x4d, 0x49, 0x52, 0x20, 0x42, 0x45, 0x49, 0x20, 0x45, 
	0x49, 0x4e, 0x45, 0x4d, 0x20, 0x48, 0xdc, 0x52, 0x44, 0x45, 0x4e, 0x4c, 0x41, 0x55, 0x46, 0x20, 
	0x41, 0x55, 0x46, 0x20, 0x44, 0x49, 0x45, 0x53, 0x45, 0x52, 0x20, 0x53, 0x54, 0x52, 0x45, 0x43, 
	0x4b, 0x45, 0x20, 0x42, 0x45, 0x57, 0x45, 0x49, 0x53, 0x45, 0x4e, 0x21, 0x57, 0x45, 0x52, 0x20, 
	0x41, 0x4c, 0x53, 0x20, 0x45, 0x52, 0x53, 0x54, 0x45, 0x52, 0x20, 0x5a, 0x55, 0x52, 0xdc, 0x43, 
	0x4b, 0x20, 0x49, 0x53, 0x54, 0x2c, 0x20, 0x47, 0x45, 0x57, 0x49, 0x4e, 0x4e, 0x54, 0x20, 0x45, 
	0x54, 0x57, 0x41, 0x53, 0x21, 0x49, 0x43, 0x48, 0x20, 0x42, 0x49, 0x4e, 0x20, 0x42, 0x45, 0x52, 
	0x45, 0x49, 0x54, 0x2c, 0x20, 0x7e, 0x21, 0x20, 0x42, 0x45, 0x53, 0x49, 0x45, 0x47, 0x45, 0x20, 
	0x4d, 0x49, 0x43, 0x48, 0x20, 0x49, 0x4e, 0x20, 0x5a, 0x57, 0x45, 0x49, 0x20, 0x52, 0x55, 0x4e, 
	0x44, 0x45, 0x4e, 0x2c, 0x20, 0x55, 0x4e, 0x44, 0x20, 0x49, 0x43, 0x48, 0x20, 0x47, 0x45, 0x42, 
	0x45, 0x20, 0x44, 0x49, 0x52, 0x20, 0x4d, 0x45, 0x49, 0x4e, 0x45, 0x20, 0x54, 0x52, 0x4f, 0x50, 
	0x48, 0xc4, 0x45, 0x21, 0x4b, 0x45, 0x55, 0x43, 0x48, 0x2e, 0x2e, 0x2e, 0x20, 0x42, 0x45, 0x41, 
	0x43, 0x48, 0x54, 0x4c, 0x49, 0x43, 0x48, 0x20, 0x46, 0xdc, 0x52, 0x20, 0x45, 0x49, 0x4e, 0x45, 
	0x4e, 0x20, 0x54, 0x41, 0x50, 0x53, 0x49, 0x47, 0x45, 0x4e, 0x20, 0x41, 0x46, 0x46, 0x45, 0x4e, 
	0x2e, 0x20, 0x4d, 0x41, 0x4c, 0x20, 0x47, 0x41, 0x4e, 0x5a, 0x20, 0x45, 0x48, 0x52, 0x4c, 0x49, 
	0x43, 0x48, 0x3a, 0x20, 0x49, 0x43, 0x48, 0x20, 0x48, 0x41, 0x42, 0x20, 0x45, 0x53, 0x20, 0x47, 
	0x41, 0x52, 0x20, 0x4e, 0x49, 0x43, 0x48, 0x54, 0x20, 0x52, 0x49, 0x43, 0x48, 0x54, 0x49, 0x47, 
	0x20, 0x56, 0x45, 0x52, 0x53, 0x55, 0x43, 0x48, 0x54, 0x2c, 0x20, 0x41, 0x4c, 0x53, 0x4f, 0x20, 
	0x42, 0x45, 0x4b, 0x4f, 0x4d, 0x4d, 0x53, 0x54, 0x20, 0x44, 0x55, 0x20, 0x44, 0x49, 0x45, 0x20, 
	0x54, 0x52, 0x4f, 0x50, 0x48, 0xc4, 0x45, 0x20, 0x4e, 0x4f, 0x43, 0x48, 0x20, 0x4e, 0x49, 0x43, 
	0x48, 0x54, 0x21, 0x4d, 0x4f, 0x4d, 0x45, 0x4e, 0x54, 0x41, 0x4e, 0x20, 0x42, 0x49, 0x4e, 0x20, 
	0x49, 0x43, 0x48, 0x20, 0x56, 0xd6, 0x4c, 0x4c, 0x49, 0x47, 0x20, 0x41, 0x55, 0x53, 0x53, 0x45, 
	0x52, 0x20, 0x50, 0x55, 0x53, 0x54, 0x45, 0x2c, 0x20, 0x4e, 0x49, 0x4d, 0x4d, 0x20, 0x45, 0x52, 
	0x53, 0x54, 0x4d, 0x41, 0x4c, 0x20, 0x44, 0x49, 0x45, 0x53, 0x45, 0x4e, 0x20, 0x54, 0x52, 0x4f, 
	0x53, 0x54, 0x50, 0x52, 0x45, 0x49, 0x53, 0x21, 0x20, 0x57, 0x49, 0x52, 0x20, 0x53, 0x45, 0x48, 
	0x45, 0x4e, 0x20, 0x55, 0x4e, 0x53, 0x20, 0x53, 0x50, 0xc4, 0x54, 0x45, 0x52, 0x2e, 0x2e, 0x2e, 
	0x4b, 0x45, 0x55, 0x43, 0x48, 0x2e, 0x2e, 0x2e, 0x20, 0x48, 0x45, 0x43, 0x48, 0x45, 0x4c, 0x2e, 
	0x2e, 0x2e, 0x53, 0x43, 0x48, 0x4e, 0x41, 0x55, 0x46, 0x21, 0x20, 0x44, 0x55, 0x20, 0x48, 0x41, 
	0x53, 0x54, 0x20, 0x4a, 0x41, 0x20, 0x45, 0x49, 0x4e, 0x45, 0x4e, 0x20, 0x41, 0x46, 0x46, 0x45, 
	0x4e, 0x5a, 0x41, 0x48, 0x4e, 0x20, 0x44, 0x52, 0x41, 0x55, 0x46, 0x2c, 0x20, 0x7e, 0x21, 0x20, 
	0x4f, 0x4b, 0x41, 0x59, 0x2c, 0x20, 0x49, 0x43, 0x48, 0x20, 0x47, 0x45, 0x42, 0x45, 0x20, 0x44, 
	0x49, 0x52, 0x20, 0x44, 0x49, 0x45, 0x20, 0x54, 0x52, 0x4f, 0x50, 0x48, 0xc4, 0x45, 0x2e, 0x2e, 
	0x2e, 0x4f, 0x48, 0x20, 0x4d, 0x41, 0x4e, 0x4e, 0x21, 0x20, 0x44, 0x41, 0x20, 0x49, 0x53, 0x54, 
	0x20, 0x4a, 0x41, 0x20, 0x53, 0x45, 0x4c, 0x42, 0x53, 0x54, 0x20, 0x4d, 0x45, 0x49, 0x4e, 0x45, 
	0x20, 0x4f, 0x4d, 0x41, 0x20, 0x53, 0x43, 0x48, 0x4e, 0x45, 0x4c, 0x4c, 0x45, 0x52, 0x21, 0x55, 
	0x55, 0x50, 0x53, 0x21, 0x20, 0x44, 0x41, 0x4e, 0x4b, 0x45, 0x2c, 0x20, 0x7e, 0x21, 0x20, 0x4d, 
	0x41, 0x43, 0x48, 0x20, 0x44, 0x49, 0x52, 0x20, 0x4b, 0x45, 0x49, 0x4e, 0x45, 0x20, 0x53, 0x4f, 
	0x52, 0x47, 0x45, 0x4e, 0x20, 0x4d, 0x45, 0x48, 0x52, 0x2c, 0x20, 0x49, 0x43, 0x48, 0x20, 0x42, 
	0x49, 0x4e, 0x20, 0x4f, 0x4b, 0x41, 0x59, 0x21, 
};
u8 text_21[] = {
	0x4, 0x1, 0x1, 0x1, 0x0, 0x0, 0x0, 0x0, 0x0, 0x51, 0x0, 0x0, 0x0, 0x0, 0x0, 0x0, 
	0x1, 0x1, 0x1, 0x0, 0x0, 0x0, 0x51, 0x0, 0x5f, 0x0, 0x0, 0x0, 0x0, 0x0, 0x0, 0x1, 
	0x1, 0x1, 0x0, 0x0, 0x0, 0xb0, 0x0, 0x28, 0x0, 0x0, 0x0, 0x0, 0x0, 0x0, 0x1, 0x1, 
	0x1, 0x0, 0x0, 0x0, 0xd8, 0x0, 0x65, 0x0, 0x0, 0x0, 0x0, 0x0, 0x0, 0x1, 0x3d, 0x55, 
	0x55, 0x48, 0x2d, 0x48, 0x55, 0x55, 0x21, 0x20, 0x49, 0x43, 0x48, 0x20, 0x53, 0x50, 0x52, 0x45, 
	0x43, 0x48, 0x45, 0x20, 0x4e, 0x55, 0x52, 0x20, 0x5a, 0x55, 0x20, 0x44, 0x45, 0x4e, 0x20, 0x47, 
	0x45, 0x46, 0x4c, 0xdc, 0x47, 0x45, 0x4c, 0x54, 0x45, 0x4e, 0x21, 0x20, 0x4b, 0x4f, 0x4d, 0x4d, 
	0x20, 0x5a, 0x55, 0x52, 0xdc, 0x43, 0x4b, 0x2c, 0x20, 0x57, 0x45, 0x4e, 0x4e, 0x20, 0x44, 0x55, 
	0x20, 0x46, 0x4c, 0x49, 0x45, 0x47, 0x45, 0x4e, 0x20, 0x4b, 0x41, 0x4e, 0x4e, 0x53, 0x54, 0x21, 
	0x55, 0x55, 0x48, 0x2d, 0x48, 0x55, 0x55, 0x21, 0x20, 0x4d, 0x41, 0x4c, 0x20, 0x53, 0x43, 0x48, 
	0x41, 0x55, 0x45, 0x4e, 0x2c, 0x20, 0x4f, 0x42, 0x20, 0x44, 0x55, 0x20, 0x4d, 0x49, 0x52, 0x20, 
	0x41, 0x55, 0x46, 0x20, 0x4d, 0x45, 0x49, 0x4e, 0x45, 0x4d, 0x20, 0x46, 0x4c, 0x55, 0x47, 0x20, 
	0x44, 0x55, 0x52, 0x43, 0x48, 0x20, 0x44, 0x49, 0x45, 0x20, 0x52, 0x49, 0x4e, 0x47, 0x45, 0x20, 
	0x52, 0x55, 0x4e, 0x44, 0x20, 0x55, 0x4d, 0x20, 0x44, 0x45, 0x4e, 0x20, 0x42, 0x41, 0x55, 0x4d, 
	0x20, 0x46, 0x4f, 0x4c, 0x47, 0x45, 0x4e, 0x20, 0x4b, 0x41, 0x4e, 0x4e, 0x53, 0x54, 0x21, 0x55, 
	0x55, 0x48, 0x2d, 0x55, 0x55, 0x48, 0x2d, 0x48, 0x55, 0x55, 0x21, 0x20, 0x44, 0x55, 0x20, 0x46, 
	0x4c, 0x49, 0x45, 0x47, 0x53, 0x54, 0x20, 0x57, 0x49, 0x45, 0x20, 0x45, 0x49, 0x4e, 0x20, 0x50, 
	0x49, 0x4e, 0x47, 0x55, 0x49, 0x4e, 0x21, 0x55, 0x55, 0x48, 0x2d, 0x48, 0x55, 0x55, 0x21, 0x20, 
	0x49, 0x43, 0x48, 0x20, 0x48, 0xc4, 0x54, 0x54, 0x45, 0x20, 0x44, 0x45, 0x4e, 0x20, 0x4b, 0x55, 
	0x52, 0x53, 0x20, 0x53, 0x43, 0x48, 0x57, 0x49, 0x45, 0x52, 0x49, 0x47, 0x45, 0x52, 0x20, 0x4d, 
	0x41, 0x43, 0x48, 0x45, 0x4e, 0x20, 0x53, 0x4f, 0x4c, 0x4c, 0x45, 0x4e, 0x2e, 0x2e, 0x2e, 0x20, 
	0x4e, 0x55, 0x4e, 0x2c, 0x20, 0x49, 0x43, 0x48, 0x20, 0x53, 0x43, 0x48, 0xc4, 0x54, 0x5a, 0x45, 
	0x20, 0x44, 0x55, 0x20, 0x48, 0x41, 0x53, 0x54, 0x20, 0x44, 0x45, 0x4e, 0x20, 0x50, 0x52, 0x45, 
	0x49, 0x53, 0x20, 0x47, 0x45, 0x57, 0x4f, 0x4e, 0x4e, 0x45, 0x4e, 0x21, 
};
u8 text_22[] = {
	0x5, 0x1, 0x1, 0x1, 0x0, 0x0, 0x0, 0x0, 0x0, 0x9e, 0x0, 0x0, 0x0, 0x0, 0x0, 0x0, 
	0x1, 0x1, 0x1, 0x0, 0x0, 0x0, 0x9e, 0x0, 0x92, 0x0, 0x0, 0x0, 0x0, 0x0, 0x0, 0x1, 
	0x1, 0x1, 0x0, 0x0, 0x1, 0x30, 0x0, 0x36, 0x0, 0x0, 0x0, 0x0, 0x0, 0x0, 0x1, 0x1, 
	0x1, 0x0, 0x0, 0x1, 0x66, 0x0, 0x36, 0x0, 0x0, 0x0, 0x0, 0x0, 0x0, 0x1, 0x1, 0x2, 
	0x0, 0x0, 0x1, 0x9c, 0x0, 0x32, 0x0, 0x0, 0x0, 0x0, 0x1, 0xce, 0x0, 0x3a, 0x0, 0x0, 
	0x0, 0x0, 0x0, 0x0, 0x2, 0x8, 0x42, 0x49, 0x54, 0x54, 0x45, 0x20, 0x48, 0x49, 0x4c, 0x46, 
	0x20, 0x4d, 0x49, 0x52, 0x21, 0x20, 0x44, 0x49, 0x45, 0x20, 0x42, 0x45, 0x4b, 0x4e, 0x41, 0x43, 
	0x4b, 0x54, 0x45, 0x4e, 0x20, 0x54, 0x4f, 0x4d, 0x41, 0x54, 0x45, 0x4e, 0x20, 0x48, 0x41, 0x42, 
	0x45, 0x4e, 0x20, 0x41, 0x4c, 0x4c, 0x45, 0x20, 0x4d, 0x45, 0x49, 0x4e, 0x45, 0x20, 0x46, 0x52, 
	0x45, 0x55, 0x4e, 0x44, 0x45, 0x20, 0x47, 0x45, 0x46, 0x55, 0x54, 0x54, 0x45, 0x52, 0x54, 0x21, 
	0x20, 0x4e, 0x55, 0x52, 0x20, 0x49, 0x43, 0x48, 0x20, 0x42, 0x49, 0x4e, 0x20, 0x4e, 0x4f, 0x43, 
	0x48, 0x20, 0xdc, 0x42, 0x52, 0x49, 0x47, 0x21, 0x20, 0x4d, 0x41, 0x43, 0x48, 0x20, 0x53, 0x49, 
	0x45, 0x20, 0x50, 0x4c, 0x41, 0x54, 0x54, 0x2c, 0x20, 0x44, 0x41, 0x4e, 0x4e, 0x20, 0x45, 0x52, 
	0x48, 0xc4, 0x4c, 0x54, 0x53, 0x54, 0x20, 0x44, 0x55, 0x20, 0x56, 0x4f, 0x4e, 0x20, 0x4d, 0x49, 
	0x52, 0x20, 0x45, 0x49, 0x4e, 0x45, 0x20, 0x43, 0x4f, 0x4f, 0x4c, 0x45, 0x20, 0x42, 0x41, 0x4e, 
	0x41, 0x4e, 0x45, 0x21, 0x50, 0x55, 0x55, 0x48, 0x21, 0x20, 0x4d, 0x49, 0x52, 0x20, 0x46, 0xc4, 
	0x4c, 0x4c, 0x54, 0x20, 0x45, 0x49, 0x4e, 0x20, 0x53, 0x54, 0x45, 0x49, 0x4e, 0x20, 0x56, 0x4f, 
	0x4d, 0x20, 0x48, 0x45, 0x52, 0x5a, 0x45, 0x4e, 0x21, 0x20, 0x44, 0x4f, 0x43, 0x48, 0x20, 0x44, 
	0x45, 0x52, 0x20, 0x53, 0x54, 0xc4, 0x4e, 0x44, 0x49, 0x47, 0x45, 0x20, 0x52, 0x45, 0x47, 0x45, 
	0x4e, 0x20, 0x44, 0x52, 0xdc, 0x43, 0x4b, 0x54, 0x20, 0x41, 0x55, 0x46, 0x27, 0x53, 0x20, 0x47, 
	0x45, 0x4d, 0xdc, 0x54, 0x2e, 0x20, 0x42, 0x52, 0x49, 0x4e, 0x47, 0x20, 0x4d, 0x49, 0x43, 0x48, 
	0x20, 0x41, 0x4e, 0x20, 0x45, 0x49, 0x4e, 0x20, 0x53, 0x4f, 0x4e, 0x4e, 0x49, 0x47, 0x45, 0x53, 
	0x20, 0x46, 0x4c, 0x45, 0x43, 0x4b, 0x43, 0x48, 0x45, 0x4e, 0x2c, 0x20, 0x55, 0x4e, 0x44, 0x20, 
	0x44, 0x49, 0x45, 0x20, 0x42, 0x41, 0x4e, 0x41, 0x4e, 0x45, 0x20, 0x47, 0x45, 0x48, 0xd6, 0x52, 
	0x54, 0x20, 0x44, 0x49, 0x52, 0x21, 0x53, 0x45, 0x49, 0x20, 0x42, 0x4c, 0x4f, 0x53, 0x53, 0x20, 
	0x56, 0x4f, 0x52, 0x53, 0x49, 0x43, 0x48, 0x54, 0x49, 0x47, 0x2c, 0x20, 0x7e, 0x21, 0x20, 0x49, 
	0x43, 0x48, 0x20, 0x4d, 0x41, 0x47, 0x20, 0x4b, 0x45, 0x49, 0x4e, 0x45, 0x20, 0x42, 0x4c, 0x41, 
	0x55, 0x45, 0x4e, 0x20, 0x46, 0x4c, 0x45, 0x43, 0x4b, 0x45, 0x4e, 0x21, 0x4e, 0x45, 0x49, 0x4e, 
	0x2c, 0x20, 0x4e, 0x45, 0x49, 0x4e, 0x2c, 0x20, 0x4e, 0x45, 0x49, 0x4e, 0x21, 0x20, 0x42, 0x4c, 
	0x4f, 0x53, 0x53, 0x20, 0x4e, 0x49, 0x43, 0x48, 0x54, 0x20, 0x48, 0x49, 0x45, 0x52, 0x48, 0x45, 
	0x52, 0x2c, 0x20, 0x44, 0x55, 0x20, 0x56, 0x4f, 0x4c, 0x4c, 0x54, 0x52, 0x4f, 0x54, 0x54, 0x45, 
	0x4c, 0x21, 0x57, 0x4f, 0x57, 0x2c, 0x20, 0x4e, 0x45, 0x54, 0x54, 0x45, 0x53, 0x20, 0x50, 0x4c, 
	0xc4, 0x54, 0x5a, 0x43, 0x48, 0x45, 0x4e, 0x21, 0x20, 0x48, 0x49, 0x45, 0x52, 0x20, 0x4d, 0xd6, 
	0x43, 0x48, 0x54, 0x45, 0x20, 0x49, 0x43, 0x48, 0x20, 0x41, 0x4c, 0x54, 0x20, 0x57, 0x45, 0x52, 
	0x44, 0x45, 0x4e, 0x21, 0x42, 0x41, 0x4e, 0x41, 0x4e, 0x45, 0x2e, 0x2e, 0x2e, 0x3f, 0x20, 0x41, 
	0x43, 0x48, 0x20, 0x4a, 0x41, 0x21, 0x20, 0x49, 0x43, 0x48, 0x20, 0x57, 0x55, 0x52, 0x4d, 0x2c, 
	0x20, 0x44, 0x49, 0x45, 0x20, 0x48, 0xc4, 0x54, 0x54, 0x45, 0x20, 0x49, 0x43, 0x48, 0x20, 0x46, 
	0x41, 0x53, 0x54, 0x20, 0x56, 0x45, 0x52, 0x47, 0x45, 0x53, 0x53, 0x45, 0x4e, 0x21, 
};
u8 text_23[] = {
	0x4, 0x1, 0x1, 0x2, 0x0, 0x0, 0x0, 0x0, 0x0, 0x7d, 0x0, 0x0, 0x0, 0x0, 0x0, 0x7d, 
	0x0, 0x42, 0x0, 0x0, 0x0, 0x0, 0x0, 0x0, 0x1, 0x1, 0x1, 0x0, 0x0, 0x0, 0xbf, 0x0, 
	0x51, 0x0, 0x0, 0x0, 0x0, 0x0, 0x0, 0x1, 0x1, 0x1, 0x0, 0x0, 0x1, 0x10, 0x0, 0x2d, 
	0x0, 0x0, 0x0, 0x0, 0x0, 0x0, 0x1, 0x1, 0x1, 0x0, 0x0, 0x1, 0x3d, 0x0, 0x6a, 0x0, 
	0x0, 0x0, 0x0, 0x0, 0x0, 0x1, 0xa7, 0x4d, 0x41, 0x4e, 0x20, 0x47, 0x4c, 0x41, 0x55, 0x42, 
	0x54, 0x20, 0x45, 0x53, 0x20, 0x4b, 0x41, 0x55, 0x4d, 0x2c, 0x20, 0x54, 0x49, 0x4e, 0x59, 0x21, 
	0x20, 0x44, 0x49, 0x45, 0x53, 0x45, 0x20, 0x52, 0x45, 0x50, 0x54, 0x49, 0x4c, 0x49, 0x45, 0x4e, 
	0x20, 0x48, 0x41, 0x42, 0x45, 0x4e, 0x20, 0x4d, 0x45, 0x49, 0x4e, 0x45, 0x20, 0x57, 0x45, 0x52, 
	0x54, 0x56, 0x4f, 0x4c, 0x4c, 0x45, 0x4e, 0x20, 0x50, 0x45, 0x52, 0x4c, 0x45, 0x4e, 0x20, 0x47, 
	0x45, 0x53, 0x54, 0x4f, 0x48, 0x4c, 0x45, 0x4e, 0x20, 0x55, 0x4e, 0x44, 0x20, 0x49, 0x4e, 0x20, 
	0x45, 0x49, 0x4e, 0x45, 0x52, 0x20, 0x52, 0x49, 0x45, 0x53, 0x49, 0x47, 0x45, 0x4e, 0x20, 0x53, 
	0x43, 0x48, 0x41, 0x54, 0x5a, 0x54, 0x52, 0x55, 0x48, 0x45, 0x20, 0x56, 0x45, 0x52, 0x53, 0x54, 
	0x41, 0x55, 0x54, 0x21, 0x41, 0x55, 0x43, 0x48, 0x20, 0x57, 0x45, 0x4e, 0x4e, 0x20, 0x44, 0x55, 
	0x20, 0x56, 0x49, 0x45, 0x4c, 0x20, 0x55, 0x4d, 0x20, 0x44, 0x49, 0x45, 0x20, 0x4f, 0x48, 0x52, 
	0x45, 0x4e, 0x20, 0x48, 0x41, 0x53, 0x54, 0x20, 0x2d, 0x20, 0x42, 0x49, 0x54, 0x54, 0x45, 0x20, 
	0x42, 0x52, 0x49, 0x4e, 0x47, 0x45, 0x20, 0x53, 0x49, 0x45, 0x20, 0x4d, 0x49, 0x52, 0x20, 0x5a, 
	0x55, 0x52, 0xdc, 0x43, 0x4b, 0x21, 0x4f, 0x48, 0x48, 0x2c, 0x20, 0x4d, 0x45, 0x49, 0x4e, 0x45, 
	0x20, 0x47, 0x45, 0x4c, 0x49, 0x45, 0x42, 0x54, 0x45, 0x4e, 0x20, 0x50, 0x45, 0x52, 0x4c, 0x45, 
	0x4e, 0x21, 0x20, 0x49, 0x43, 0x48, 0x20, 0x48, 0x4f, 0x46, 0x46, 0x45, 0x2c, 0x20, 0x44, 0x49, 
	0x45, 0x53, 0x45, 0x20, 0x47, 0x4f, 0x4c, 0x44, 0x45, 0x4e, 0x45, 0x20, 0x42, 0x41, 0x4e, 0x41, 
	0x4e, 0x45, 0x20, 0x54, 0x41, 0x55, 0x47, 0x54, 0x20, 0x41, 0x4c, 0x53, 0x20, 0x42, 0x45, 0x4c, 
	0x4f, 0x48, 0x4e, 0x55, 0x4e, 0x47, 0x21, 0x4e, 0x55, 0x52, 0x20, 0x4d, 0x55, 0x54, 0x2c, 0x20, 
	0x54, 0x49, 0x4e, 0x59, 0x21, 0x20, 0x4d, 0x49, 0x52, 0x20, 0x46, 0x45, 0x48, 0x4c, 0x45, 0x4e, 
	0x20, 0x49, 0x4e, 0x53, 0x47, 0x45, 0x53, 0x41, 0x4d, 0x54, 0x20, 0x35, 0x20, 0x50, 0x45, 0x52, 
	0x4c, 0x45, 0x4e, 0x2e, 0x4a, 0x45, 0x54, 0x5a, 0x54, 0x20, 0x53, 0x49, 0x4e, 0x44, 0x20, 0x4d, 
	0x45, 0x49, 0x4e, 0x45, 0x20, 0x50, 0x45, 0x52, 0x4c, 0x45, 0x4e, 0x20, 0x53, 0x49, 0x43, 0x48, 
	0x45, 0x52, 0x2c, 0x20, 0x41, 0x42, 0x45, 0x52, 0x20, 0x42, 0x45, 0x53, 0x54, 0x49, 0x4d, 0x4d, 
	0x54, 0x20, 0x57, 0x45, 0x52, 0x44, 0x45, 0x4e, 0x20, 0x53, 0x49, 0x45, 0x20, 0x57, 0x49, 0x45, 
	0x44, 0x45, 0x52, 0x20, 0x47, 0x45, 0x53, 0x54, 0x4f, 0x48, 0x4c, 0x45, 0x4e, 0x2e, 0x20, 0x44, 
	0x49, 0x45, 0x53, 0x45, 0x20, 0x52, 0xc4, 0x55, 0x42, 0x45, 0x52, 0x49, 0x53, 0x43, 0x48, 0x45, 
	0x4e, 0x20, 0x52, 0x45, 0x50, 0x54, 0x49, 0x4c, 0x49, 0x45, 0x4e, 0x2e, 0x2e, 0x2e, 
};
u8 text_24[] = {
	0x2, 0x1, 0x1, 0x1, 0x0, 0x0, 0x0, 0x0, 0x0, 0x35, 0x0, 0x0, 0x0, 0x0, 0x0, 0x0, 
	0x1, 0x1, 0x1, 0x0, 0x0, 0x0, 0x35, 0x0, 0x58, 0x0, 0x0, 0x0, 0x0, 0x0, 0x0, 0x0, 
	0x8d, 0x57, 0x41, 0x53, 0x20, 0x4d, 0x45, 0x49, 0x4e, 0x54, 0x20, 0x43, 0x52, 0x41, 0x4e, 0x4b, 
	0x59, 0x20, 0x4d, 0x49, 0x54, 0x20, 0x54, 0x52, 0x41, 0x49, 0x4e, 0x49, 0x4e, 0x47, 0x3f, 0x20, 
	0x44, 0x4f, 0x4e, 0x4b, 0x45, 0x59, 0x20, 0x49, 0x53, 0x54, 0x20, 0x56, 0x45, 0x52, 0x57, 0x49, 
	0x52, 0x52, 0x54, 0x2e, 0x2e, 0x2e, 0x44, 0x4f, 0x4e, 0x4b, 0x45, 0x59, 0x20, 0x47, 0x4c, 0x41, 
	0x55, 0x42, 0x54, 0x20, 0x45, 0x53, 0x20, 0x4e, 0x49, 0x43, 0x48, 0x54, 0x21, 0x20, 0x4b, 0x49, 
	0x4e, 0x47, 0x20, 0x4b, 0x2e, 0x52, 0x4f, 0x4f, 0x4c, 0x3f, 0x20, 0x44, 0x45, 0x4e, 0x20, 0x48, 
	0x41, 0x42, 0x45, 0x4e, 0x20, 0x57, 0x49, 0x52, 0x20, 0x44, 0x4f, 0x43, 0x48, 0x20, 0x49, 0x4d, 
	0x20, 0x4c, 0x45, 0x54, 0x5a, 0x54, 0x45, 0x4e, 0x20, 0x53, 0x50, 0x49, 0x45, 0x4c, 0x20, 0x46, 
	0x45, 0x52, 0x54, 0x49, 0x47, 0x20, 0x47, 0x45, 0x4d, 0x41, 0x43, 0x48, 0x54, 0x21, 
};
u8 text_25[] = {
	0x5, 0xa, 0x1, 0x1, 0x0, 0x0, 0x0, 0x0, 0x0, 0xf, 0x0, 0x0, 0x0, 0x0, 0x0, 0x0, 
	0x2, 0x1, 0x0, 0x70, 0x0, 0x0, 0x0, 0x0, 0x0, 0x0, 0x1, 0x1, 0x0, 0x0, 0x0, 0xf, 
	0x0, 0x14, 0x0, 0x0, 0x0, 0x0, 0x0, 0x0, 0x2, 0x1, 0x0, 0x6e, 0x0, 0x0, 0x0, 0x0, 
	0x0, 0x0, 0x1, 0x1, 0x0, 0x0, 0x0, 0x23, 0x0, 0x4, 0x0, 0x0, 0x0, 0x0, 0x0, 0x0, 
	0x2, 0x1, 0x0, 0x6f, 0x0, 0x0, 0x0, 0x0, 0x0, 0x0, 0x1, 0x1, 0x0, 0x0, 0x0, 0x27, 
	0x0, 0x27, 0x0, 0x0, 0x0, 0x0, 0x0, 0x0, 0x1, 0x1, 0x0, 0x0, 0x0, 0x4e, 0x0, 0x6, 
	0x0, 0x0, 0x0, 0x0, 0x0, 0x0, 0x2, 0x1, 0x0, 0x70, 0x0, 0x0, 0x0, 0x0, 0x0, 0x0, 
	0x1, 0x1, 0x0, 0x0, 0x0, 0x54, 0x0, 0x11, 0x0, 0x0, 0x0, 0x0, 0x0, 0x0, 0x7, 0x1, 
	0x1, 0x0, 0x0, 0x0, 0x65, 0x0, 0xf, 0x0, 0x0, 0x0, 0x0, 0x0, 0x0, 0x2, 0x1, 0x0, 
	0x6e, 0x0, 0x0, 0x0, 0x0, 0x0, 0x0, 0x1, 0x1, 0x0, 0x0, 0x0, 0x74, 0x0, 0x25, 0x0, 
	0x0, 0x0, 0x0, 0x0, 0x0, 0x2, 0x1, 0x0, 0x87, 0x0, 0x0, 0x0, 0x0, 0x0, 0x0, 0x1, 
	0x2, 0x0, 0x0, 0x0, 0x99, 0x0, 0x21, 0x0, 0x0, 0x0, 0x0, 0x0, 0xba, 0x0, 0x6, 0x0, 
	0x0, 0x0, 0x0, 0x0, 0x0, 0x2, 0x1, 0x0, 0x70, 0x0, 0x0, 0x0, 0x0, 0x0, 0x0, 0x1, 
	0x1, 0x0, 0x0, 0x0, 0xc0, 0x0, 0x1e, 0x0, 0x0, 0x0, 0x0, 0x0, 0x0, 0x5, 0x1, 0x1, 
	0x0, 0x0, 0x0, 0xde, 0x0, 0x22, 0x0, 0x0, 0x0, 0x0, 0x0, 0x0, 0x2, 0x1, 0x0, 0x70, 
	0x0, 0x0, 0x0, 0x0, 0x0, 0x0, 0x1, 0x1, 0x0, 0x0, 0x1, 0x0, 0x0, 0xa, 0x0, 0x0, 
	0x0, 0x0, 0x0, 0x0, 0x2, 0x1, 0x0, 0x73, 0x0, 0x0, 0x0, 0x0, 0x0, 0x0, 0x1, 0x2, 
	0x0, 0x0, 0x1, 0xa, 0x0, 0x11, 0x0, 0x0, 0x0, 0x0, 0x1, 0x1b, 0x0, 0x35, 0x0, 0x0, 
	0x0, 0x0, 0x0, 0x0, 0x5, 0x1, 0x1, 0x0, 0x0, 0x1, 0x50, 0x0, 0xf, 0x0, 0x0, 0x0, 
	0x0, 0x0, 0x0, 0x2, 0x1, 0x0, 0x6f, 0x0, 0x0, 0x0, 0x0, 0x0, 0x0, 0x1, 0x1, 0x0, 
	0x0, 0x1, 0x5f, 0x0, 0x18, 0x0, 0x0, 0x0, 0x0, 0x0, 0x0, 0x2, 0x1, 0x0, 0x6f, 0x0, 
	0x0, 0x0, 0x0, 0x0, 0x0, 0x1, 0x2, 0x0, 0x0, 0x1, 0x77, 0x0, 0x16, 0x0, 0x0, 0x0, 
	0x0, 0x1, 0x8d, 0x0, 0x3e, 0x0, 0x0, 0x0, 0x0, 0x0, 0x0, 0x1, 0x1, 0x1, 0x0, 0x0, 
	0x1, 0xcb, 0x0, 0x57, 0x0, 0x0, 0x0, 0x0, 0x0, 0x0, 0x2, 0x22, 0x4b, 0x52, 0x45, 0x49, 
	0x53, 0x43, 0x48, 0x21, 0x20, 0x44, 0x52, 0xdc, 0x43, 0x4b, 0x45, 0x55, 0x4d, 0x20, 0x5a, 0x55, 
	0x20, 0x54, 0x41, 0x55, 0x43, 0x48, 0x45, 0x4e, 0x21, 0x20, 0x48, 0x41, 0x4c, 0x54, 0x45, 0x4f, 
	0x44, 0x45, 0x52, 0x55, 0x4d, 0x20, 0x53, 0x43, 0x48, 0x4e, 0x45, 0x4c, 0x4c, 0x45, 0x52, 0x20, 
	0x4f, 0x44, 0x45, 0x52, 0x20, 0x4c, 0x41, 0x4e, 0x47, 0x53, 0x41, 0x4d, 0x45, 0x52, 0x20, 0x5a, 
	0x55, 0x20, 0x54, 0x41, 0x55, 0x43, 0x48, 0x45, 0x4e, 0x2e, 0x44, 0x52, 0xdc, 0x43, 0x4b, 0x45, 
	0x55, 0x4e, 0x44, 0x20, 0x44, 0x55, 0x20, 0x42, 0x52, 0x45, 0x4d, 0x53, 0x54, 0x20, 0x41, 0x42, 
	0x2e, 0x4b, 0x52, 0x45, 0x49, 0x53, 0x43, 0x48, 0x21, 0x20, 0x44, 0x52, 0xdc, 0x43, 0x4b, 0x45, 
	0x55, 0x4d, 0x20, 0x5a, 0x57, 0x49, 0x53, 0x43, 0x48, 0x45, 0x4e, 0x20, 0x44, 0x45, 0x4e, 0x20, 
	0x4c, 0x49, 0x41, 0x4e, 0x45, 0x4e, 0x20, 0x5a, 0x55, 0x20, 0x48, 0x41, 0x4e, 0x47, 0x45, 0x4c, 
	0x4e, 0x20, 0x55, 0x4e, 0x44, 0x55, 0x4d, 0x20, 0x44, 0x49, 0x43, 0x48, 0x20, 0x41, 0x4e, 0x20, 
	0x45, 0x49, 0x4e, 0x45, 0x52, 0x20, 0x4c, 0x49, 0x41, 0x4e, 0x45, 0x20, 0x5a, 0x55, 0x20, 0x44, 
	0x52, 0x45, 0x48, 0x45, 0x4e, 0x2e, 0x44, 0x52, 0xdc, 0x43, 0x4b, 0x45, 0x55, 0x4d, 0x20, 0x56, 
	0x4f, 0x4e, 0x20, 0x44, 0x45, 0x52, 0x20, 0x4c, 0x49, 0x41, 0x4e, 0x45, 0x20, 0x41, 0x42, 0x5a, 
	0x55, 0x53, 0x50, 0x52, 0x49, 0x4e, 0x47, 0x45, 0x4e, 0x21, 0x4b, 0x52, 0x45, 0x49, 0x53, 0x43, 
	0x48, 0x21, 0x20, 0x53, 0x41, 0x4d, 0x4d, 0x4c, 0x45, 0x20, 0x44, 0x49, 0x45, 0x20, 0x4f, 0x52, 
	0x41, 0x4e, 0x47, 0x45, 0x4e, 0x2c, 0x20, 0x48, 0x41, 0x4c, 0x54, 0x45, 0x55, 0x4e, 0x44, 0x20, 
	0x44, 0x52, 0xdc, 0x43, 0x4b, 0x45, 0x55, 0x4d, 0x20, 0x53, 0x49, 0x45, 0x20, 0x5a, 0x55, 0x20, 
	0x57, 0x45, 0x52, 0x46, 0x45, 0x4e, 0x21, 0x57, 0x49, 0x52, 0x46, 0x20, 0x45, 0x49, 0x4e, 0x46, 
	0x41, 0x43, 0x48, 0x20, 0x35, 0x20, 0x4f, 0x52, 0x41, 0x4e, 0x47, 0x45, 0x4e, 0x20, 0x55, 0x4e, 
	0x44, 0x20, 0x44, 0x55, 0x20, 0x42, 0x49, 0x53, 0x54, 0x20, 0x48, 0x49, 0x45, 0x52, 0x20, 0x46, 
	0x45, 0x52, 0x54, 0x49, 0x47, 0x21, 0x20, 0x4b, 0x57, 0x41, 0x4b, 0x21, 0x4b, 0x52, 0x45, 0x49, 
	0x53, 0x43, 0x48, 0x21, 0x20, 0x44, 0x52, 0xdc, 0x43, 0x4b, 0x45, 0x55, 0x4d, 0x20, 0x45, 0x49, 
	0x4e, 0x20, 0x46, 0x41, 0x53, 0x53, 0x20, 0x5a, 0x55, 0x20, 0x48, 0x45, 0x42, 0x45, 0x4e, 0x20, 
	0x55, 0x4e, 0x44, 0x55, 0x4d, 0x20, 0x45, 0x53, 0x20, 0x57, 0x45, 0x47, 0x5a, 0x55, 0x53, 0x43, 
	0x48, 0x4c, 0x45, 0x55, 0x44, 0x45, 0x52, 0x4e, 0x21, 0x57, 0x45, 0x4e, 0x4e, 0x20, 0x44, 0x55, 
	0x20, 0x35, 0x20, 0x46, 0xc4, 0x53, 0x53, 0x45, 0x52, 0x20, 0x57, 0x45, 0x47, 0x47, 0x45, 0x53, 
	0x43, 0x48, 0x4c, 0x45, 0x55, 0x44, 0x45, 0x52, 0x54, 0x20, 0x48, 0x41, 0x53, 0x54, 0x2c, 0x20, 
	0x4b, 0x4f, 0x4d, 0x4d, 0x53, 0x54, 0x20, 0x44, 0x55, 0x20, 0x57, 0x45, 0x49, 0x54, 0x45, 0x52, 
	0x21, 0x20, 0x4b, 0x57, 0x41, 0x4b, 0x21, 0x4b, 0x52, 0x45, 0x49, 0x53, 0x43, 0x48, 0x21, 0x20, 
	0x42, 0x45, 0x45, 0x49, 0x4c, 0x55, 0x4e, 0x47, 0x2c, 0x20, 0x44, 0x4b, 0x21, 0x20, 0x4c, 0x4f, 
	0x53, 0x2c, 0x20, 0x48, 0x4f, 0x4c, 0x20, 0x44, 0x49, 0x52, 0x20, 0x44, 0x45, 0x4e, 0x20, 0x54, 
	0x52, 0x41, 0x4e, 0x4b, 0x20, 0x56, 0x4f, 0x4e, 0x20, 0x43, 0x52, 0x41, 0x4e, 0x4b, 0x59, 0x20, 
	0x55, 0x4e, 0x44, 0x20, 0x44, 0x41, 0x4e, 0x4e, 0x20, 0x4e, 0x49, 0x43, 0x48, 0x54, 0x53, 0x20, 
	0x57, 0x49, 0x45, 0x20, 0x57, 0x45, 0x47, 0x21, 0x20, 0x4b, 0x57, 0x41, 0x4b, 0x21, 
};
u8 text_26[] = {
	0x1c, 0x1, 0x1, 0x1, 0x0, 0x0, 0x0, 0x0, 0x0, 0xc, 0x0, 0x0, 0x0, 0x0, 0x0, 0x0, 
	0x1, 0x1, 0x1, 0x0, 0x0, 0x0, 0xc, 0x0, 0xc, 0x0, 0x0, 0x0, 0x0, 0x0, 0x0, 0x1, 
	0x1, 0x1, 0x0, 0x0, 0x0, 0x18, 0x0, 0x6, 0x0, 0x0, 0x0, 0x0, 0x0, 0x0, 0x1, 0x1, 
	0x1, 0x0, 0x0, 0x0, 0x1e, 0x0, 0x6, 0x0, 0x0, 0x0, 0x0, 0x0, 0x0, 0x1, 0x1, 0x1, 
	0x0, 0x0, 0x0, 0x24, 0x0, 0x7, 0x0, 0x0, 0x0, 0x0, 0x0, 0x0, 0x1, 0x1, 0x1, 0x0, 
	0x0, 0x0, 0x2b, 0x0, 0x10, 0x0, 0x0, 0x0, 0x0, 0x0, 0x0, 0x1, 0x1, 0x1, 0x0, 0x0, 
	0x0, 0x3b, 0x0, 0xa, 0x0, 0x0, 0x0, 0x0, 0x0, 0x0, 0x1, 0x1, 0x1, 0x0, 0x0, 0x0, 
	0x45, 0x0, 0xf, 0x0, 0x0, 0x0, 0x0, 0x0, 0x0, 0x1, 0x1, 0x1, 0x0, 0x0, 0x0, 0x54, 
	0x0, 0x9, 0x0, 0x0, 0x0, 0x0, 0x0, 0x0, 0x1, 0x1, 0x1, 0x0, 0x0, 0x0, 0x5d, 0x0, 
	0x6, 0x0, 0x0, 0x0, 0x0, 0x0, 0x0, 0x1, 0x1, 0x1, 0x0, 0x0, 0x0, 0x63, 0x0, 0xc, 
	0x0, 0x0, 0x0, 0x0, 0x0, 0x0, 0x1, 0x1, 0x1, 0x0, 0x0, 0x0, 0x6f, 0x0, 0xf, 0x0, 
	0x0, 0x0, 0x0, 0x0, 0x0, 0x1, 0x1, 0x1, 0x0, 0x0, 0x0, 0x7e, 0x0, 0xe, 0x0, 0x0, 
	0x0, 0x0, 0x0, 0x0, 0x1, 0x1, 0x1, 0x0, 0x0, 0x0, 0x8c, 0x0, 0x18, 0x0, 0x0, 0x0, 
	0x0, 0x0, 0x0, 0x1, 0x1, 0x1, 0x0, 0x0, 0x0, 0xa4, 0x0, 0xe, 0x0, 0x0, 0x0, 0x0, 
	0x0, 0x0, 0x1, 0x1, 0x1, 0x0, 0x0, 0x0, 0xb2, 0x0, 0x11, 0x0, 0x0, 0x0, 0x0, 0x0, 
	0x0, 0x1, 0x1, 0x1, 0x0, 0x0, 0x0, 0xc3, 0x0, 0x10, 0x0, 0x0, 0x0, 0x0, 0x0, 0x0, 
	0x1, 0x1, 0x1, 0x0, 0x0, 0x0, 0xd3, 0x0, 0xf, 0x0, 0x0, 0x0, 0x0, 0x0, 0x0, 0x1, 
	0x1, 0x1, 0x0, 0x0, 0x0, 0xe2, 0x0, 0x19, 0x0, 0x0, 0x0, 0x0, 0x0, 0x0, 0x1, 0x1, 
	0x1, 0x0, 0x0, 0x0, 0xfb, 0x0, 0xb, 0x0, 0x0, 0x0, 0x0, 0x0, 0x0, 0x1, 0x1, 0x1, 
	0x0, 0x0, 0x1, 0x6, 0x0, 0x12, 0x0, 0x0, 0x0, 0x0, 0x0, 0x0, 0x1, 0x1, 0x1, 0x0, 
	0x0, 0x1, 0x18, 0x0, 0x10, 0x0, 0x0, 0x0, 0x0, 0x0, 0x0, 0x1, 0x1, 0x1, 0x0, 0x0, 
	0x1, 0x28, 0x0, 0x10, 0x0, 0x0, 0x0, 0x0, 0x0, 0x0, 0x1, 0x1, 0x1, 0x0, 0x0, 0x1, 
	0x38, 0x0, 0x19, 0x0, 0x0, 0x0, 0x0, 0x0, 0x0, 0x1, 0x1, 0x1, 0x0, 0x0, 0x1, 0x51, 
	0x0, 0x5, 0x0, 0x0, 0x0, 0x0, 0x0, 0x0, 0x1, 0x1, 0x1, 0x0, 0x0, 0x1, 0x56, 0x0, 
	0x8, 0x0, 0x0, 0x0, 0x0, 0x0, 0x0, 0x1, 0x1, 0x1, 0x0, 0x0, 0x1, 0x5e, 0x0, 0xc, 
	0x0, 0x0, 0x0, 0x0, 0x0, 0x0, 0x1, 0x1, 0x1, 0x0, 0x0, 0x1, 0x6a, 0x0, 0x5, 0x0, 
	0x0, 0x0, 0x0, 0x0, 0x0, 0x1, 0x6f, 0x47, 0x55, 0x54, 0x20, 0x47, 0x45, 0x4d, 0x41, 0x43, 
	0x48, 0x54, 0x21, 0x50, 0x45, 0x43, 0x48, 0x20, 0x47, 0x45, 0x48, 0x41, 0x42, 0x54, 0x21, 0xdc, 
	0x42, 0x52, 0x49, 0x47, 0x3a, 0xdc, 0x42, 0x52, 0x49, 0x47, 0x3a, 0x52, 0x45, 0x54, 0x54, 0x45, 
	0x4e, 0x3a, 0x5a, 0x45, 0x49, 0x54, 0x20, 0x41, 0x42, 0x47, 0x45, 0x4c, 0x41, 0x55, 0x46, 0x45, 
	0x4e, 0x21, 0x4e, 0x41, 0x43, 0x48, 0x4c, 0x41, 0x44, 0x45, 0x4e, 0x21, 0x57, 0x4f, 0x57, 0x21, 
	0x20, 0x57, 0x45, 0x49, 0x54, 0x45, 0x52, 0x20, 0x53, 0x4f, 0x21, 0x42, 0x45, 0x45, 0x49, 0x4c, 
	0x55, 0x4e, 0x47, 0x21, 0x48, 0x49, 0x4c, 0x46, 0x45, 0x21, 0x47, 0x4c, 0xdc, 0x43, 0x4b, 0x57, 
	0x55, 0x4e, 0x53, 0x43, 0x48, 0x21, 0x47, 0x55, 0x54, 0x21, 0x20, 0x57, 0x45, 0x49, 0x54, 0x45, 
	0x52, 0x20, 0x53, 0x4f, 0x21, 0x47, 0x49, 0x42, 0x20, 0x4e, 0x49, 0x43, 0x48, 0x54, 0x20, 0x41, 
	0x55, 0x46, 0x21, 0x56, 0x49, 0x45, 0x4c, 0x4c, 0x45, 0x49, 0x43, 0x48, 0x54, 0x20, 0x4e, 0xc4, 
	0x43, 0x48, 0x53, 0x54, 0x45, 0x53, 0x20, 0x4d, 0x41, 0x4c, 0x21, 0x5a, 0x49, 0x45, 0x4c, 0x20, 
	0x45, 0x52, 0x52, 0x45, 0x49, 0x43, 0x48, 0x54, 0x21, 0x40, 0x20, 0x53, 0x43, 0x48, 0x55, 0x52, 
	0x4b, 0x45, 0x4e, 0x20, 0xdc, 0x42, 0x52, 0x49, 0x47, 0x21, 0x31, 0x20, 0x53, 0x43, 0x48, 0x55, 
	0x52, 0x4b, 0x45, 0x20, 0xdc, 0x42, 0x52, 0x49, 0x47, 0x21, 0x40, 0x20, 0x4d, 0xdc, 0x4e, 0x5a, 
	0x45, 0x4e, 0x20, 0xdc, 0x42, 0x52, 0x49, 0x47, 0x21, 0x49, 0x4d, 0x4d, 0x45, 0x52, 0x20, 0x4e, 
	0x4f, 0x43, 0x48, 0x20, 0x31, 0x20, 0x4d, 0xdc, 0x4e, 0x5a, 0x45, 0x20, 0xdc, 0x42, 0x52, 0x49, 
	0x47, 0x21, 0x47, 0x45, 0x53, 0x43, 0x48, 0x4e, 0x41, 0x50, 0x50, 0x54, 0x21, 0x44, 0x55, 0x20, 
	0x42, 0x49, 0x53, 0x54, 0x20, 0x47, 0x45, 0x54, 0x52, 0x4f, 0x46, 0x46, 0x45, 0x4e, 0x21, 0x53, 
	0x54, 0x41, 0x52, 0x4b, 0x45, 0x20, 0x4c, 0x45, 0x49, 0x53, 0x54, 0x55, 0x4e, 0x47, 0x21, 0x5a, 
	0x45, 0x49, 0x54, 0x20, 0x41, 0x42, 0x47, 0x45, 0x4c, 0x41, 0x55, 0x46, 0x45, 0x4e, 0x21, 0x53, 
	0x43, 0x48, 0x41, 0x4c, 0x54, 0x45, 0x52, 0x20, 0x4e, 0x49, 0x43, 0x48, 0x54, 0x20, 0x41, 0x4b, 
	0x54, 0x49, 0x56, 0x49, 0x45, 0x52, 0x54, 0x21, 0x53, 0x43, 0x4f, 0x52, 0x45, 0x54, 0x52, 0x45, 
	0x46, 0x46, 0x45, 0x52, 0x3a, 0x52, 0x55, 0x4e, 0x44, 0x45, 0x4e, 0x2d, 0x42, 0x4f, 0x4e, 0x55, 
	0x53, 0x43, 0x4f, 0x4d, 0x42, 0x4f, 
};
u8 text_27[] = {
	0x4, 0x1, 0x1, 0x4, 0x0, 0x0, 0x0, 0x0, 0x0, 0x84, 0x0, 0x0, 0x0, 0x0, 0x0, 0x84, 
	0x0, 0x70, 0x0, 0x0, 0x0, 0x0, 0x0, 0xf4, 0x0, 0x69, 0x0, 0x0, 0x0, 0x0, 0x1, 0x5d, 
	0x0, 0x2a, 0x0, 0x0, 0x0, 0x0, 0x0, 0x0, 0x1, 0x1, 0x1, 0x0, 0x0, 0x1, 0x87, 0x0, 
	0x7a, 0x0, 0x0, 0x0, 0x0, 0x0, 0x0, 0x1, 0x1, 0x1, 0x0, 0x0, 0x2, 0x1, 0x0, 0x1b, 
	0x0, 0x0, 0x0, 0x0, 0x0, 0x0, 0x1, 0x1, 0x3, 0x0, 0x0, 0x2, 0x1c, 0x0, 0x67, 0x0, 
	0x0, 0x0, 0x0, 0x2, 0x83, 0x0, 0x75, 0x0, 0x0, 0x0, 0x0, 0x2, 0xf8, 0x0, 0x3a, 0x0, 
	0x0, 0x0, 0x0, 0x0, 0x0, 0x3, 0x32, 0x42, 0x55, 0x48, 0x20, 0x48, 0x55, 0x48, 0x20, 0x48, 
	0x55, 0x48, 0x2e, 0x2e, 0x2e, 0x20, 0x4f, 0x48, 0x21, 0x20, 0x48, 0x41, 0x4c, 0x4c, 0x4f, 0x2c, 
	0x20, 0x49, 0x43, 0x48, 0x20, 0x42, 0x49, 0x4e, 0x20, 0x4b, 0x2e, 0x4c, 0x55, 0x4d, 0x53, 0x59, 
	0x21, 0x20, 0x4d, 0x41, 0x4e, 0x20, 0x48, 0x41, 0x54, 0x20, 0x4d, 0x49, 0x43, 0x48, 0x20, 0x45, 
	0x49, 0x4e, 0x47, 0x45, 0x53, 0x50, 0x45, 0x52, 0x52, 0x54, 0x2c, 0x20, 0x57, 0x45, 0x49, 0x4c, 
	0x20, 0x49, 0x43, 0x48, 0x20, 0x4d, 0x49, 0x43, 0x48, 0x20, 0x57, 0x45, 0x49, 0x47, 0x45, 0x52, 
	0x54, 0x45, 0x2c, 0x20, 0x45, 0x49, 0x4e, 0x20, 0x4b, 0x4c, 0x45, 0x49, 0x4e, 0x45, 0x53, 0x20, 
	0x49, 0x4e, 0x53, 0x45, 0x4c, 0x43, 0x48, 0x45, 0x4e, 0x20, 0x5a, 0x55, 0x20, 0x5a, 0x45, 0x52, 
	0x53, 0x43, 0x48, 0x4d, 0x45, 0x54, 0x54, 0x45, 0x52, 0x4e, 0x21, 0x57, 0x49, 0x45, 0x20, 0x48, 
	0xc4, 0x54, 0x54, 0x45, 0x20, 0x49, 0x43, 0x48, 0x20, 0x44, 0x41, 0x53, 0x20, 0x54, 0x55, 0x4e, 
	0x20, 0x4b, 0xd6, 0x4e, 0x4e, 0x45, 0x4e, 0x3f, 0x20, 0x45, 0x49, 0x4e, 0x45, 0x20, 0x53, 0x4f, 
	0x20, 0x5a, 0x41, 0x55, 0x42, 0x45, 0x52, 0x48, 0x41, 0x46, 0x54, 0x45, 0x20, 0x49, 0x4e, 0x53, 
	0x45, 0x4c, 0x2c, 0x20, 0x56, 0x4f, 0x4c, 0x4c, 0x45, 0x52, 0x20, 0x50, 0x55, 0x54, 0x5a, 0x49, 
	0x47, 0x45, 0x52, 0x20, 0xc4, 0x46, 0x46, 0x43, 0x48, 0x45, 0x4e, 0x2e, 0x2e, 0x2e, 0x20, 0x41, 
	0x4c, 0x53, 0x4f, 0x20, 0x48, 0x41, 0x42, 0x45, 0x20, 0x49, 0x43, 0x48, 0x20, 0x27, 0x4e, 0x45, 
	0x49, 0x4e, 0x27, 0x20, 0x47, 0x45, 0x53, 0x41, 0x47, 0x54, 0x21, 0x53, 0x43, 0x48, 0x4e, 0x49, 
	0x45, 0x46, 0x2e, 0x2e, 0x2e, 0x20, 0x4b, 0x2e, 0x52, 0x4f, 0x4f, 0x4c, 0x20, 0x53, 0x41, 0x47, 
	0x54, 0x2c, 0x20, 0x49, 0x43, 0x48, 0x20, 0x53, 0x45, 0x49, 0x20, 0x45, 0x49, 0x4e, 0x20, 0x53, 
	0x4f, 0x46, 0x54, 0x49, 0x45, 0x20, 0x55, 0x4e, 0x44, 0x20, 0x4d, 0xdc, 0x53, 0x53, 0x45, 0x20, 
	0x48, 0x49, 0x45, 0x52, 0x20, 0x53, 0x49, 0x54, 0x5a, 0x45, 0x4e, 0x2c, 0x20, 0x42, 0x49, 0x53, 
	0x20, 0x49, 0x43, 0x48, 0x20, 0x45, 0x49, 0x4e, 0x20, 0x52, 0x49, 0x43, 0x48, 0x54, 0x49, 0x47, 
	0x20, 0x48, 0x41, 0x52, 0x54, 0x45, 0x52, 0x20, 0x42, 0x55, 0x52, 0x53, 0x43, 0x48, 0x45, 0x20, 
	0x42, 0x49, 0x4e, 0x2e, 0x49, 0x43, 0x48, 0x20, 0x57, 0xdc, 0x52, 0x44, 0x45, 0x20, 0x41, 0x4c, 
	0x4c, 0x45, 0x53, 0x20, 0x54, 0x55, 0x4e, 0x2c, 0x20, 0x55, 0x4d, 0x20, 0x48, 0x49, 0x45, 0x52, 
	0x20, 0x52, 0x41, 0x55, 0x53, 0x5a, 0x55, 0x4b, 0x4f, 0x4d, 0x4d, 0x45, 0x4e, 0x21, 0x48, 0x45, 
	0x59, 0x2c, 0x20, 0x4b, 0x4c, 0x45, 0x49, 0x4e, 0x45, 0x53, 0x20, 0xc4, 0x46, 0x46, 0x43, 0x48, 
	0x45, 0x4e, 0x21, 0x20, 0x56, 0x49, 0x45, 0x4c, 0x4c, 0x45, 0x49, 0x43, 0x48, 0x54, 0x20, 0x48, 
	0x49, 0x4c, 0x46, 0x53, 0x54, 0x20, 0x44, 0x55, 0x20, 0x44, 0x45, 0x4d, 0x20, 0x41, 0x52, 0x4d, 
	0x45, 0x4e, 0x20, 0x4b, 0x2e, 0x4c, 0x55, 0x4d, 0x53, 0x59, 0x20, 0x5a, 0x55, 0x20, 0x45, 0x4e, 
	0x54, 0x4b, 0x4f, 0x4d, 0x4d, 0x45, 0x4e, 0x3f, 0x20, 0x42, 0x49, 0x54, 0x54, 0x45, 0x20, 0x42, 
	0x49, 0x54, 0x54, 0x45, 0x2c, 0x20, 0x49, 0x43, 0x48, 0x20, 0x57, 0x45, 0x52, 0x44, 0x45, 0x20, 
	0x44, 0x45, 0x49, 0x4e, 0x20, 0x42, 0x45, 0x53, 0x54, 0x45, 0x52, 0x20, 0x46, 0x52, 0x45, 0x55, 
	0x4e, 0x44, 0x20, 0x53, 0x45, 0x49, 0x4e, 0x21, 0x4b, 0x4c, 0x41, 0x52, 0x2c, 0x20, 0x44, 0x4f, 
	0x4e, 0x4b, 0x45, 0x59, 0x20, 0x48, 0x49, 0x4c, 0x46, 0x54, 0x20, 0x4b, 0x2e, 0x4c, 0x55, 0x4d, 
	0x53, 0x59, 0x21, 0x4f, 0x48, 0x21, 0x20, 0x4b, 0x2e, 0x4c, 0x55, 0x4d, 0x53, 0x59, 0x20, 0x49, 
	0x53, 0x54, 0x20, 0x53, 0x45, 0x48, 0x52, 0x20, 0x46, 0x52, 0x4f, 0x48, 0x21, 0x20, 0x41, 0x42, 
	0x45, 0x52, 0x20, 0x4b, 0x2e, 0x52, 0x4f, 0x4f, 0x4c, 0x20, 0x48, 0x41, 0x54, 0x20, 0x44, 0x49, 
	0x45, 0x20, 0x53, 0x43, 0x48, 0x4c, 0xdc, 0x53, 0x53, 0x45, 0x4c, 0x20, 0x44, 0x49, 0x45, 0x53, 
	0x45, 0x53, 0x20, 0x4b, 0xc4, 0x46, 0x49, 0x47, 0x53, 0x20, 0x53, 0x45, 0x49, 0x4e, 0x45, 0x4e, 
	0x20, 0x42, 0x45, 0x53, 0x54, 0x45, 0x4e, 0x20, 0x55, 0x4e, 0x44, 0x20, 0x42, 0x45, 0x52, 0xdc, 
	0x43, 0x48, 0x54, 0x49, 0x47, 0x54, 0x53, 0x54, 0x45, 0x4e, 0x4b, 0xc4, 0x4d, 0x50, 0x46, 0x45, 
	0x52, 0x4e, 0x20, 0x47, 0x45, 0x47, 0x45, 0x42, 0x45, 0x4e, 0x2e, 0x20, 0x57, 0x45, 0x4e, 0x4e, 
	0x20, 0x44, 0x55, 0x20, 0x49, 0x52, 0x47, 0x45, 0x4e, 0x44, 0x45, 0x49, 0x4e, 0x45, 0x4e, 0x20, 
	0x53, 0x43, 0x48, 0x4c, 0xdc, 0x53, 0x53, 0x45, 0x4c, 0x20, 0x45, 0x52, 0x48, 0xc4, 0x4c, 0x54, 
	0x53, 0x54, 0x2c, 0x20, 0x42, 0x52, 0x49, 0x4e, 0x47, 0x20, 0x49, 0x48, 0x4e, 0x20, 0x42, 0x49, 
	0x54, 0x54, 0x45, 0x20, 0x53, 0x4f, 0x46, 0x4f, 0x52, 0x54, 0x20, 0x48, 0x49, 0x45, 0x52, 0x48, 
	0x45, 0x52, 0x2c, 0x20, 0x55, 0x4d, 0x20, 0x44, 0x49, 0x45, 0x20, 0x53, 0x43, 0x48, 0x4c, 0xd6, 
	0x53, 0x53, 0x45, 0x52, 0x20, 0x5a, 0x55, 0x20, 0xd6, 0x46, 0x46, 0x4e, 0x45, 0x4e, 0x21, 0x56, 
	0x45, 0x52, 0x52, 0x41, 0x54, 0x45, 0x20, 0x4b, 0x2e, 0x52, 0x4f, 0x4f, 0x4c, 0x20, 0x42, 0x4c, 
	0x4f, 0x53, 0x53, 0x20, 0x4e, 0x49, 0x43, 0x48, 0x54, 0x53, 0x2e, 0x2e, 0x2e, 0x20, 0x44, 0x41, 
	0x53, 0x20, 0x42, 0x4c, 0x45, 0x49, 0x42, 0x54, 0x20, 0x55, 0x4e, 0x53, 0x45, 0x52, 0x20, 0x47, 
	0x45, 0x48, 0x45, 0x49, 0x4d, 0x4e, 0x49, 0x53, 0x21, 
};
u8 text_28[] = {
	0x3, 0x1, 0x1, 0x1, 0x0, 0x0, 0x0, 0x0, 0x0, 0x5a, 0x0, 0x0, 0x0, 0x0, 0x0, 0x0, 
	0x1, 0x1, 0x1, 0x0, 0x0, 0x0, 0x5a, 0x0, 0x51, 0x0, 0x0, 0x0, 0x0, 0x0, 0x0, 0xa, 
	0x1, 0x2, 0x0, 0x0, 0x0, 0xab, 0x0, 0x43, 0x0, 0x0, 0x0, 0x0, 0x0, 0xee, 0x0, 0x64, 
	0x0, 0x0, 0x0, 0x0, 0x0, 0x0, 0x1, 0x1, 0x0, 0x0, 0x1, 0x52, 0x0, 0x6, 0x0, 0x0, 
	0x0, 0x0, 0x0, 0x0, 0x2, 0x1, 0x0, 0x70, 0x0, 0x0, 0x0, 0x0, 0x0, 0x0, 0x1, 0x1, 
	0x0, 0x0, 0x1, 0x58, 0x0, 0x1d, 0x0, 0x0, 0x0, 0x0, 0x0, 0x0, 0x2, 0x1, 0x0, 0x6b, 
	0x0, 0x0, 0x0, 0x0, 0x0, 0x0, 0x1, 0x1, 0x0, 0x0, 0x1, 0x75, 0x0, 0x1b, 0x0, 0x0, 
	0x0, 0x0, 0x0, 0x0, 0x2, 0x1, 0x0, 0x87, 0x0, 0x0, 0x0, 0x0, 0x0, 0x0, 0x1, 0x1, 
	0x0, 0x0, 0x1, 0x90, 0x0, 0x17, 0x0, 0x0, 0x0, 0x0, 0x0, 0x0, 0x2, 0x1, 0x0, 0x6e, 
	0x0, 0x0, 0x0, 0x0, 0x0, 0x0, 0x1, 0x1, 0x0, 0x0, 0x1, 0xa7, 0x0, 0x1c, 0x0, 0x0, 
	0x0, 0x0, 0x0, 0x0, 0x1, 0xc3, 0x4d, 0x4f, 0x49, 0x4e, 0x20, 0x4d, 0x4f, 0x49, 0x4e, 0x21, 
	0x20, 0x4e, 0x55, 0x52, 0x20, 0x44, 0x45, 0x52, 0x20, 0x46, 0x52, 0x45, 0x55, 0x4e, 0x44, 0x4c, 
	0x49, 0x43, 0x48, 0x45, 0x20, 0x41, 0x46, 0x46, 0x45, 0x2c, 0x20, 0x44, 0x45, 0x52, 0x20, 0x4d, 
	0x49, 0x43, 0x48, 0x20, 0x42, 0x45, 0x46, 0x52, 0x45, 0x49, 0x54, 0x20, 0x48, 0x41, 0x54, 0x2c, 
	0x20, 0x42, 0x45, 0x4b, 0x4f, 0x4d, 0x4d, 0x54, 0x20, 0x45, 0x54, 0x57, 0x41, 0x53, 0x20, 0x56, 
	0x4f, 0x4e, 0x20, 0x4d, 0x45, 0x49, 0x4e, 0x45, 0x52, 0x20, 0x42, 0x45, 0x55, 0x54, 0x45, 0x21, 
	0x20, 0x4d, 0x4f, 0x49, 0x4e, 0x20, 0x4d, 0x4f, 0x49, 0x4e, 0x21, 0x20, 0x44, 0x45, 0x52, 0x20, 
	0x46, 0x52, 0x45, 0x55, 0x4e, 0x44, 0x4c, 0x49, 0x43, 0x48, 0x45, 0x20, 0x41, 0x46, 0x46, 0x45, 
	0x21, 0x20, 0x44, 0x41, 0x20, 0x48, 0x41, 0x53, 0x54, 0x20, 0x44, 0x55, 0x20, 0x45, 0x54, 0x57, 
	0x41, 0x53, 0x20, 0x47, 0x4f, 0x4c, 0x44, 0x20, 0x56, 0x4f, 0x4e, 0x20, 0x45, 0x49, 0x4e, 0x45, 
	0x4d, 0x20, 0x41, 0x4c, 0x54, 0x45, 0x4e, 0x20, 0x53, 0x45, 0x45, 0x42, 0xc4, 0x52, 0x45, 0x4e, 
	0x21, 0x4b, 0x4f, 0x4d, 0x4d, 0x20, 0x5a, 0x55, 0x4d, 0x20, 0x54, 0x55, 0x4e, 0x4e, 0x45, 0x4c, 
	0x20, 0x44, 0x4f, 0x52, 0x54, 0x20, 0x44, 0x52, 0xdc, 0x42, 0x45, 0x4e, 0x20, 0x55, 0x4e, 0x44, 
	0x20, 0x4c, 0x41, 0x53, 0x53, 0x20, 0x55, 0x4e, 0x53, 0x20, 0x45, 0x49, 0x4e, 0x20, 0x4b, 0x4c, 
	0x45, 0x49, 0x4e, 0x45, 0x53, 0x20, 0x52, 0x45, 0x4e, 0x4e, 0x45, 0x4e, 0x20, 0x4d, 0x41, 0x43, 
	0x48, 0x45, 0x4e, 0x21, 0x45, 0x49, 0x4e, 0x45, 0x20, 0x47, 0x4f, 0x4c, 0x44, 0x45, 0x4e, 0x45, 
	0x20, 0x42, 0x41, 0x4e, 0x41, 0x4e, 0x45, 0x20, 0x45, 0x52, 0x57, 0x41, 0x52, 0x54, 0x45, 0x54, 
	0x20, 0x44, 0x49, 0x43, 0x48, 0x2c, 0x20, 0x57, 0x45, 0x4e, 0x4e, 0x20, 0x44, 0x55, 0x20, 0x4e, 
	0x41, 0x43, 0x48, 0x20, 0x32, 0x20, 0x52, 0x55, 0x4e, 0x44, 0x45, 0x4e, 0x20, 0x56, 0x4f, 0x52, 
	0x4e, 0x45, 0x20, 0x42, 0x49, 0x53, 0x54, 0x20, 0x55, 0x4e, 0x44, 0x20, 0x44, 0x41, 0x42, 0x45, 
	0x49, 0x20, 0x31, 0x30, 0x20, 0x4d, 0xdc, 0x4e, 0x5a, 0x45, 0x4e, 0x20, 0x45, 0x49, 0x4e, 0x53, 
	0x41, 0x4d, 0x4d, 0x45, 0x4c, 0x53, 0x54, 0x21, 0x44, 0x52, 0xdc, 0x43, 0x4b, 0x45, 0x55, 0x4d, 
	0x20, 0x4c, 0x4f, 0x53, 0x5a, 0x55, 0x46, 0x4c, 0x49, 0x54, 0x5a, 0x45, 0x4e, 0x20, 0x55, 0x4e, 
	0x44, 0x20, 0x47, 0x45, 0x42, 0x52, 0x41, 0x55, 0x43, 0x48, 0x45, 0x55, 0x4d, 0x20, 0x44, 0x41, 
	0x53, 0x20, 0x52, 0x45, 0x4e, 0x4e, 0x42, 0x4f, 0x4f, 0x54, 0x20, 0x5a, 0x55, 0x20, 0x53, 0x54, 
	0x45, 0x55, 0x45, 0x52, 0x4e, 0x21, 0x44, 0x52, 0x45, 0x48, 0x54, 0x20, 0x44, 0x45, 0x49, 0x4e, 
	0x20, 0x42, 0x4f, 0x4f, 0x54, 0x20, 0x55, 0x4e, 0x44, 0x20, 0x4d, 0x49, 0x54, 0x53, 0x50, 0x52, 
	0x49, 0x4e, 0x47, 0x53, 0x54, 0x20, 0x44, 0x55, 0x20, 0x57, 0x49, 0x45, 0x20, 0x45, 0x49, 0x4e, 
	0x20, 0x53, 0x45, 0x45, 0x4c, 0xd6, 0x57, 0x45, 0x21, 
};
u8 text_29[] = {
	0xa, 0x1, 0x1, 0x3, 0x0, 0x0, 0x0, 0x0, 0x0, 0x6c, 0x0, 0x0, 0x0, 0x0, 0x0, 0x6c, 
	0x0, 0x68, 0x0, 0x0, 0x0, 0x0, 0x0, 0xd4, 0x0, 0x69, 0x0, 0x0, 0x0, 0x0, 0x0, 0x0, 
	0x1, 0x1, 0x1, 0x0, 0x0, 0x1, 0x3d, 0x0, 0x64, 0x0, 0x0, 0x0, 0x0, 0x0, 0x0, 0x1, 
	0x1, 0x1, 0x0, 0x0, 0x1, 0xa1, 0x0, 0x3d, 0x0, 0x0, 0x0, 0x0, 0x0, 0x0, 0x1, 0x1, 
	0x2, 0x0, 0x0, 0x1, 0xde, 0x0, 0x45, 0x0, 0x0, 0x0, 0x0, 0x2, 0x23, 0x0, 0x2f, 0x0, 
	0x0, 0x0, 0x0, 0x0, 0x0, 0x1, 0x1, 0x2, 0x0, 0x0, 0x2, 0x52, 0x0, 0x48, 0x0, 0x0, 
	0x0, 0x0, 0x2, 0x9a, 0x0, 0x3a, 0x0, 0x0, 0x0, 0x0, 0x0, 0x0, 0x1, 0x1, 0x2, 0x0, 
	0x0, 0x2, 0xd4, 0x0, 0x50, 0x0, 0x0, 0x0, 0x0, 0x3, 0x24, 0x0, 0x2f, 0x0, 0x0, 0x0, 
	0x0, 0x0, 0x0, 0x1, 0x1, 0x1, 0x0, 0x0, 0x3, 0x53, 0x0, 0x72, 0x0, 0x0, 0x0, 0x0, 
	0x0, 0x0, 0x1, 0x1, 0x2, 0x0, 0x0, 0x3, 0xc5, 0x0, 0x46, 0x0, 0x0, 0x0, 0x0, 0x4, 
	0xb, 0x0, 0x77, 0x0, 0x0, 0x0, 0x0, 0x0, 0x0, 0x1, 0x1, 0x3, 0x0, 0x0, 0x4, 0x82, 
	0x0, 0x77, 0x0, 0x0, 0x0, 0x0, 0x4, 0xf9, 0x0, 0x8b, 0x0, 0x0, 0x0, 0x0, 0x5, 0x84, 
	0x0, 0x51, 0x0, 0x0, 0x0, 0x0, 0x0, 0x0, 0x1, 0x1, 0x1, 0x0, 0x0, 0x5, 0xd5, 0x0, 
	0x3a, 0x0, 0x0, 0x0, 0x0, 0x0, 0x0, 0x6, 0xf, 0x48, 0x49, 0x45, 0x52, 0x48, 0x45, 0x52, 
	0x2c, 0x20, 0x44, 0x55, 0x20, 0x44, 0xc4, 0x4d, 0x4c, 0x49, 0x43, 0x48, 0x45, 0x52, 0x20, 0x41, 
	0x46, 0x46, 0x45, 0x21, 0x20, 0x49, 0x43, 0x48, 0x20, 0x42, 0x49, 0x4e, 0x20, 0x44, 0x45, 0x52, 
	0x20, 0x4d, 0xc4, 0x43, 0x48, 0x54, 0x49, 0x47, 0x45, 0x20, 0x42, 0x2e, 0x20, 0x4c, 0x4f, 0x43, 
	0x4b, 0x45, 0x52, 0x21, 0x20, 0x44, 0x55, 0x20, 0x47, 0x4c, 0x41, 0x55, 0x42, 0x53, 0x54, 0x20, 
	0x44, 0x4f, 0x43, 0x48, 0x20, 0x4e, 0x49, 0x43, 0x48, 0x54, 0x2c, 0x20, 0x44, 0x41, 0x53, 0x53, 
	0x20, 0x44, 0x55, 0x20, 0x48, 0x49, 0x45, 0x52, 0x20, 0x52, 0x45, 0x49, 0x4e, 0x4b, 0x4f, 0x4d, 
	0x4d, 0x53, 0x54, 0x2c, 0x20, 0x4f, 0x48, 0x4e, 0x45, 0x20, 0x4d, 0x49, 0x52, 0x20, 0x45, 0x49, 
	0x4e, 0x20, 0x50, 0x41, 0x41, 0x52, 0x20, 0x44, 0x45, 0x49, 0x4e, 0x45, 0x52, 0x20, 0x42, 0x4c, 
	0xd6, 0x44, 0x45, 0x4e, 0x20, 0x42, 0x41, 0x4e, 0x41, 0x4e, 0x45, 0x4e, 0x20, 0x41, 0x42, 0x5a, 
	0x55, 0x44, 0x52, 0xdc, 0x43, 0x4b, 0x45, 0x4e, 0x21, 0x20, 0x57, 0x45, 0x4e, 0x4e, 0x20, 0x49, 
	0x43, 0x48, 0x20, 0x44, 0x45, 0x4d, 0x20, 0x44, 0x49, 0x43, 0x4b, 0x45, 0x4e, 0x20, 0x44, 0x55, 
	0x4d, 0x4d, 0x4b, 0x4f, 0x50, 0x46, 0x20, 0x4b, 0x2e, 0x52, 0x4f, 0x4f, 0x4c, 0x20, 0x4e, 0x49, 
	0x43, 0x48, 0x54, 0x20, 0x47, 0x45, 0x48, 0x4f, 0x52, 0x43, 0x48, 0x45, 0x2c, 0x57, 0x49, 0x52, 
	0x44, 0x20, 0x53, 0xc4, 0x47, 0x45, 0x4d, 0x45, 0x48, 0x4c, 0x20, 0x41, 0x55, 0x53, 0x20, 0x4d, 
	0x49, 0x52, 0x2e, 0x20, 0x42, 0x45, 0x5a, 0x41, 0x48, 0x4c, 0x20, 0x53, 0x43, 0x48, 0x4f, 0x4e, 
	0x2c, 0x20, 0x41, 0x42, 0x45, 0x52, 0x20, 0x50, 0x4c, 0xd6, 0x54, 0x5a, 0x4c, 0x49, 0x43, 0x48, 
	0x2c, 0x20, 0x44, 0x41, 0x4d, 0x49, 0x54, 0x20, 0x49, 0x43, 0x48, 0x20, 0x4d, 0x45, 0x49, 0x4e, 
	0x45, 0x4e, 0x20, 0x48, 0xd6, 0x4c, 0x5a, 0x45, 0x52, 0x4e, 0x45, 0x4e, 0x20, 0x48, 0x49, 0x4e, 
	0x54, 0x45, 0x52, 0x4e, 0x20, 0x48, 0x49, 0x45, 0x52, 0x20, 0x52, 0x41, 0x55, 0x53, 0x42, 0x45, 
	0x4b, 0x4f, 0x4d, 0x4d, 0x45, 0x21, 0x42, 0x49, 0x53, 0x54, 0x20, 0x44, 0x55, 0x20, 0x54, 0x4f, 
	0x54, 0x41, 0x4c, 0x20, 0x44, 0x55, 0x52, 0x43, 0x48, 0x47, 0x45, 0x4b, 0x4e, 0x41, 0x4c, 0x4c, 
	0x54, 0x3f, 0x20, 0x4c, 0x49, 0x45, 0x53, 0x20, 0x4d, 0x49, 0x52, 0x20, 0x56, 0x4f, 0x4e, 0x20, 
	0x44, 0x45, 0x4e, 0x20, 0x4c, 0x49, 0x50, 0x50, 0x45, 0x4e, 0x20, 0x55, 0x4e, 0x44, 0x20, 0x42, 
	0x45, 0x53, 0x4f, 0x52, 0x47, 0x20, 0x44, 0x49, 0x52, 0x20, 0x4d, 0x45, 0x48, 0x52, 0x20, 0x42, 
	0x41, 0x4e, 0x41, 0x4e, 0x45, 0x4e, 0x2c, 0x20, 0x44, 0x55, 0x20, 0x50, 0x45, 0x4c, 0x5a, 0x49, 
	0x47, 0x45, 0x52, 0x20, 0x49, 0x44, 0x49, 0x4f, 0x54, 0x21, 0x4d, 0x41, 0x43, 0x48, 0x20, 0x53, 
	0x43, 0x48, 0x4f, 0x4e, 0x21, 0x20, 0x5a, 0x45, 0x49, 0x47, 0x20, 0x4d, 0x49, 0x52, 0x20, 0x44, 
	0x49, 0x45, 0x20, 0x42, 0x41, 0x4e, 0x41, 0x4e, 0x45, 0x4e, 0x20, 0x55, 0x4e, 0x44, 0x20, 0x57, 
	0x49, 0x52, 0x20, 0x48, 0x41, 0x42, 0x45, 0x4e, 0x20, 0x45, 0x53, 0x20, 0x48, 0x49, 0x4e, 0x54, 
	0x45, 0x52, 0x20, 0x55, 0x4e, 0x53, 0x21, 0x47, 0x45, 0x48, 0x20, 0x52, 0x55, 0x48, 0x49, 0x47, 
	0x20, 0x57, 0x45, 0x49, 0x54, 0x45, 0x52, 0x2c, 0x20, 0x7e, 0x21, 0x20, 0x57, 0x49, 0x45, 0x20, 
	0x49, 0x43, 0x48, 0x20, 0x53, 0x45, 0x48, 0x45, 0x20, 0x48, 0x41, 0x53, 0x54, 0x20, 0x44, 0x55, 
	0x20, 0x4d, 0x45, 0x48, 0x52, 0x20, 0x41, 0x4c, 0x53, 0x20, 0x32, 0x20, 0x47, 0x4f, 0x4c, 0x44, 
	0x45, 0x4e, 0x45, 0x20, 0x42, 0x41, 0x4e, 0x41, 0x4e, 0x45, 0x4e, 0x21, 0x53, 0x4f, 0x4c, 0x41, 
	0x4e, 0x47, 0x45, 0x20, 0x4e, 0x49, 0x45, 0x4d, 0x41, 0x4e, 0x44, 0x20, 0x5a, 0x55, 0x53, 0x43, 
	0x48, 0x41, 0x55, 0x54, 0x2c, 0x20, 0x4c, 0x41, 0x53, 0x53, 0x45, 0x20, 0x49, 0x43, 0x48, 0x20, 
	0x44, 0x49, 0x43, 0x48, 0x20, 0x44, 0x55, 0x52, 0x43, 0x48, 0x21, 0x53, 0x43, 0x48, 0x4e, 0x45, 
	0x4c, 0x4c, 0x2c, 0x20, 0x7e, 0x21, 0x20, 0x45, 0x53, 0x20, 0x47, 0x55, 0x43, 0x4b, 0x54, 0x20, 
	0x47, 0x45, 0x52, 0x41, 0x44, 0x45, 0x20, 0x4e, 0x49, 0x45, 0x4d, 0x41, 0x4e, 0x44, 0x21, 0x20, 
	0x44, 0x55, 0x20, 0x48, 0x41, 0x53, 0x54, 0x20, 0x4d, 0x45, 0x48, 0x52, 0x20, 0x41, 0x4c, 0x53, 
	0x20, 0x39, 0x20, 0x47, 0x4f, 0x4c, 0x44, 0x45, 0x4e, 0x45, 0x20, 0x42, 0x41, 0x4e, 0x41, 0x4e, 
	0x45, 0x4e, 0x2c, 0x44, 0x45, 0x53, 0x57, 0x45, 0x47, 0x45, 0x4e, 0x20, 0x4c, 0x41, 0x53, 0x53, 
	0x45, 0x20, 0x49, 0x43, 0x48, 0x20, 0x44, 0x49, 0x43, 0x48, 0x20, 0x44, 0x55, 0x52, 0x43, 0x48, 
	0x21, 0x20, 0x41, 0x42, 0x45, 0x52, 0x20, 0x45, 0x52, 0x5a, 0xc4, 0x48, 0x4c, 0x45, 0x20, 0x4b, 
	0x2e, 0x52, 0x4f, 0x4f, 0x4c, 0x20, 0x4e, 0x49, 0x43, 0x48, 0x54, 0x53, 0x21, 0x50, 0x53, 0x53, 
	0x53, 0x54, 0x21, 0x20, 0x48, 0x45, 0x59, 0x2c, 0x20, 0x7e, 0x21, 0x20, 0x44, 0x41, 0x20, 0x44, 
	0x55, 0x20, 0x4d, 0x45, 0x48, 0x52, 0x20, 0x41, 0x4c, 0x53, 0x20, 0x31, 0x39, 0x20, 0x47, 0x4f, 
	0x4c, 0x44, 0x45, 0x4e, 0x45, 0x20, 0x42, 0x41, 0x4e, 0x41, 0x4e, 0x45, 0x4e, 0x20, 0x48, 0x41, 
	0x53, 0x54, 0x2c, 0x20, 0x47, 0x45, 0x48, 0x45, 0x20, 0x49, 0x43, 0x48, 0x20, 0x44, 0x49, 0x52, 
	0x20, 0x41, 0x55, 0x53, 0x20, 0x44, 0x45, 0x4d, 0x20, 0x57, 0x45, 0x47, 0x21, 0x41, 0x42, 0x45, 
	0x52, 0x20, 0x56, 0x45, 0x52, 0x47, 0x49, 0x53, 0x53, 0x20, 0x4e, 0x49, 0x43, 0x48, 0x54, 0x20, 
	0x2d, 0x20, 0x4b, 0x45, 0x49, 0x4e, 0x20, 0x57, 0x4f, 0x52, 0x54, 0x20, 0x5a, 0x55, 0x20, 0x49, 
	0x52, 0x47, 0x45, 0x4e, 0x44, 0x4a, 0x45, 0x4d, 0x41, 0x4e, 0x44, 0x21, 0x4f, 0x48, 0x21, 0x20, 
	0x47, 0x45, 0x48, 0x20, 0x57, 0x45, 0x49, 0x54, 0x45, 0x52, 0x2c, 0x20, 0x7e, 0x21, 0x20, 0x42, 
	0x45, 0x48, 0x41, 0x4c, 0x54, 0x45, 0x20, 0x44, 0x41, 0x53, 0x20, 0x46, 0xdc, 0x52, 0x20, 0x44, 
	0x49, 0x43, 0x48, 0x2e, 0x2e, 0x2e, 0x20, 0x44, 0x55, 0x20, 0x48, 0x41, 0x53, 0x54, 0x20, 0x4d, 
	0x45, 0x48, 0x52, 0x20, 0x41, 0x4c, 0x53, 0x20, 0x33, 0x34, 0x20, 0x47, 0x4f, 0x4c, 0x44, 0x45, 
	0x4e, 0x45, 0x20, 0x42, 0x41, 0x4e, 0x41, 0x4e, 0x45, 0x4e, 0x2c, 0x20, 0x44, 0x45, 0x53, 0x57, 
	0x45, 0x47, 0x45, 0x4e, 0x20, 0x47, 0x45, 0x48, 0x45, 0x20, 0x49, 0x43, 0x48, 0x20, 0x44, 0x49, 
	0x52, 0x20, 0x41, 0x55, 0x53, 0x20, 0x44, 0x45, 0x4d, 0x20, 0x57, 0x45, 0x47, 0x21, 0x49, 0x43, 
	0x48, 0x20, 0x54, 0x55, 0x45, 0x20, 0x44, 0x49, 0x52, 0x20, 0x5a, 0x55, 0x4d, 0x20, 0x4c, 0x45, 
	0x54, 0x5a, 0x54, 0x45, 0x4e, 0x20, 0x4d, 0x41, 0x4c, 0x20, 0x45, 0x49, 0x4e, 0x45, 0x4e, 0x20, 
	0x47, 0x45, 0x46, 0x41, 0x4c, 0x4c, 0x45, 0x4e, 0x2c, 0x20, 0x7e, 0x21, 0x20, 0x45, 0x53, 0x20, 
	0x57, 0x49, 0x52, 0x44, 0x20, 0x4d, 0x49, 0x52, 0x20, 0x5a, 0x55, 0x20, 0x52, 0x49, 0x53, 0x4b, 
	0x41, 0x4e, 0x54, 0x21, 0x4c, 0x4f, 0x53, 0x2c, 0x20, 0x53, 0x43, 0x48, 0x4e, 0x45, 0x4c, 0x4c, 
	0x21, 0x20, 0x44, 0x55, 0x20, 0x48, 0x41, 0x53, 0x54, 0x20, 0x53, 0x43, 0x48, 0x4f, 0x4e, 0x20, 
	0x4d, 0x45, 0x48, 0x52, 0x20, 0x41, 0x4c, 0x53, 0x20, 0x34, 0x39, 0x20, 0x47, 0x4f, 0x4c, 0x44, 
	0x45, 0x4e, 0x45, 0x20, 0x42, 0x41, 0x4e, 0x41, 0x4e, 0x45, 0x4e, 0x2c, 0x20, 0x44, 0x41, 0x48, 
	0x45, 0x52, 0x20, 0x4c, 0x41, 0x53, 0x53, 0x45, 0x20, 0x49, 0x43, 0x48, 0x20, 0x44, 0x49, 0x43, 
	0x48, 0x20, 0x44, 0x55, 0x52, 0x43, 0x48, 0x2c, 0x20, 0x53, 0x4f, 0x4c, 0x41, 0x4e, 0x47, 0x45, 
	0x20, 0x4e, 0x49, 0x45, 0x4d, 0x41, 0x4e, 0x44, 0x20, 0x49, 0x4e, 0x20, 0x44, 0x45, 0x52, 0x20, 
	0x47, 0x45, 0x47, 0x45, 0x4e, 0x44, 0x20, 0x49, 0x53, 0x54, 0x21, 0x50, 0x53, 0x53, 0x54, 0x2c, 
	0x20, 0x7e, 0x21, 0x20, 0x49, 0x4e, 0x20, 0x44, 0x45, 0x52, 0x20, 0x4e, 0xc4, 0x48, 0x45, 0x20, 
	0x53, 0x49, 0x4e, 0x44, 0x20, 0x57, 0x41, 0x43, 0x48, 0x45, 0x4e, 0x21, 0x20, 0x49, 0x43, 0x48, 
	0x20, 0x4d, 0x55, 0x53, 0x53, 0x20, 0x4d, 0x45, 0x49, 0x4e, 0x45, 0x20, 0x53, 0x54, 0x49, 0x4d, 
	0x4d, 0x45, 0x20, 0x41, 0x4e, 0x48, 0x45, 0x42, 0x45, 0x4e, 0x2c, 0x20, 0x44, 0x41, 0x4d, 0x49, 
	0x54, 0x20, 0x45, 0x53, 0x20, 0x44, 0x49, 0x45, 0x53, 0x45, 0x53, 0x20, 0x4d, 0x41, 0x4c, 0x20, 
	0x45, 0x49, 0x4e, 0x20, 0x42, 0x49, 0x53, 0x53, 0x43, 0x48, 0x45, 0x4e, 0x20, 0xdc, 0x42, 0x45, 
	0x52, 0x5a, 0x45, 0x55, 0x47, 0x45, 0x4e, 0x44, 0x45, 0x52, 0x20, 0x4b, 0x4c, 0x49, 0x4e, 0x47, 
	0x54, 0x21, 0xc4, 0x48, 0x4d, 0x2c, 0x20, 0xc4, 0x48, 0x2c, 0x20, 0x4b, 0x4f, 0x4e, 0x47, 0x21, 
	0x20, 0x44, 0x55, 0x20, 0x48, 0x41, 0x53, 0x54, 0x20, 0x4e, 0x55, 0x4e, 0x20, 0x47, 0x45, 0x4e, 
	0x55, 0x47, 0x20, 0x42, 0x41, 0x4e, 0x41, 0x4e, 0x45, 0x4e, 0x20, 0x28, 0x45, 0x53, 0x20, 0x53, 
	0x49, 0x4e, 0x44, 0x20, 0x41, 0x55, 0x46, 0x20, 0x4a, 0x45, 0x44, 0x45, 0x4e, 0x20, 0x46, 0x41, 
	0x4c, 0x4c, 0x20, 0xdc, 0x42, 0x45, 0x52, 0x20, 0x36, 0x34, 0x29, 0x2c, 0x20, 0x44, 0x41, 0x48, 
	0x45, 0x52, 0x20, 0x4c, 0x41, 0x53, 0x53, 0x45, 0x20, 0x49, 0x43, 0x48, 0x20, 0x44, 0x49, 0x43, 
	0x48, 0x20, 0x44, 0x55, 0x52, 0x43, 0x48, 0x2c, 0x20, 0x53, 0x4f, 0x20, 0x57, 0x49, 0x45, 0x20, 
	0x45, 0x53, 0x20, 0x4d, 0x45, 0x49, 0x4e, 0x20, 0x4a, 0x4f, 0x42, 0x20, 0x56, 0x4f, 0x4e, 0x20, 
	0x4d, 0x49, 0x52, 0x20, 0x56, 0x45, 0x52, 0x4c, 0x41, 0x4e, 0x47, 0x54, 0x21, 0x53, 0x4f, 0x2c, 
	0x20, 0x44, 0x41, 0x53, 0x20, 0x48, 0x41, 0x54, 0x20, 0x48, 0x49, 0x4e, 0x47, 0x45, 0x48, 0x41, 
	0x55, 0x45, 0x4e, 0x21, 0x20, 0x57, 0x45, 0x4e, 0x4e, 0x20, 0x44, 0x49, 0x45, 0x53, 0x45, 0x20, 
	0x53, 0x43, 0x48, 0x4d, 0x49, 0x45, 0x52, 0x49, 0x47, 0x45, 0x4e, 0x20, 0x4b, 0x52, 0x45, 0x4d, 
	0x4c, 0x49, 0x4e, 0x47, 0x53, 0x20, 0x4a, 0x45, 0x4d, 0x41, 0x4c, 0x53, 0x20, 0x44, 0x41, 0x56, 
	0x4f, 0x4e, 0x20, 0x45, 0x52, 0x46, 0x41, 0x48, 0x52, 0x45, 0x4e, 0x2e, 0x2e, 0x2e, 0x41, 0x55, 
	0x46, 0x20, 0x44, 0x45, 0x4d, 0x20, 0x53, 0x43, 0x48, 0x49, 0x4c, 0x44, 0x20, 0x53, 0x54, 0x45, 
	0x48, 0x54, 0x20, 0x37, 0x39, 0x20, 0x42, 0x41, 0x4e, 0x41, 0x4e, 0x45, 0x4e, 0x2c, 0x20, 0x7e, 
	0x21, 0x20, 0x41, 0x4c, 0x53, 0x4f, 0x20, 0x44, 0x41, 0x52, 0x46, 0x53, 0x54, 0x20, 0x44, 0x55, 
	0x20, 0x57, 0x45, 0x49, 0x54, 0x45, 0x52, 0x21, 
};
u8 text_30[] = {
	0x4, 0x1, 0x1, 0x3, 0x0, 0x0, 0x0, 0x0, 0x0, 0x79, 0x0, 0x0, 0x0, 0x0, 0x0, 0x79, 
	0x0, 0x45, 0x0, 0x0, 0x0, 0x0, 0x0, 0xbe, 0x0, 0x17, 0x0, 0x0, 0x0, 0x0, 0x0, 0x0, 
	0x1, 0x1, 0x1, 0x0, 0x0, 0x0, 0xd5, 0x0, 0x69, 0x0, 0x0, 0x0, 0x0, 0x0, 0x0, 0x9, 
	0x1, 0x4, 0x0, 0x0, 0x1, 0x3e, 0x0, 0x46, 0x0, 0x0, 0x0, 0x0, 0x1, 0x84, 0x0, 0x64, 
	0x0, 0x0, 0x0, 0x0, 0x1, 0xe8, 0x0, 0x47, 0x0, 0x0, 0x0, 0x0, 0x2, 0x2f, 0x0, 0x23, 
	0x0, 0x0, 0x0, 0x0, 0x0, 0x0, 0x2, 0x1, 0x0, 0x70, 0x0, 0x0, 0x0, 0x0, 0x0, 0x0, 
	0x1, 0x1, 0x0, 0x0, 0x2, 0x52, 0x0, 0x8, 0x0, 0x0, 0x0, 0x0, 0x0, 0x0, 0x2, 0x1, 
	0x0, 0x71, 0x0, 0x0, 0x0, 0x0, 0x0, 0x0, 0x1, 0x1, 0x0, 0x0, 0x2, 0x5a, 0x0, 0x20, 
	0x0, 0x0, 0x0, 0x0, 0x0, 0x0, 0x2, 0x1, 0x0, 0x6f, 0x0, 0x0, 0x0, 0x0, 0x0, 0x0, 
	0x1, 0x2, 0x0, 0x0, 0x2, 0x7a, 0x0, 0x54, 0x0, 0x0, 0x0, 0x0, 0x2, 0xce, 0x0, 0x5, 
	0x0, 0x0, 0x0, 0x0, 0x0, 0x0, 0x2, 0x1, 0x0, 0x6f, 0x0, 0x0, 0x0, 0x0, 0x0, 0x0, 
	0x1, 0x3, 0x0, 0x0, 0x2, 0xd3, 0x0, 0x49, 0x0, 0x0, 0x0, 0x0, 0x3, 0x1c, 0x0, 0x42, 
	0x0, 0x0, 0x0, 0x0, 0x3, 0x5e, 0x0, 0x4a, 0x0, 0x0, 0x0, 0x0, 0x0, 0x0, 0x1, 0x1, 
	0x1, 0x0, 0x0, 0x3, 0xa8, 0x0, 0x40, 0x0, 0x0, 0x0, 0x0, 0x0, 0x0, 0x3, 0xe8, 0x47, 
	0x52, 0x55, 0x4e, 0x44, 0x47, 0xdc, 0x54, 0x49, 0x47, 0x45, 0x52, 0x21, 0x20, 0x56, 0x4f, 0x52, 
	0x20, 0x4b, 0x55, 0x52, 0x5a, 0x45, 0x4d, 0x20, 0x47, 0x41, 0x42, 0x20, 0x45, 0x53, 0x20, 0x44, 
	0x49, 0x45, 0x53, 0x45, 0x20, 0x46, 0xdc, 0x52, 0x43, 0x48, 0x54, 0x45, 0x52, 0x4c, 0x49, 0x43, 
	0x48, 0x45, 0x20, 0x45, 0x52, 0x53, 0x43, 0x48, 0xdc, 0x54, 0x54, 0x45, 0x52, 0x55, 0x4e, 0x47, 
	0x21, 0x20, 0x4d, 0x45, 0x49, 0x4e, 0x45, 0x20, 0x42, 0x41, 0x4e, 0x41, 0x4e, 0x45, 0x4e, 0x46, 
	0x45, 0x45, 0x4e, 0x20, 0x53, 0x49, 0x4e, 0x44, 0x20, 0x56, 0x4f, 0x52, 0x20, 0x4c, 0x41, 0x55, 
	0x54, 0x45, 0x52, 0x20, 0x50, 0x41, 0x4e, 0x49, 0x4b, 0x20, 0x44, 0x41, 0x56, 0x4f, 0x4e, 0x47, 
	0x45, 0x46, 0x4c, 0x4f, 0x47, 0x45, 0x4e, 0x21, 0x45, 0x49, 0x4e, 0x45, 0x20, 0x53, 0x54, 0x41, 
	0x54, 0x54, 0x4c, 0x49, 0x43, 0x48, 0x45, 0x20, 0x42, 0x45, 0x4c, 0x4f, 0x48, 0x4e, 0x55, 0x4e, 
	0x47, 0x20, 0x46, 0xdc, 0x52, 0x20, 0x4a, 0x45, 0x44, 0x45, 0x4e, 0x2c, 0x20, 0x44, 0x45, 0x52, 
	0x20, 0x53, 0x49, 0x45, 0x20, 0x46, 0x49, 0x4e, 0x44, 0x45, 0x54, 0x20, 0x55, 0x4e, 0x44, 0x20, 
	0x5a, 0x55, 0x52, 0xdc, 0x43, 0x4b, 0x42, 0x52, 0x49, 0x4e, 0x47, 0x54, 0x21, 0x42, 0x49, 0x54, 
	0x54, 0x45, 0x20, 0x48, 0x49, 0x4c, 0x46, 0x20, 0x4d, 0x49, 0x52, 0x2c, 0x20, 0x4b, 0x4c, 0x45, 
	0x49, 0x4e, 0x45, 0x21, 0x4b, 0x45, 0x49, 0x4e, 0x45, 0x20, 0x41, 0x55, 0x46, 0x52, 0x45, 0x47, 
	0x55, 0x4e, 0x47, 0x2c, 0x20, 0x47, 0x55, 0x54, 0x45, 0x20, 0x46, 0x45, 0x45, 0x2e, 0x20, 0x4d, 
	0x45, 0x49, 0x4e, 0x45, 0x20, 0x46, 0x52, 0x45, 0x55, 0x4e, 0x44, 0x45, 0x20, 0x55, 0x4e, 0x44, 
	0x20, 0x49, 0x43, 0x48, 0x20, 0x57, 0x45, 0x52, 0x44, 0x45, 0x4e, 0x20, 0x41, 0x55, 0x46, 0x20, 
	0x55, 0x4e, 0x53, 0x45, 0x52, 0x45, 0x4d, 0x20, 0x41, 0x42, 0x45, 0x4e, 0x54, 0x45, 0x55, 0x45, 
	0x52, 0x20, 0x41, 0x55, 0x53, 0x53, 0x43, 0x48, 0x41, 0x55, 0x20, 0x4e, 0x41, 0x43, 0x48, 0x20, 
	0x49, 0x48, 0x4e, 0x45, 0x4e, 0x20, 0x48, 0x41, 0x4c, 0x54, 0x45, 0x4e, 0x21, 0x4f, 0x48, 0x2c, 
	0x20, 0x57, 0x49, 0x45, 0x20, 0x4c, 0x49, 0x45, 0x42, 0x20, 0x56, 0x4f, 0x4e, 0x20, 0x45, 0x55, 
	0x43, 0x48, 0x21, 0x20, 0x41, 0x42, 0x45, 0x52, 0x20, 0x44, 0x49, 0x45, 0x20, 0x46, 0x45, 0x45, 
	0x4e, 0x20, 0x4c, 0x41, 0x53, 0x53, 0x45, 0x4e, 0x20, 0x53, 0x49, 0x43, 0x48, 0x20, 0x4e, 0x49, 
	0x43, 0x48, 0x54, 0x20, 0x45, 0x49, 0x4e, 0x46, 0x41, 0x43, 0x48, 0x20, 0x46, 0x41, 0x4e, 0x47, 
	0x45, 0x4e, 0x21, 0x44, 0x49, 0x45, 0x20, 0x45, 0x49, 0x4e, 0x5a, 0x49, 0x47, 0x45, 0x20, 0x4d, 
	0xd6, 0x47, 0x4c, 0x49, 0x43, 0x48, 0x4b, 0x45, 0x49, 0x54, 0x20, 0x42, 0x45, 0x53, 0x54, 0x45, 
	0x48, 0x54, 0x20, 0x44, 0x41, 0x52, 0x49, 0x4e, 0x2c, 0x20, 0x53, 0x49, 0x45, 0x20, 0x49, 0x4e, 
	0x20, 0x53, 0x50, 0x45, 0x5a, 0x49, 0x45, 0x4c, 0x4c, 0x45, 0x4e, 0x20, 0x46, 0x4f, 0x54, 0x4f, 
	0x53, 0x20, 0x41, 0x55, 0x53, 0x20, 0x42, 0x41, 0x4e, 0x41, 0x4e, 0x45, 0x4e, 0x53, 0x43, 0x48, 
	0x41, 0x4c, 0x45, 0x4e, 0x20, 0x50, 0x41, 0x50, 0x49, 0x45, 0x52, 0x20, 0x5a, 0x55, 0x20, 0x4b, 
	0x4e, 0x49, 0x50, 0x53, 0x45, 0x4e, 0x21, 0x44, 0x41, 0x5a, 0x55, 0x20, 0x42, 0x52, 0x41, 0x55, 
	0x43, 0x48, 0x53, 0x54, 0x20, 0x44, 0x55, 0x20, 0x44, 0x49, 0x45, 0x53, 0x45, 0x20, 0x4d, 0x41, 
	0x47, 0x49, 0x53, 0x43, 0x48, 0x45, 0x20, 0x4b, 0x41, 0x4d, 0x45, 0x52, 0x41, 0x2c, 0x20, 0x44, 
	0x45, 0x52, 0x20, 0x46, 0x49, 0x4c, 0x4d, 0x20, 0x49, 0x53, 0x54, 0x20, 0x42, 0x45, 0x52, 0x45, 
	0x49, 0x54, 0x53, 0x20, 0x45, 0x49, 0x4e, 0x47, 0x45, 0x4c, 0x45, 0x47, 0x54, 0x21, 0x55, 0x4d, 
	0x20, 0x44, 0x49, 0x45, 0x20, 0x4b, 0x41, 0x4d, 0x45, 0x52, 0x41, 0x20, 0x5a, 0x55, 0x20, 0x47, 
	0x45, 0x42, 0x52, 0x41, 0x55, 0x43, 0x48, 0x45, 0x4e, 0x2c, 0x20, 0x44, 0x52, 0xdc, 0x43, 0x4b, 
	0x45, 0x55, 0x4e, 0x44, 0x20, 0x44, 0x41, 0x4e, 0x4e, 0x4d, 0x41, 0x43, 0x48, 0x45, 0x20, 0x45, 
	0x49, 0x4e, 0x20, 0x46, 0x4f, 0x54, 0x4f, 0x20, 0x56, 0x4f, 0x4e, 0x20, 0x45, 0x49, 0x4e, 0x45, 
	0x52, 0x20, 0x46, 0x45, 0x45, 0x20, 0x4d, 0x49, 0x54, 0x49, 0x43, 0x48, 0x20, 0x42, 0x49, 0x4e, 
	0x20, 0x53, 0x4f, 0x20, 0x46, 0x52, 0x4f, 0x48, 0x2c, 0x20, 0x44, 0x41, 0x53, 0x53, 0x20, 0x49, 
	0x48, 0x52, 0x20, 0x4d, 0x49, 0x52, 0x20, 0x48, 0x45, 0x4c, 0x46, 0x54, 0x2e, 0x20, 0x44, 0x41, 
	0x46, 0xdc, 0x52, 0x20, 0x42, 0x52, 0x49, 0x4e, 0x47, 0x45, 0x20, 0x49, 0x43, 0x48, 0x20, 0x45, 
	0x55, 0x43, 0x48, 0x20, 0x45, 0x49, 0x4e, 0x45, 0x4e, 0x20, 0x47, 0x45, 0x48, 0x45, 0x49, 0x4d, 
	0x45, 0x4e, 0x20, 0x54, 0x52, 0x49, 0x43, 0x4b, 0x20, 0x42, 0x45, 0x49, 0x21, 0x48, 0x41, 0x4c, 
	0x54, 0x45, 0x47, 0x45, 0x44, 0x52, 0xdc, 0x43, 0x4b, 0x54, 0x2c, 0x20, 0x55, 0x4d, 0x20, 0x41, 
	0x4e, 0x20, 0x4b, 0x52, 0x41, 0x46, 0x54, 0x20, 0x5a, 0x55, 0x20, 0x47, 0x45, 0x57, 0x49, 0x4e, 
	0x4e, 0x45, 0x4e, 0x20, 0x55, 0x4e, 0x44, 0x20, 0x4c, 0x41, 0x53, 0x53, 0x45, 0x20, 0x4c, 0x4f, 
	0x53, 0x2c, 0x20, 0x55, 0x4d, 0x20, 0x44, 0x45, 0x4e, 0x20, 0x4d, 0x4f, 0x56, 0x45, 0x20, 0x41, 
	0x55, 0x53, 0x5a, 0x55, 0x46, 0xdc, 0x48, 0x52, 0x45, 0x4e, 0x21, 0x45, 0x52, 0x20, 0x53, 0x43, 
	0x48, 0xdc, 0x54, 0x5a, 0x54, 0x20, 0x45, 0x55, 0x43, 0x48, 0x20, 0x55, 0x4e, 0x44, 0x20, 0x4b, 
	0x41, 0x4e, 0x4e, 0x20, 0x56, 0x45, 0x52, 0x53, 0x54, 0x45, 0x43, 0x4b, 0x54, 0x45, 0x20, 0x47, 
	0x45, 0x47, 0x45, 0x4e, 0x53, 0x54, 0xc4, 0x4e, 0x44, 0x45, 0x20, 0x41, 0x4e, 0x53, 0x20, 0x4c, 
	0x49, 0x43, 0x48, 0x54, 0x20, 0x42, 0x52, 0x49, 0x4e, 0x47, 0x45, 0x4e, 0x21, 0xdc, 0x42, 0x45, 
	0x52, 0x4c, 0x45, 0x47, 0x54, 0x20, 0x47, 0x55, 0x54, 0x2c, 0x20, 0x57, 0x41, 0x4e, 0x4e, 0x20, 
	0x49, 0x48, 0x52, 0x20, 0x49, 0x48, 0x4e, 0x20, 0x45, 0x49, 0x4e, 0x53, 0x45, 0x54, 0x5a, 0x54, 
	0x2c, 0x20, 0x44, 0x41, 0x20, 0x45, 0x52, 0x20, 0x45, 0x49, 0x4e, 0x45, 0x20, 0x4b, 0x52, 0x49, 
	0x53, 0x54, 0x41, 0x4c, 0x4c, 0x20, 0x4b, 0x4f, 0x4b, 0x4f, 0x53, 0x4e, 0x55, 0x53, 0x53, 0x20, 
	0x4b, 0x4f, 0x53, 0x54, 0x45, 0x54, 0x21, 0x4f, 0x48, 0x20, 0x57, 0x49, 0x45, 0x20, 0x53, 0x43, 
	0x48, 0xd6, 0x4e, 0x2c, 0x20, 0x7e, 0x21, 0x20, 0x44, 0x55, 0x20, 0x48, 0x41, 0x53, 0x54, 0x20, 
	0x41, 0x4c, 0x4c, 0x45, 0x20, 0x46, 0x45, 0x45, 0x4e, 0x20, 0x47, 0x45, 0x52, 0x45, 0x54, 0x54, 
	0x45, 0x54, 0x21, 0x20, 0x4b, 0x4f, 0x4d, 0x4d, 0x20, 0x5a, 0x55, 0x20, 0x4d, 0x49, 0x52, 0x20, 
	0x5a, 0x55, 0x52, 0xdc, 0x43, 0x4b, 0x21, 
};
u8 text_31[] = {
	0x2, 0x1, 0x1, 0x1, 0x0, 0x0, 0x0, 0x0, 0x0, 0x48, 0x0, 0x0, 0x0, 0x0, 0x0, 0x0, 
	0x1, 0x1, 0x1, 0x0, 0x0, 0x0, 0x48, 0x0, 0x47, 0x0, 0x0, 0x0, 0x0, 0x0, 0x0, 0x0, 
	0x8f, 0x44, 0x45, 0x52, 0x20, 0x42, 0x4f, 0x44, 0x45, 0x4e, 0x20, 0x53, 0x49, 0x45, 0x48, 0x54, 
	0x20, 0x52, 0x45, 0x43, 0x48, 0x54, 0x20, 0x4b, 0x41, 0x48, 0x4c, 0x20, 0x41, 0x55, 0x53, 0x2e, 
	0x20, 0x4f, 0x42, 0x20, 0x49, 0x43, 0x48, 0x20, 0x57, 0x4f, 0x48, 0x4c, 0x20, 0x45, 0x54, 0x57, 
	0x41, 0x53, 0x20, 0x5a, 0x55, 0x4d, 0x20, 0x45, 0x49, 0x4e, 0x50, 0x46, 0x4c, 0x41, 0x4e, 0x5a, 
	0x45, 0x4e, 0x20, 0x46, 0x49, 0x4e, 0x44, 0x45, 0x3f, 0x53, 0x43, 0x48, 0x41, 0x55, 0x20, 0x4e, 
	0x55, 0x52, 0x21, 0x20, 0x49, 0x43, 0x48, 0x20, 0x48, 0x41, 0x42, 0x45, 0x20, 0x45, 0x49, 0x4e, 
	0x20, 0x50, 0x41, 0x41, 0x52, 0x20, 0x42, 0x4c, 0xc4, 0x54, 0x54, 0x45, 0x52, 0x21, 0x20, 0x4b, 
	0x4f, 0x4d, 0x4d, 0x20, 0x55, 0x4e, 0x44, 0x20, 0x48, 0x4f, 0x4c, 0x20, 0x44, 0x49, 0x52, 0x20, 
	0x44, 0x45, 0x49, 0x4e, 0x45, 0x20, 0x42, 0x45, 0x4c, 0x4f, 0x48, 0x4e, 0x55, 0x4e, 0x47, 0x21, 
};
u8 text_32[] = {
	0x1, 0x1, 0x1, 0x1, 0x0, 0x0, 0x0, 0x0, 0x0, 0x33, 0x0, 0x0, 0x0, 0x0, 0x0, 0x0, 
	0x0, 0x33, 0x48, 0x49, 0x4c, 0x46, 0x20, 0x4d, 0x49, 0x52, 0x2c, 0x20, 0x4c, 0x41, 0x4e, 0x4b, 
	0x59, 0x21, 0x20, 0x49, 0x43, 0x48, 0x20, 0x48, 0x41, 0x53, 0x53, 0x45, 0x20, 0x45, 0x53, 0x2c, 
	0x20, 0x45, 0x49, 0x4e, 0x47, 0x45, 0x53, 0x50, 0x45, 0x52, 0x52, 0x54, 0x20, 0x5a, 0x55, 0x20, 
	0x53, 0x45, 0x49, 0x4e, 0x21, 
};
u8 text_33[] = {
	0x4, 0x1, 0x1, 0x2, 0x0, 0x0, 0x0, 0x0, 0x0, 0x76, 0x0, 0x0, 0x0, 0x0, 0x0, 0x76, 
	0x0, 0x3b, 0x0, 0x0, 0x0, 0x0, 0x0, 0x0, 0x1, 0x1, 0x1, 0x0, 0x0, 0x0, 0xb1, 0x0, 
	0x4a, 0x0, 0x0, 0x0, 0x0, 0x0, 0x0, 0x1, 0x1, 0x1, 0x0, 0x0, 0x0, 0xfb, 0x0, 0x85, 
	0x0, 0x0, 0x0, 0x0, 0x0, 0x0, 0x1, 0x1, 0x1, 0x0, 0x0, 0x1, 0x80, 0x0, 0x4c, 0x0, 
	0x0, 0x0, 0x0, 0x0, 0x0, 0x1, 0xcc, 0x48, 0x45, 0x59, 0x2c, 0x20, 0x7e, 0x21, 0x20, 0x4e, 
	0x49, 0x43, 0x48, 0x54, 0x20, 0x53, 0x45, 0x48, 0x52, 0x20, 0x53, 0x50, 0x41, 0x4e, 0x4e, 0x45, 
	0x4e, 0x44, 0x2c, 0x20, 0x49, 0x4e, 0x20, 0x44, 0x49, 0x45, 0x53, 0x45, 0x4d, 0x20, 0x49, 0x47, 
	0x4c, 0x55, 0x20, 0x46, 0x45, 0x53, 0x54, 0x5a, 0x55, 0x53, 0x49, 0x54, 0x5a, 0x45, 0x4e, 0x21, 
	0x20, 0x44, 0x45, 0x53, 0x57, 0x45, 0x47, 0x45, 0x4e, 0x20, 0x48, 0x41, 0x42, 0x45, 0x20, 0x49, 
	0x43, 0x48, 0x20, 0x4d, 0x49, 0x52, 0x20, 0x5a, 0x55, 0x4d, 0x20, 0x5a, 0x45, 0x49, 0x54, 0x56, 
	0x45, 0x52, 0x54, 0x52, 0x45, 0x49, 0x42, 0x20, 0x45, 0x49, 0x4e, 0x20, 0x53, 0x50, 0x49, 0x45, 
	0x4c, 0x20, 0x41, 0x55, 0x53, 0x47, 0x45, 0x44, 0x41, 0x43, 0x48, 0x54, 0x21, 0x4c, 0x41, 0x53, 
	0x53, 0x20, 0x55, 0x4e, 0x53, 0x20, 0x45, 0x49, 0x4e, 0x45, 0x20, 0x52, 0x55, 0x4e, 0x44, 0x45, 
	0x20, 0x57, 0x41, 0x47, 0x45, 0x4e, 0x2c, 0x20, 0x53, 0x4f, 0x4e, 0x53, 0x54, 0x20, 0x53, 0x54, 
	0x45, 0x52, 0x42, 0x45, 0x20, 0x49, 0x43, 0x48, 0x20, 0x56, 0x4f, 0x52, 0x20, 0x4c, 0x41, 0x4e, 
	0x47, 0x45, 0x57, 0x45, 0x49, 0x4c, 0x45, 0x21, 0x53, 0x49, 0x45, 0x48, 0x53, 0x54, 0x20, 0x44, 
	0x55, 0x20, 0x44, 0x49, 0x45, 0x53, 0x45, 0x20, 0x50, 0x4c, 0x41, 0x54, 0x54, 0x45, 0x4e, 0x3f, 
	0x20, 0x44, 0x52, 0x45, 0x48, 0x20, 0x53, 0x4f, 0x20, 0x56, 0x49, 0x45, 0x4c, 0x45, 0x20, 0x55, 
	0x4d, 0x20, 0x57, 0x49, 0x45, 0x20, 0x4d, 0xd6, 0x47, 0x4c, 0x49, 0x43, 0x48, 0x21, 0x20, 0x59, 
	0x49, 0x50, 0x50, 0x49, 0x45, 0x2c, 0x20, 0x4c, 0x4f, 0x53, 0x20, 0x47, 0x45, 0x48, 0x54, 0x27, 
	0x53, 0x21, 0x4f, 0x48, 0x20, 0x4e, 0x45, 0x49, 0x4e, 0x21, 0x20, 0x49, 0x43, 0x48, 0x20, 0x48, 
	0x41, 0x42, 0x45, 0x20, 0x54, 0x41, 0x47, 0x45, 0x4c, 0x41, 0x4e, 0x47, 0x20, 0x41, 0x4e, 0x20, 
	0x44, 0x49, 0x45, 0x53, 0x45, 0x4d, 0x20, 0x53, 0x50, 0x49, 0x45, 0x4c, 0x20, 0x47, 0x45, 0x53, 
	0x45, 0x53, 0x53, 0x45, 0x4e, 0x2c, 0x20, 0x55, 0x4e, 0x44, 0x20, 0x44, 0x55, 0x20, 0x53, 0x43, 
	0x48, 0x4c, 0xc4, 0x47, 0x53, 0x54, 0x20, 0x4d, 0x49, 0x43, 0x48, 0x2e, 0x20, 0x44, 0x55, 0x20, 
	0x42, 0x49, 0x53, 0x54, 0x20, 0x4b, 0x45, 0x49, 0x4e, 0x20, 0x57, 0x41, 0x48, 0x52, 0x45, 0x52, 
	0x20, 0x46, 0x52, 0x45, 0x55, 0x4e, 0x44, 0x21, 0x20, 0x4e, 0x49, 0x4d, 0x4d, 0x20, 0x44, 0x45, 
	0x49, 0x4e, 0x45, 0x4e, 0x20, 0x47, 0x45, 0x57, 0x49, 0x4e, 0x4e, 0x20, 0x55, 0x4e, 0x44, 0x20, 
	0x48, 0x41, 0x55, 0x20, 0x41, 0x42, 0x21, 0x49, 0x43, 0x48, 0x20, 0x4c, 0x49, 0x45, 0x42, 0x45, 
	0x20, 0x44, 0x49, 0x45, 0x53, 0x45, 0x53, 0x20, 0x53, 0x50, 0x49, 0x45, 0x4c, 0x2e, 0x20, 0x44, 
	0x41, 0x53, 0x20, 0x49, 0x53, 0x54, 0x20, 0x53, 0x55, 0x50, 0x45, 0x52, 0x53, 0x50, 0x41, 0x53, 
	0x53, 0x49, 0x47, 0x21, 0x20, 0x49, 0x43, 0x48, 0x20, 0x57, 0x49, 0x4c, 0x4c, 0x20, 0x4e, 0x4f, 
	0x43, 0x48, 0x20, 0x4d, 0x41, 0x4c, 0x20, 0x53, 0x50, 0x49, 0x45, 0x4c, 0x45, 0x4e, 0x2c, 0x20, 
	0x4a, 0x41, 0x3f, 
};
u8 text_34[] = {
	0x5, 0x1, 0x1, 0x2, 0x0, 0x0, 0x0, 0x0, 0x0, 0x5a, 0x0, 0x0, 0x0, 0x0, 0x0, 0x5a, 
	0x0, 0x3a, 0x0, 0x0, 0x0, 0x0, 0x0, 0x0, 0x1, 0x1, 0x2, 0x0, 0x0, 0x0, 0x94, 0x0, 
	0x2d, 0x0, 0x0, 0x0, 0x0, 0x0, 0xc1, 0x0, 0x3c, 0x0, 0x0, 0x0, 0x0, 0x0, 0x0, 0x1, 
	0x1, 0x1, 0x0, 0x0, 0x0, 0xfd, 0x0, 0x58, 0x0, 0x0, 0x0, 0x0, 0x0, 0x0, 0x1, 0x1, 
	0x1, 0x0, 0x0, 0x1, 0x55, 0x0, 0x40, 0x0, 0x0, 0x0, 0x0, 0x0, 0x0, 0x5, 0x1, 0x3, 
	0x0, 0x0, 0x1, 0x95, 0x0, 0x1b, 0x0, 0x0, 0x0, 0x0, 0x1, 0xb0, 0x0, 0x7d, 0x0, 0x0, 
	0x0, 0x0, 0x2, 0x2d, 0x0, 0x6, 0x0, 0x0, 0x0, 0x0, 0x0, 0x0, 0x2, 0x1, 0x0, 0x70, 
	0x0, 0x0, 0x0, 0x0, 0x0, 0x0, 0x1, 0x1, 0x0, 0x0, 0x2, 0x33, 0x0, 0x1e, 0x0, 0x0, 
	0x0, 0x0, 0x0, 0x0, 0x2, 0x1, 0x0, 0x6b, 0x0, 0x0, 0x0, 0x0, 0x0, 0x0, 0x1, 0x2, 
	0x0, 0x0, 0x2, 0x51, 0x0, 0xe, 0x0, 0x0, 0x0, 0x0, 0x2, 0x5f, 0x0, 0x17, 0x0, 0x0, 
	0x0, 0x0, 0x0, 0x0, 0x2, 0x76, 0x4d, 0x49, 0x53, 0x54, 0x2c, 0x20, 0x44, 0x41, 0x53, 0x20, 
	0x49, 0x53, 0x54, 0x20, 0x4e, 0x49, 0x43, 0x48, 0x54, 0x20, 0x46, 0x41, 0x49, 0x52, 0x2e, 0x20, 
	0x44, 0x55, 0x20, 0x48, 0x41, 0x53, 0x54, 0x20, 0x4d, 0x49, 0x43, 0x48, 0x20, 0x42, 0x45, 0x53, 
	0x49, 0x45, 0x47, 0x54, 0x20, 0x55, 0x4e, 0x44, 0x20, 0x44, 0x41, 0x42, 0x45, 0x49, 0x20, 0x41, 
	0x55, 0x43, 0x48, 0x20, 0x4e, 0x4f, 0x43, 0x48, 0x20, 0x47, 0x45, 0x4e, 0x55, 0x47, 0x20, 0x4d, 
	0xdc, 0x4e, 0x5a, 0x45, 0x4e, 0x20, 0x47, 0x45, 0x53, 0x41, 0x4d, 0x4d, 0x45, 0x4c, 0x54, 0x21, 
	0x44, 0x55, 0x20, 0x4e, 0x49, 0x4d, 0x4d, 0x53, 0x54, 0x20, 0x4d, 0x49, 0x52, 0x20, 0x4d, 0x45, 
	0x49, 0x4e, 0x45, 0x20, 0x4c, 0x45, 0x54, 0x5a, 0x54, 0x45, 0x20, 0x47, 0x52, 0x4f, 0x53, 0x53, 
	0x45, 0x20, 0x4c, 0x45, 0x49, 0x44, 0x45, 0x4e, 0x53, 0x43, 0x48, 0x41, 0x46, 0x54, 0x2c, 0x20, 
	0x53, 0x43, 0x48, 0x4e, 0x49, 0x45, 0x46, 0x2e, 0x2e, 0x2e, 0x57, 0x41, 0x52, 0x20, 0x44, 0x41, 
	0x53, 0x20, 0x41, 0x4c, 0x4c, 0x45, 0x53, 0x2c, 0x20, 0x7e, 0x3f, 0x20, 0x44, 0x55, 0x20, 0x4d, 
	0x41, 0x43, 0x48, 0x53, 0x54, 0x20, 0x45, 0x53, 0x20, 0x44, 0x49, 0x52, 0x20, 0x5a, 0x55, 0x20, 
	0x4c, 0x45, 0x49, 0x43, 0x48, 0x54, 0x21, 0x57, 0x45, 0x4e, 0x4e, 0x20, 0x44, 0x55, 0x20, 0x44, 
	0x49, 0x43, 0x48, 0x20, 0x4e, 0x49, 0x43, 0x48, 0x54, 0x20, 0x53, 0x54, 0x45, 0x49, 0x47, 0x45, 
	0x52, 0x53, 0x54, 0x2c, 0x20, 0x47, 0x45, 0x57, 0x49, 0x4e, 0x4e, 0x53, 0x54, 0x20, 0x44, 0x55, 
	0x20, 0x4b, 0x45, 0x49, 0x4e, 0x45, 0x4e, 0x20, 0x42, 0x4c, 0x55, 0x4d, 0x45, 0x4e, 0x54, 0x4f, 
	0x50, 0x46, 0x21, 0x4e, 0x49, 0x43, 0x48, 0x54, 0x20, 0x53, 0x43, 0x48, 0x4c, 0x45, 0x43, 0x48, 
	0x54, 0x2c, 0x20, 0x7e, 0x2e, 0x20, 0x41, 0x42, 0x45, 0x52, 0x20, 0x44, 0x45, 0x49, 0x4e, 0x20, 
	0x53, 0x49, 0x45, 0x47, 0x20, 0x4e, 0x55, 0x54, 0x5a, 0x54, 0x20, 0x44, 0x49, 0x52, 0x20, 0x4e, 
	0x49, 0x43, 0x48, 0x54, 0x53, 0x2c, 0x20, 0x57, 0x45, 0x4e, 0x4e, 0x20, 0x44, 0x55, 0x20, 0x4e, 
	0x49, 0x43, 0x48, 0x54, 0x20, 0x47, 0x45, 0x4e, 0x55, 0x47, 0x20, 0x4d, 0xdc, 0x4e, 0x5a, 0x45, 
	0x4e, 0x20, 0x53, 0x41, 0x4d, 0x4d, 0x45, 0x4c, 0x53, 0x54, 0x21, 0x54, 0x55, 0x54, 0x20, 0x4d, 
	0x49, 0x52, 0x20, 0x4c, 0x45, 0x49, 0x44, 0x20, 0x7e, 0x2c, 0x20, 0x41, 0x42, 0x45, 0x52, 0x20, 
	0x44, 0x55, 0x20, 0x56, 0x45, 0x52, 0x50, 0x41, 0x53, 0x53, 0x54, 0x20, 0x4a, 0x41, 0x20, 0x45, 
	0x49, 0x4e, 0x20, 0x54, 0x4f, 0x52, 0x20, 0x4e, 0x41, 0x43, 0x48, 0x20, 0x44, 0x45, 0x4d, 0x20, 
	0x41, 0x4e, 0x44, 0x45, 0x52, 0x45, 0x4e, 0x2e, 0x2e, 0x2e, 0x20, 0x48, 0x41, 0x4c, 0x4c, 0x4f, 
	0x20, 0x7e, 0x2c, 0x20, 0x44, 0x41, 0x20, 0x42, 0x49, 0x4e, 0x20, 0x49, 0x43, 0x48, 0x20, 0x57, 
	0x49, 0x45, 0x44, 0x45, 0x52, 0x21, 0x49, 0x43, 0x48, 0x20, 0x48, 0x41, 0x42, 0x45, 0x20, 0x48, 
	0x49, 0x45, 0x52, 0x20, 0x45, 0x49, 0x4e, 0x45, 0x20, 0x47, 0x4f, 0x4c, 0x44, 0x45, 0x4e, 0x45, 
	0x20, 0x42, 0x41, 0x4e, 0x41, 0x4e, 0x45, 0x21, 0x20, 0x57, 0x45, 0x4e, 0x4e, 0x20, 0x44, 0x55, 
	0x20, 0x4d, 0x49, 0x43, 0x48, 0x20, 0x49, 0x4d, 0x20, 0x32, 0x2d, 0x52, 0x55, 0x4e, 0x44, 0x45, 
	0x4e, 0x2d, 0x52, 0x45, 0x4e, 0x4e, 0x45, 0x4e, 0x20, 0x53, 0x43, 0x48, 0x4c, 0xc4, 0x47, 0x53, 
	0x54, 0x20, 0x55, 0x4e, 0x44, 0x20, 0x44, 0x41, 0x42, 0x45, 0x49, 0x20, 0x4e, 0x4f, 0x43, 0x48, 
	0x20, 0x40, 0x20, 0x4d, 0xdc, 0x4e, 0x5a, 0x45, 0x4e, 0x20, 0x53, 0x41, 0x4d, 0x4d, 0x45, 0x4c, 
	0x53, 0x54, 0x2c, 0x20, 0x47, 0x45, 0x48, 0xd6, 0x52, 0x54, 0x20, 0x53, 0x49, 0x45, 0x20, 0x44, 
	0x49, 0x52, 0x21, 0x44, 0x52, 0xdc, 0x43, 0x4b, 0x45, 0x55, 0x4d, 0x20, 0x5a, 0x55, 0x20, 0x42, 
	0x45, 0x53, 0x43, 0x48, 0x4c, 0x45, 0x55, 0x4e, 0x49, 0x47, 0x45, 0x4e, 0x2e, 0x20, 0x47, 0x45, 
	0x42, 0x52, 0x41, 0x55, 0x43, 0x48, 0x45, 0x55, 0x4d, 0x20, 0x5a, 0x55, 0x20, 0x53, 0x54, 0x45, 
	0x55, 0x45, 0x52, 0x4e, 0x2e, 0x41, 0x4c, 0x4c, 0x45, 0x53, 0x20, 0x4b, 0x4c, 0x41, 0x52, 0x3f, 
	0x20, 0x4c, 0x4f, 0x53, 0x20, 0x47, 0x45, 0x48, 0x54, 0x27, 0x53, 0x21, 
};
u8 text_35[] = {
	0x28, 0x1, 0x1, 0x1, 0x0, 0x0, 0x0, 0x0, 0x0, 0xd, 0x0, 0x0, 0x0, 0x0, 0x0, 0x0, 
	0x1, 0x1, 0x1, 0x0, 0x0, 0x0, 0xd, 0x0, 0xd, 0x0, 0x0, 0x0, 0x0, 0x0, 0x0, 0x1, 
	0x1, 0x1, 0x0, 0x0, 0x0, 0x1a, 0x0, 0xc, 0x0, 0x0, 0x0, 0x0, 0x0, 0x0, 0x1, 0x1, 
	0x1, 0x0, 0x0, 0x0, 0x26, 0x0, 0xd, 0x0, 0x0, 0x0, 0x0, 0x0, 0x0, 0x1, 0x1, 0x1, 
	0x0, 0x0, 0x0, 0x33, 0x0, 0xb, 0x0, 0x0, 0x0, 0x0, 0x0, 0x0, 0x1, 0x1, 0x1, 0x0, 
	0x0, 0x0, 0x3e, 0x0, 0x10, 0x0, 0x0, 0x0, 0x0, 0x0, 0x0, 0x1, 0x1, 0x1, 0x0, 0x0, 
	0x0, 0x4e, 0x0, 0x10, 0x0, 0x0, 0x0, 0x0, 0x0, 0x0, 0x1, 0x1, 0x1, 0x0, 0x0, 0x0, 
	0x5e, 0x0, 0x9, 0x0, 0x0, 0x0, 0x0, 0x0, 0x0, 0x1, 0x1, 0x1, 0x0, 0x0, 0x0, 0x67, 
	0x0, 0x14, 0x0, 0x0, 0x0, 0x0, 0x0, 0x0, 0x1, 0x1, 0x1, 0x0, 0x0, 0x0, 0x7b, 0x0, 
	0x8, 0x0, 0x0, 0x0, 0x0, 0x0, 0x0, 0x1, 0x1, 0x1, 0x0, 0x0, 0x0, 0x83, 0x0, 0xe, 
	0x0, 0x0, 0x0, 0x0, 0x0, 0x0, 0x1, 0x1, 0x1, 0x0, 0x0, 0x0, 0x91, 0x0, 0xf, 0x0, 
	0x0, 0x0, 0x0, 0x0, 0x0, 0x1, 0x1, 0x1, 0x0, 0x0, 0x0, 0xa0, 0x0, 0xd, 0x0, 0x0, 
	0x0, 0x0, 0x0, 0x0, 0x1, 0x1, 0x1, 0x0, 0x0, 0x0, 0xad, 0x0, 0x11, 0x0, 0x0, 0x0, 
	0x0, 0x0, 0x0, 0x1, 0x1, 0x1, 0x0, 0x0, 0x0, 0xbe, 0x0, 0xf, 0x0, 0x0, 0x0, 0x0, 
	0x0, 0x0, 0x1, 0x1, 0x1, 0x0, 0x0, 0x0, 0xcd, 0x0, 0xf, 0x0, 0x0, 0x0, 0x0, 0x0, 
	0x0, 0x1, 0x1, 0x1, 0x0, 0x0, 0x0, 0xdc, 0x0, 0x11, 0x0, 0x0, 0x0, 0x0, 0x0, 0x0, 
	0x1, 0x1, 0x1, 0x0, 0x0, 0x0, 0xed, 0x0, 0xf, 0x0, 0x0, 0x0, 0x0, 0x0, 0x0, 0x1, 
	0x1, 0x1, 0x0, 0x0, 0x0, 0xfc, 0x0, 0xd, 0x0, 0x0, 0x0, 0x0, 0x0, 0x0, 0x1, 0x1, 
	0x1, 0x0, 0x0, 0x1, 0x9, 0x0, 0x12, 0x0, 0x0, 0x0, 0x0, 0x0, 0x0, 0x1, 0x1, 0x1, 
	0x0, 0x0, 0x1, 0x1b, 0x0, 0x10, 0x0, 0x0, 0x0, 0x0, 0x0, 0x0, 0x1, 0x1, 0x1, 0x0, 
	0x0, 0x1, 0x2b, 0x0, 0x13, 0x0, 0x0, 0x0, 0x0, 0x0, 0x0, 0x1, 0x1, 0x1, 0x0, 0x0, 
	0x1, 0x3e, 0x0, 0x11, 0x0, 0x0, 0x0, 0x0, 0x0, 0x0, 0x1, 0x1, 0x1, 0x0, 0x0, 0x1, 
	0x4f, 0x0, 0xb, 0x0, 0x0, 0x0, 0x0, 0x0, 0x0, 0x1, 0x1, 0x1, 0x0, 0x0, 0x1, 0x5a, 
	0x0, 0x12, 0x0, 0x0, 0x0, 0x0, 0x0, 0x0, 0x1, 0x1, 0x1, 0x0, 0x0, 0x1, 0x6c, 0x0, 
	0x10, 0x0, 0x0, 0x0, 0x0, 0x0, 0x0, 0x1, 0x1, 0x1, 0x0, 0x0, 0x1, 0x7c, 0x0, 0x10, 
	0x0, 0x0, 0x0, 0x0, 0x0, 0x0, 0x1, 0x1, 0x1, 0x0, 0x0, 0x1, 0x8c, 0x0, 0x11, 0x0, 
	0x0, 0x0, 0x0, 0x0, 0x0, 0x1, 0x1, 0x1, 0x0, 0x0, 0x1, 0x9d, 0x0, 0xf, 0x0, 0x0, 
	0x0, 0x0, 0x0, 0x0, 0x1, 0x1, 0x1, 0x0, 0x0, 0x1, 0xac, 0x0, 0x12, 0x0, 0x0, 0x0, 
	0x0, 0x0, 0x0, 0x1, 0x1, 0x1, 0x0, 0x0, 0x1, 0xbe, 0x0, 0xe, 0x0, 0x0, 0x0, 0x0, 
	0x0, 0x0, 0x1, 0x1, 0x1, 0x0, 0x0, 0x1, 0xcc, 0x0, 0xe, 0x0, 0x0, 0x0, 0x0, 0x0, 
	0x0, 0x1, 0x1, 0x1, 0x0, 0x0, 0x1, 0xda, 0x0, 0x16, 0x0, 0x0, 0x0, 0x0, 0x0, 0x0, 
	0x1, 0x1, 0x1, 0x0, 0x0, 0x1, 0xf0, 0x0, 0x13, 0x0, 0x0, 0x0, 0x0, 0x0, 0x0, 0x1, 
	0x1, 0x1, 0x0, 0x0, 0x2, 0x3, 0x0, 0x11, 0x0, 0x0, 0x0, 0x0, 0x0, 0x0, 0x1, 0x1, 
	0x1, 0x0, 0x0, 0x2, 0x14, 0x0, 0x11, 0x0, 0x0, 0x0, 0x0, 0x0, 0x0, 0x1, 0x1, 0x1, 
	0x0, 0x0, 0x2, 0x25, 0x0, 0x13, 0x0, 0x0, 0x0, 0x0, 0x0, 0x0, 0x1, 0x1, 0x1, 0x0, 
	0x0, 0x2, 0x38, 0x0, 0xd, 0x0, 0x0, 0x0, 0x0, 0x0, 0x0, 0x1, 0x1, 0x1, 0x0, 0x0, 
	0x2, 0x45, 0x0, 0x14, 0x0, 0x0, 0x0, 0x0, 0x0, 0x0, 0x1, 0x1, 0x1, 0x0, 0x0, 0x2, 
	0x59, 0x0, 0x10, 0x0, 0x0, 0x0, 0x0, 0x0, 0x0, 0x2, 0x69, 0x54, 0x52, 0x4f, 0x50, 0x45, 
	0x4e, 0x20, 0x54, 0x52, 0x55, 0x42, 0x45, 0x4c, 0x41, 0x5a, 0x54, 0x45, 0x4b, 0x45, 0x4e, 0x20, 
	0x41, 0x52, 0x45, 0x4e, 0x41, 0x46, 0x41, 0x42, 0x52, 0x49, 0x4b, 0x20, 0x46, 0x41, 0x54, 0x41, 
	0x4c, 0x41, 0x51, 0x55, 0x41, 0x20, 0x41, 0x4c, 0x50, 0x54, 0x52, 0x41, 0x55, 0x4d, 0x57, 0x55, 
	0x4e, 0x44, 0x45, 0x52, 0x20, 0x57, 0x41, 0x4c, 0x44, 0x4b, 0x52, 0x49, 0x53, 0x54, 0x41, 0x4c, 
	0x4c, 0x20, 0x4b, 0x41, 0x56, 0x45, 0x52, 0x4e, 0x45, 0x4b, 0x41, 0x4d, 0x49, 0x4b, 0x41, 0x5a, 
	0x45, 0x20, 0x4b, 0x41, 0x53, 0x54, 0x45, 0x4c, 0x4c, 0x44, 0x4b, 0x20, 0x49, 0x4e, 0x53, 0x45, 
	0x4c, 0x4e, 0x4b, 0x2e, 0x52, 0x4f, 0x4f, 0x4c, 0x53, 0x20, 0x4b, 0x4f, 0x4d, 0x4d, 0x41, 0x4e, 
	0x44, 0x41, 0x4e, 0x54, 0x55, 0x52, 0x45, 0x4e, 0x44, 0x50, 0x55, 0x4e, 0x4b, 0x54, 0x46, 0x55, 
	0x4e, 0x4b, 0x59, 0x53, 0x20, 0x41, 0x52, 0x53, 0x45, 0x4e, 0x41, 0x4c, 0x53, 0x4e, 0x49, 0x44, 
	0x45, 0x53, 0x20, 0x51, 0x55, 0x41, 0x52, 0x54, 0x49, 0x45, 0x52, 0x43, 0x52, 0x41, 0x4e, 0x4b, 
	0x59, 0x53, 0x20, 0x4c, 0x41, 0x42, 0x4f, 0x52, 0x43, 0x41, 0x4e, 0x44, 0x59, 0x53, 0x20, 0x4d, 
	0x55, 0x53, 0x49, 0x4b, 0x4c, 0x41, 0x44, 0x45, 0x4e, 0x54, 0x52, 0x4f, 0x46, 0x46, 0x20, 0x55, 
	0x4e, 0x44, 0x20, 0x53, 0x43, 0x4f, 0x46, 0x46, 0x4b, 0x52, 0x45, 0x4d, 0x4c, 0x49, 0x4e, 0x47, 
	0x20, 0x4b, 0x52, 0x41, 0x53, 0x48, 0x21, 0x4b, 0x52, 0xd6, 0x54, 0x45, 0x4e, 0x20, 0x4b, 0x41, 
	0x52, 0x55, 0x53, 0x53, 0x45, 0x4c, 0x4c, 0x21, 0x42, 0x41, 0x4e, 0x41, 0x4e, 0x45, 0x4e, 0x20, 
	0x42, 0x41, 0x4e, 0x44, 0x49, 0x54, 0x21, 0x49, 0x52, 0x52, 0x45, 0x52, 0x20, 0x47, 0x41, 0x52, 
	0x54, 0x45, 0x4e, 0x21, 0x41, 0x4c, 0x4c, 0x45, 0x53, 0x20, 0x4f, 0x44, 0x45, 0x52, 0x20, 0x4e, 
	0x49, 0x43, 0x48, 0x54, 0x53, 0x21, 0x57, 0x41, 0x4e, 0x4b, 0x45, 0x4e, 0x44, 0x45, 0x20, 0x57, 
	0x41, 0x43, 0x48, 0x45, 0x4e, 0x21, 0x53, 0x43, 0x48, 0x49, 0x43, 0x48, 0x54, 0x20, 0x49, 0x4d, 
	0x20, 0x53, 0x43, 0x48, 0x41, 0x43, 0x48, 0x54, 0x21, 0x4b, 0x52, 0x45, 0x4d, 0x4c, 0x49, 0x4e, 
	0x47, 0x20, 0x4b, 0x52, 0x41, 0x43, 0x48, 0x45, 0x52, 0x21, 0x50, 0x4f, 0x4f, 0x4c, 0x20, 0x50, 
	0x41, 0x4e, 0x49, 0x4b, 0x21, 0x53, 0x43, 0x48, 0x4e, 0x45, 0x4c, 0x4c, 0x45, 0x20, 0x53, 0x43, 
	0x48, 0x57, 0xdc, 0x4e, 0x47, 0x45, 0x21, 0x42, 0x49, 0x42, 0x45, 0x52, 0x20, 0x42, 0x55, 0x54, 
	0x5a, 0x45, 0x4d, 0x41, 0x4e, 0x4e, 0x21, 0x53, 0x43, 0x48, 0x45, 0x49, 0x4e, 0x20, 0x55, 0x4e, 
	0x44, 0x20, 0x53, 0x45, 0x49, 0x4e, 0x21, 0x42, 0x41, 0x4e, 0x41, 0x4e, 0x45, 0x4e, 0x20, 0x42, 
	0x41, 0x4c, 0x4c, 0x45, 0x52, 0x45, 0x49, 0x21, 0x46, 0x55, 0x4e, 0x4b, 0x45, 0x4c, 0x4e, 0x44, 
	0x45, 0x20, 0x46, 0x45, 0x45, 0x4e, 0x21, 0x46, 0x4c, 0x49, 0x45, 0x48, 0x45, 0x4e, 0x44, 0x45, 
	0x20, 0x46, 0x4c, 0x49, 0x45, 0x47, 0x45, 0x4e, 0x21, 0x42, 0x4f, 0x58, 0x45, 0x4e, 0x44, 0x45, 
	0x20, 0x42, 0x49, 0x42, 0x45, 0x52, 0x21, 0x4b, 0x52, 0x49, 0x54, 0x54, 0x45, 0x52, 0x20, 0x4b, 
	0x52, 0x41, 0x53, 0x48, 0x21, 0x48, 0xd6, 0x4c, 0x4c, 0x49, 0x53, 0x43, 0x48, 0x45, 0x52, 0x20, 
	0x48, 0x49, 0x4e, 0x54, 0x45, 0x52, 0x48, 0x41, 0x4c, 0x54, 0x21, 0x4d, 0x45, 0x48, 0x52, 0x20, 
	0x4b, 0x52, 0x49, 0x54, 0x54, 0x45, 0x52, 0x20, 0x4b, 0x52, 0x41, 0x53, 0x48, 0x21, 0x50, 0x41, 
	0x52, 0x41, 0x4e, 0x4f, 0x49, 0x41, 0x20, 0x50, 0x41, 0x4c, 0x41, 0x56, 0x45, 0x52, 0x21, 0x52, 
	0x45, 0x50, 0x54, 0x49, 0x4c, 0x49, 0x45, 0x4e, 0x20, 0x52, 0x41, 0x42, 0x41, 0x54, 0x5a, 0x21, 
	0x4b, 0x41, 0x4d, 0x49, 0x4b, 0x41, 0x5a, 0x45, 0x20, 0x4b, 0x52, 0x45, 0x4d, 0x4c, 0x49, 0x4e, 
	0x47, 0x53, 0x21, 0x42, 0x4c, 0x41, 0x4e, 0x4b, 0x45, 0x20, 0x50, 0x41, 0x4e, 0x49, 0x4b, 0x21, 
	0x53, 0x43, 0x48, 0x41, 0x55, 0x52, 0x49, 0x47, 0x45, 0x52, 0x20, 0x53, 0x48, 0x4f, 0x57, 0x44, 
	0x4f, 0x57, 0x4e, 0x21, 0x41, 0x46, 0x46, 0x49, 0x47, 0x45, 0x52, 0x20, 0x41, 0x55, 0x46, 0x52, 
	0x55, 0x48, 0x52, 0x21, 
};
u8 text_36[] = {
	0x1c, 0x1, 0x1, 0x1, 0x0, 0x0, 0x0, 0x0, 0x0, 0x6, 0x0, 0x0, 0x0, 0x0, 0x0, 0x0, 
	0x1, 0x1, 0x1, 0x0, 0x0, 0x0, 0x6, 0x0, 0x9, 0x0, 0x0, 0x0, 0x0, 0x0, 0x0, 0x1, 
	0x1, 0x1, 0x0, 0x0, 0x0, 0xf, 0x0, 0xf, 0x0, 0x0, 0x0, 0x0, 0x0, 0x0, 0x1, 0x1, 
	0x1, 0x0, 0x0, 0x0, 0x1e, 0x0, 0xd, 0x0, 0x0, 0x0, 0x0, 0x0, 0x0, 0x1, 0x1, 0x1, 
	0x0, 0x0, 0x0, 0x2b, 0x0, 0xd, 0x0, 0x0, 0x0, 0x0, 0x0, 0x0, 0x1, 0x1, 0x1, 0x0, 
	0x0, 0x0, 0x38, 0x0, 0x9, 0x0, 0x0, 0x0, 0x0, 0x0, 0x0, 0x1, 0x1, 0x1, 0x0, 0x0, 
	0x0, 0x41, 0x0, 0x9, 0x0, 0x0, 0x0, 0x0, 0x0, 0x0, 0x1, 0x1, 0x1, 0x0, 0x0, 0x0, 
	0x4a, 0x0, 0xf, 0x0, 0x0, 0x0, 0x0, 0x0, 0x0, 0x1, 0x1, 0x1, 0x0, 0x0, 0x0, 0x59, 
	0x0, 0x1, 0x0, 0x0, 0x0, 0x0, 0x0, 0x0, 0x1, 0x1, 0x1, 0x0, 0x0, 0x0, 0x5a, 0x0, 
	0xb, 0x0, 0x0, 0x0, 0x0, 0x0, 0x0, 0x1, 0x1, 0x1, 0x0, 0x0, 0x0, 0x65, 0x0, 0xa, 
	0x0, 0x0, 0x0, 0x0, 0x0, 0x0, 0x1, 0x1, 0x1, 0x0, 0x0, 0x0, 0x6f, 0x0, 0xa, 0x0, 
	0x0, 0x0, 0x0, 0x0, 0x0, 0x1, 0x1, 0x1, 0x0, 0x0, 0x0, 0x79, 0x0, 0x9, 0x0, 0x0, 
	0x0, 0x0, 0x0, 0x0, 0x1, 0x1, 0x1, 0x0, 0x0, 0x0, 0x82, 0x0, 0xb, 0x0, 0x0, 0x0, 
	0x0, 0x0, 0x0, 0x1, 0x1, 0x1, 0x0, 0x0, 0x0, 0x8d, 0x0, 0xa, 0x0, 0x0, 0x0, 0x0, 
	0x0, 0x0, 0x1, 0x1, 0x1, 0x0, 0x0, 0x0, 0x97, 0x0, 0xe, 0x0, 0x0, 0x0, 0x0, 0x0, 
	0x0, 0x1, 0x1, 0x1, 0x0, 0x0, 0x0, 0xa5, 0x0, 0x3, 0x0, 0x0, 0x0, 0x0, 0x0, 0x0, 
	0x1, 0x1, 0x1, 0x0, 0x0, 0x0, 0xa8, 0x0, 0x5, 0x0, 0x0, 0x0, 0x0, 0x0, 0x0, 0x1, 
	0x1, 0x1, 0x0, 0x0, 0x0, 0xad, 0x0, 0xf, 0x0, 0x0, 0x0, 0x0, 0x0, 0x0, 0x1, 0x1, 
	0x1, 0x0, 0x0, 0x0, 0xbc, 0x0, 0xc, 0x0, 0x0, 0x0, 0x0, 0x0, 0x0, 0x1, 0x1, 0x1, 
	0x0, 0x0, 0x0, 0xc8, 0x0, 0xe, 0x0, 0x0, 0x0, 0x0, 0x0, 0x0, 0x1, 0x1, 0x1, 0x0, 
	0x0, 0x0, 0xd6, 0x0, 0x11, 0x0, 0x0, 0x0, 0x0, 0x0, 0x0, 0x1, 0x1, 0x1, 0x0, 0x0, 
	0x0, 0xe7, 0x0, 0xe, 0x0, 0x0, 0x0, 0x0, 0x0, 0x0, 0x1, 0x1, 0x1, 0x0, 0x0, 0x0, 
	0xf5, 0x0, 0xb, 0x0, 0x0, 0x0, 0x0, 0x0, 0x0, 0x1, 0x1, 0x1, 0x0, 0x0, 0x1, 0x0, 
	0x0, 0xe, 0x0, 0x0, 0x0, 0x0, 0x0, 0x0, 0x1, 0x1, 0x1, 0x0, 0x0, 0x1, 0xe, 0x0, 
	0xa, 0x0, 0x0, 0x0, 0x0, 0x0, 0x0, 0x1, 0x1, 0x1, 0x0, 0x0, 0x1, 0x18, 0x0, 0xc, 
	0x0, 0x0, 0x0, 0x0, 0x0, 0x0, 0x1, 0x1, 0x1, 0x0, 0x0, 0x1, 0x24, 0x0, 0x8, 0x0, 
	0x0, 0x0, 0x0, 0x0, 0x0, 0x1, 0x2c, 0x57, 0x45, 0x49, 0x54, 0x45, 0x52, 0x53, 0x50, 0x45, 
	0x49, 0x43, 0x48, 0x45, 0x52, 0x4e, 0x4c, 0x45, 0x56, 0x45, 0x4c, 0x20, 0x56, 0x45, 0x52, 0x4c, 
	0x41, 0x53, 0x53, 0x45, 0x4e, 0x53, 0x50, 0x49, 0x45, 0x4c, 0x20, 0x42, 0x45, 0x45, 0x4e, 0x44, 
	0x45, 0x4e, 0x4e, 0x45, 0x55, 0x45, 0x52, 0x20, 0x56, 0x45, 0x52, 0x53, 0x55, 0x43, 0x48, 0x41, 
	0x42, 0x42, 0x52, 0x45, 0x43, 0x48, 0x45, 0x4e, 0x49, 0x4e, 0x53, 0x47, 0x45, 0x53, 0x41, 0x4d, 
	0x54, 0x42, 0x49, 0x53, 0x54, 0x20, 0x44, 0x55, 0x20, 0x53, 0x49, 0x43, 0x48, 0x45, 0x52, 0x3f, 
	0x21, 0x44, 0x4f, 0x4e, 0x4b, 0x45, 0x59, 0x20, 0x4b, 0x4f, 0x4e, 0x47, 0x44, 0x49, 0x44, 0x44, 
	0x59, 0x20, 0x4b, 0x4f, 0x4e, 0x47, 0x4c, 0x41, 0x4e, 0x4b, 0x59, 0x20, 0x4b, 0x4f, 0x4e, 0x47, 
	0x54, 0x49, 0x4e, 0x59, 0x20, 0x4b, 0x4f, 0x4e, 0x47, 0x43, 0x48, 0x55, 0x4e, 0x4b, 0x59, 0x20, 
	0x4b, 0x4f, 0x4e, 0x47, 0x41, 0x4c, 0x4c, 0x45, 0x20, 0x4b, 0x4f, 0x4e, 0x47, 0x53, 0x4e, 0x45, 
	0x55, 0x45, 0x52, 0x20, 0x56, 0x45, 0x52, 0x53, 0x55, 0x43, 0x48, 0x3f, 0x4a, 0x41, 0x21, 0x4e, 
	0x45, 0x49, 0x4e, 0x21, 0x47, 0x4f, 0x4c, 0x44, 0x45, 0x4e, 0x45, 0x20, 0x42, 0x41, 0x4e, 0x41, 
	0x4e, 0x45, 0x4e, 0x4b, 0x41, 0x4d, 0x50, 0x46, 0x2d, 0x4b, 0x52, 0x4f, 0x4e, 0x45, 0x4e, 0x42, 
	0x4f, 0x53, 0x53, 0x2d, 0x53, 0x43, 0x48, 0x4c, 0xdc, 0x53, 0x53, 0x45, 0x4c, 0x42, 0x41, 0x4e, 
	0x41, 0x4e, 0x45, 0x4e, 0x20, 0x4d, 0x45, 0x44, 0x41, 0x49, 0x4c, 0x4c, 0x45, 0x4e, 0x52, 0x41, 
	0x52, 0x45, 0x57, 0x41, 0x52, 0x45, 0x2d, 0x4d, 0xdc, 0x4e, 0x5a, 0x45, 0x42, 0x41, 0x4e, 0x41, 
	0x4e, 0x45, 0x4e, 0x46, 0x45, 0x45, 0x4e, 0x4e, 0x49, 0x4e, 0x54, 0x45, 0x4e, 0x44, 0x4f, 0x2d, 
	0x4d, 0xdc, 0x4e, 0x5a, 0x45, 0x42, 0x4c, 0x41, 0x55, 0x50, 0x41, 0x55, 0x53, 0x45, 0x4e, 0x45, 
	0x49, 0x53, 0x53, 0x43, 0x48, 0x4c, 0xdc, 0x53, 0x53, 0x45, 0x4c, 0x45, 0x4e, 0x44, 0x50, 0x55, 
	0x4e, 0x4b, 0x54, 
};
u8 text_37[] = {
	0x66, 0x1, 0x1, 0x1, 0x0, 0x0, 0x0, 0x0, 0x0, 0x9, 0x0, 0x0, 0x0, 0x0, 0x0, 0x0, 
	0x1, 0x1, 0x1, 0x0, 0x0, 0x0, 0x9, 0x0, 0x5, 0x0, 0x0, 0x0, 0x0, 0x0, 0x0, 0x1, 
	0x1, 0x1, 0x0, 0x0, 0x0, 0xe, 0x0, 0xa, 0x0, 0x0, 0x0, 0x0, 0x0, 0x0, 0x1, 0x1, 
	0x1, 0x0, 0x0, 0x0, 0x18, 0x0, 0x9, 0x0, 0x0, 0x0, 0x0, 0x0, 0x0, 0x1, 0x1, 0x1, 
	0x0, 0x0, 0x0, 0x21, 0x0, 0x8, 0x0, 0x0, 0x0, 0x0, 0x0, 0x0, 0x1, 0x1, 0x1, 0x0, 
	0x0, 0x0, 0x29, 0x0, 0xd, 0x0, 0x0, 0x0, 0x0, 0x0, 0x0, 0x1, 0x1, 0x1, 0x0, 0x0, 
	0x0, 0x36, 0x0, 0x4, 0x0, 0x0, 0x0, 0x0, 0x0, 0x0, 0x1, 0x1, 0x1, 0x0, 0x0, 0x0, 
	0x3a, 0x0, 0x5, 0x0, 0x0, 0x0, 0x0, 0x0, 0x0, 0x1, 0x1, 0x1, 0x0, 0x0, 0x0, 0x3f, 
	0x0, 0x7, 0x0, 0x0, 0x0, 0x0, 0x0, 0x0, 0x1, 0x1, 0x1, 0x0, 0x0, 0x0, 0x46, 0x0, 
	0xf, 0x0, 0x0, 0x0, 0x0, 0x0, 0x0, 0x1, 0x1, 0x1, 0x0, 0x0, 0x0, 0x55, 0x0, 0x5, 
	0x0, 0x0, 0x0, 0x0, 0x0, 0x0, 0x1, 0x1, 0x1, 0x0, 0x0, 0x0, 0x5a, 0x0, 0x3, 0x0, 
	0x0, 0x0, 0x0, 0x0, 0x0, 0x1, 0x1, 0x1, 0x0, 0x0, 0x0, 0x5d, 0x0, 0xe, 0x0, 0x0, 
	0x0, 0x0, 0x0, 0x0, 0x1, 0x1, 0x1, 0x0, 0x0, 0x0, 0x6b, 0x0, 0xa, 0x0, 0x0, 0x0, 
	0x0, 0x0, 0x0, 0x1, 0x1, 0x1, 0x0, 0x0, 0x0, 0x75, 0x0, 0x5, 0x0, 0x0, 0x0, 0x0, 
	0x0, 0x0, 0x1, 0x1, 0x1, 0x0, 0x0, 0x0, 0x7a, 0x0, 0xa, 0x0, 0x0, 0x0, 0x0, 0x0, 
	0x0, 0x1, 0x1, 0x1, 0x0, 0x0, 0x0, 0x84, 0x0, 0x8, 0x0, 0x0, 0x0, 0x0, 0x0, 0x0, 
	0x1, 0x1, 0x1, 0x0, 0x0, 0x0, 0x8c, 0x0, 0x9, 0x0, 0x0, 0x0, 0x0, 0x0, 0x0, 0x1, 
	0x1, 0x1, 0x0, 0x0, 0x0, 0x95, 0x0, 0x9, 0x0, 0x0, 0x0, 0x0, 0x0, 0x0, 0x1, 0x1, 
	0x1, 0x0, 0x0, 0x0, 0x9e, 0x0, 0x9, 0x0, 0x0, 0x0, 0x0, 0x0, 0x0, 0x1, 0x1, 0x1, 
	0x0, 0x0, 0x0, 0xa7, 0x0, 0x8, 0x0, 0x0, 0x0, 0x0, 0x0, 0x0, 0x1, 0x1, 0x1, 0x0, 
	0x0, 0x0, 0xaf, 0x0, 0x9, 0x0, 0x0, 0x0, 0x0, 0x0, 0x0, 0x1, 0x1, 0x1, 0x0, 0x0, 
	0x0, 0xb8, 0x0, 0x7, 0x0, 0x0, 0x0, 0x0, 0x0, 0x0, 0x1, 0x1, 0x1, 0x0, 0x0, 0x0, 
	0xbf, 0x0, 0x8, 0x0, 0x0, 0x0, 0x0, 0x0, 0x0, 0x1, 0x1, 0x1, 0x0, 0x0, 0x0, 0xc7, 
	0x0, 0x3, 0x0, 0x0, 0x0, 0x0, 0x0, 0x0, 0x1, 0x1, 0x1, 0x0, 0x0, 0x0, 0xca, 0x0, 
	0x3, 0x0, 0x0, 0x0, 0x0, 0x0, 0x0, 0x1, 0x1, 0x1, 0x0, 0x0, 0x0, 0xcd, 0x0, 0x6, 
	0x0, 0x0, 0x0, 0x0, 0x0, 0x0, 0x1, 0x1, 0x1, 0x0, 0x0, 0x0, 0xd3, 0x0, 0x7, 0x0, 
	0x0, 0x0, 0x0, 0x0, 0x0, 0x1, 0x1, 0x1, 0x0, 0x0, 0x0, 0xda, 0x0, 0xb, 0x0, 0x0, 
	0x0, 0x0, 0x0, 0x0, 0x1, 0x1, 0x1, 0x0, 0x0, 0x0, 0xe5, 0x0, 0x9, 0x0, 0x0, 0x0, 
	0x0, 0x0, 0x0, 0x1, 0x1, 0x1, 0x0, 0x0, 0x0, 0xee, 0x0, 0x9, 0x0, 0x0, 0x0, 0x0, 
	0x0, 0x0, 0x1, 0x1, 0x1, 0x0, 0x0, 0x0, 0xf7, 0x0, 0x5, 0x0, 0x0, 0x0, 0x0, 0x0, 
	0x0, 0x1, 0x1, 0x1, 0x0, 0x0, 0x0, 0xfc, 0x0, 0x5, 0x0, 0x0, 0x0, 0x0, 0x0, 0x0, 
	0x1, 0x1, 0x1, 0x0, 0x0, 0x1, 0x1, 0x0, 0x7, 0x0, 0x0, 0x0, 0x0, 0x0, 0x0, 0x1, 
	0x1, 0x1, 0x0, 0x0, 0x1, 0x8, 0x0, 0x7, 0x0, 0x0, 0x0, 0x0, 0x0, 0x0, 0x1, 0x1, 
	0x1, 0x0, 0x0, 0x1, 0xf, 0x0, 0x5, 0x0, 0x0, 0x0, 0x0, 0x0, 0x0, 0x1, 0x1, 0x1, 
	0x0, 0x0, 0x1, 0x14, 0x0, 0x5, 0x0, 0x0, 0x0, 0x0, 0x0, 0x0, 0x1, 0x1, 0x1, 0x0, 
	0x0, 0x1, 0x19, 0x0, 0x6, 0x0, 0x0, 0x0, 0x0, 0x0, 0x0, 0x1, 0x1, 0x1, 0x0, 0x0, 
	0x1, 0x1f, 0x0, 0x4, 0x0, 0x0, 0x0, 0x0, 0x0, 0x0, 0x1, 0x1, 0x1, 0x0, 0x0, 0x1, 
	0x23, 0x0, 0x8, 0x0, 0x0, 0x0, 0x0, 0x0, 0x0, 0x1, 0x1, 0x1, 0x0, 0x0, 0x1, 0x2b, 
	0x0, 0xa, 0x0, 0x0, 0x0, 0x0, 0x0, 0x0, 0x1, 0x1, 0x1, 0x0, 0x0, 0x1, 0x35, 0x0, 
	0x8, 0x0, 0x0, 0x0, 0x0, 0x0, 0x0, 0x1, 0x1, 0x1, 0x0, 0x0, 0x1, 0x3d, 0x0, 0x10, 
	0x0, 0x0, 0x0, 0x0, 0x0, 0x0, 0x1, 0x1, 0x1, 0x0, 0x0, 0x1, 0x4d, 0x0, 0x11, 0x0, 
	0x0, 0x0, 0x0, 0x0, 0x0, 0x1, 0x1, 0x1, 0x0, 0x0, 0x1, 0x5e, 0x0, 0x12, 0x0, 0x0, 
	0x0, 0x0, 0x0, 0x0, 0x1, 0x1, 0x1, 0x0, 0x0, 0x1, 0x70, 0x0, 0xb, 0x0, 0x0, 0x0, 
	0x0, 0x0, 0x0, 0x1, 0x1, 0x1, 0x0, 0x0, 0x1, 0x7b, 0x0, 0x7, 0x0, 0x0, 0x0, 0x0, 
	0x0, 0x0, 0x1, 0x1, 0x1, 0x0, 0x0, 0x1, 0x82, 0x0, 0x6, 0x0, 0x0, 0x0, 0x0, 0x0, 
	0x0, 0x1, 0x1, 0x1, 0x0, 0x0, 0x1, 0x88, 0x0, 0xa, 0x0, 0x0, 0x0, 0x0, 0x0, 0x0, 
	0x1, 0x1, 0x1, 0x0, 0x0, 0x1, 0x92, 0x0, 0x3, 0x0, 0x0, 0x0, 0x0, 0x0, 0x0, 0x1, 
	0x1, 0x1, 0x0, 0x0, 0x1, 0x95, 0x0, 0x2, 0x0, 0x0, 0x0, 0x0, 0x0, 0x0, 0x1, 0x1, 
	0x1, 0x0, 0x0, 0x1, 0x97, 0x0, 0x7, 0x0, 0x0, 0x0, 0x0, 0x0, 0x0, 0x1, 0x1, 0x1, 
	0x0, 0x0, 0x1, 0x9e, 0x0, 0x4, 0x0, 0x0, 0x0, 0x0, 0x0, 0x0, 0x1, 0x1, 0x1, 0x0, 
	0x0, 0x1, 0xa2, 0x0, 0x7, 0x0, 0x0, 0x0, 0x0, 0x0, 0x0, 0x1, 0x1, 0x1, 0x0, 0x0, 
	0x1, 0xa9, 0x0, 0x9, 0x0, 0x0, 0x0, 0x0, 0x0, 0x0, 0x1, 0x1, 0x1, 0x0, 0x0, 0x1, 
	0xb2, 0x0, 0xa, 0x0, 0x0, 0x0, 0x0, 0x0, 0x0, 0x1, 0x1, 0x1, 0x0, 0x0, 0x1, 0xbc, 
	0x0, 0x8, 0x0, 0x0, 0x0, 0x0, 0x0, 0x0, 0x1, 0x1, 0x1, 0x0, 0x0, 0x1, 0xc4, 0x0, 
	0xa, 0x0, 0x0, 0x0, 0x0, 0x0, 0x0, 0x1, 0x1, 0x1, 0x0, 0x0, 0x1, 0xce, 0x0, 0x5, 
	0x0, 0x0, 0x0, 0x0, 0x0, 0x0, 0x1, 0x1, 0x1, 0x0, 0x0, 0x1, 0xd3, 0x0, 0x6, 0x0, 
	0x0, 0x0, 0x0, 0x0, 0x0, 0x1, 0x1, 0x1, 0x0, 0x0, 0x1, 0xd9, 0x0, 0x3, 0x0, 0x0, 
	0x0, 0x0, 0x0, 0x0, 0x1, 0x1, 0x1, 0x0, 0x0, 0x1, 0xdc, 0x0, 0xa, 0x0, 0x0, 0x0, 
	0x0, 0x0, 0x0, 0x1, 0x1, 0x1, 0x0, 0x0, 0x1, 0xe6, 0x0, 0xf, 0x0, 0x0, 0x0, 0x0, 
	0x0, 0x0, 0x1, 0x1, 0x1, 0x0, 0x0, 0x1, 0xf5, 0x0, 0xd, 0x0, 0x0, 0x0, 0x0, 0x0, 
	0x0, 0x1, 0x1, 0x1, 0x0, 0x0, 0x2, 0x2, 0x0, 0xc, 0x0, 0x0, 0x0, 0x0, 0x0, 0x0, 
	0x1, 0x1, 0x1, 0x0, 0x0, 0x2, 0xe, 0x0, 0xa, 0x0, 0x0, 0x0, 0x0, 0x0, 0x0, 0x1, 
	0x1, 0x1, 0x0, 0x0, 0x2, 0x18, 0x0, 0xa, 0x0, 0x0, 0x0, 0x0, 0x0, 0x0, 0x1, 0x1, 
	0x1, 0x0, 0x0, 0x2, 0x22, 0x0, 0xd, 0x0, 0x0, 0x0, 0x0, 0x0, 0x0, 0x1, 0x1, 0x1, 
	0x0, 0x0, 0x2, 0x2f, 0x0, 0xd, 0x0, 0x0, 0x0, 0x0, 0x0, 0x0, 0x1, 0x1, 0x1, 0x0, 
	0x0, 0x2, 0x3c, 0x0, 0xc, 0x0, 0x0, 0x0, 0x0, 0x0, 0x0, 0x1, 0x1, 0x1, 0x0, 0x0, 
	0x2, 0x48, 0x0, 0xe, 0x0, 0x0, 0x0, 0x0, 0x0, 0x0, 0x1, 0x1, 0x1, 0x0, 0x0, 0x2, 
	0x56, 0x0, 0xe, 0x0, 0x0, 0x0, 0x0, 0x0, 0x0, 0x1, 0x1, 0x1, 0x0, 0x0, 0x2, 0x64, 
	0x0, 0x9, 0x0, 0x0, 0x0, 0x0, 0x0, 0x0, 0x1, 0x1, 0x1, 0x0, 0x0, 0x2, 0x6d, 0x0, 
	0xa, 0x0, 0x0, 0x0, 0x0, 0x0, 0x0, 0x1, 0x1, 0x1, 0x0, 0x0, 0x2, 0x77, 0x0, 0xd, 
	0x0, 0x0, 0x0, 0x0, 0x0, 0x0, 0x1, 0x1, 0x1, 0x0, 0x0, 0x2, 0x84, 0x0, 0xd, 0x0, 
	0x0, 0x0, 0x0, 0x0, 0x0, 0x1, 0x1, 0x1, 0x0, 0x0, 0x2, 0x91, 0x0, 0xc, 0x0, 0x0, 
	0x0, 0x0, 0x0, 0x0, 0x1, 0x1, 0x1, 0x0, 0x0, 0x2, 0x9d, 0x0, 0xd, 0x0, 0x0, 0x0, 
	0x0, 0x0, 0x0, 0x1, 0x1, 0x1, 0x0, 0x0, 0x2, 0xaa, 0x0, 0xb, 0x0, 0x0, 0x0, 0x0, 
	0x0, 0x0, 0x1, 0x1, 0x1, 0x0, 0x0, 0x2, 0xb5, 0x0, 0x10, 0x0, 0x0, 0x0, 0x0, 0x0, 
	0x0, 0x1, 0x1, 0x1, 0x0, 0x0, 0x2, 0xc5, 0x0, 0x10, 0x0, 0x0, 0x0, 0x0, 0x0, 0x0, 
	0x1, 0x1, 0x1, 0x0, 0x0, 0x2, 0xd5, 0x0, 0x8, 0x0, 0x0, 0x0, 0x0, 0x0, 0x0, 0x1, 
	0x1, 0x1, 0x0, 0x0, 0x2, 0xdd, 0x0, 0xc, 0x0, 0x0, 0x0, 0x0, 0x0, 0x0, 0x1, 0x1, 
	0x1, 0x0, 0x0, 0x2, 0xe9, 0x0, 0xf, 0x0, 0x0, 0x0, 0x0, 0x0, 0x0, 0x1, 0x1, 0x1, 
	0x0, 0x0, 0x2, 0xf8, 0x0, 0x9, 0x0, 0x0, 0x0, 0x0, 0x0, 0x0, 0x1, 0x1, 0x1, 0x0, 
	0x0, 0x3, 0x1, 0x0, 0x6, 0x0, 0x0, 0x0, 0x0, 0x0, 0x0, 0x1, 0x1, 0x1, 0x0, 0x0, 
	0x3, 0x7, 0x0, 0x6, 0x0, 0x0, 0x0, 0x0, 0x0, 0x0, 0x1, 0x1, 0x1, 0x0, 0x0, 0x3, 
	0xd, 0x0, 0x8, 0x0, 0x0, 0x0, 0x0, 0x0, 0x0, 0x1, 0x1, 0x1, 0x0, 0x0, 0x3, 0x15, 
	0x0, 0x7, 0x0, 0x0, 0x0, 0x0, 0x0, 0x0, 0x1, 0x1, 0x1, 0x0, 0x0, 0x3, 0x1c, 0x0, 
	0x4, 0x0, 0x0, 0x0, 0x0, 0x0, 0x0, 0x1, 0x1, 0x1, 0x0, 0x0, 0x3, 0x20, 0x0, 0x13, 
	0x0, 0x0, 0x0, 0x0, 0x0, 0x0, 0x1, 0x1, 0x1, 0x0, 0x0, 0x3, 0x33, 0x0, 0xb, 0x0, 
	0x0, 0x0, 0x0, 0x0, 0x0, 0x1, 0x1, 0x1, 0x0, 0x0, 0x3, 0x3e, 0x0, 0x6, 0x0, 0x0, 
	0x0, 0x0, 0x0, 0x0, 0x1, 0x1, 0x1, 0x0, 0x0, 0x3, 0x44, 0x0, 0xa, 0x0, 0x0, 0x0, 
	0x0, 0x0, 0x0, 0x1, 0x1, 0x1, 0x0, 0x0, 0x3, 0x4e, 0x0, 0x6, 0x0, 0x0, 0x0, 0x0, 
	0x0, 0x0, 0x1, 0x1, 0x1, 0x0, 0x0, 0x3, 0x54, 0x0, 0x10, 0x0, 0x0, 0x0, 0x0, 0x0, 
	0x0, 0x1, 0x1, 0x1, 0x0, 0x0, 0x3, 0x64, 0x0, 0x13, 0x0, 0x0, 0x0, 0x0, 0x0, 0x0, 
	0x1, 0x1, 0x1, 0x0, 0x0, 0x3, 0x77, 0x0, 0xc, 0x0, 0x0, 0x0, 0x0, 0x0, 0x0, 0x1, 
	0x1, 0x1, 0x0, 0x0, 0x3, 0x83, 0x0, 0xf, 0x0, 0x0, 0x0, 0x0, 0x0, 0x0, 0x1, 0x1, 
	0x1, 0x0, 0x0, 0x3, 0x92, 0x0, 0x1b, 0x0, 0x0, 0x0, 0x0, 0x0, 0x0, 0x1, 0x1, 0x1, 
	0x0, 0x0, 0x3, 0xad, 0x0, 0x17, 0x0, 0x0, 0x0, 0x0, 0x0, 0x0, 0x1, 0x1, 0x1, 0x0, 
	0x0, 0x3, 0xc4, 0x0, 0x8, 0x0, 0x0, 0x0, 0x0, 0x0, 0x0, 0x3, 0xcc, 0x41, 0x42, 0x45, 
	0x4e, 0x54, 0x45, 0x55, 0x45, 0x52, 0x53, 0x4f, 0x55, 0x4e, 0x44, 0x4d, 0x55, 0x4c, 0x54, 0x49, 
	0x20, 0x4b, 0x4f, 0x4e, 0x47, 0x4d, 0x59, 0x53, 0x54, 0x45, 0x52, 0x49, 0x45, 0x4e, 0x4f, 0x50, 
	0x54, 0x49, 0x4f, 0x4e, 0x45, 0x4e, 0x53, 0x50, 0x49, 0x45, 0x4c, 0x20, 0x4c, 0xd6, 0x53, 0x43, 
	0x48, 0x45, 0x4e, 0x46, 0x52, 0x45, 0x49, 0x53, 0x50, 0x49, 0x45, 0x4c, 0x4c, 0xd6, 0x53, 0x43, 
	0x48, 0x45, 0x4e, 0x42, 0x49, 0x53, 0x54, 0x20, 0x44, 0x55, 0x20, 0x53, 0x49, 0x43, 0x48, 0x45, 
	0x52, 0x3f, 0x4e, 0x45, 0x49, 0x4e, 0x21, 0x4a, 0x41, 0x21, 0x4b, 0x4f, 0x4e, 0x47, 0x46, 0x52, 
	0x4f, 0x4e, 0x54, 0x41, 0x54, 0x49, 0x4f, 0x4e, 0x4b, 0x4f, 0x4e, 0x47, 0x20, 0x4b, 0x41, 0x4d, 
	0x50, 0x46, 0x41, 0x52, 0x45, 0x4e, 0x41, 0x53, 0x50, 0x49, 0x45, 0x4c, 0x4d, 0x4f, 0x44, 0x55, 
	0x53, 0x53, 0x55, 0x52, 0x56, 0x49, 0x56, 0x41, 0x4c, 0x4d, 0xdc, 0x4e, 0x5a, 0x4d, 0x41, 0x4e, 
	0x49, 0x41, 0x54, 0x4f, 0x50, 0x20, 0x53, 0x43, 0x4f, 0x52, 0x45, 0x43, 0x4f, 0x55, 0x4e, 0x54, 
	0x44, 0x4f, 0x57, 0x4e, 0x4d, 0xdc, 0x4e, 0x5a, 0x4a, 0x41, 0x47, 0x44, 0x45, 0x52, 0x4f, 0x42, 
	0x45, 0x52, 0x55, 0x4e, 0x47, 0x56, 0x45, 0x52, 0x53, 0x55, 0x43, 0x48, 0x56, 0x45, 0x52, 0x53, 
	0x55, 0x43, 0x48, 0x45, 0x4d, 0x49, 0x4e, 0x4d, 0x49, 0x4e, 0x50, 0x4c, 0x41, 0x54, 0x54, 0x45, 
	0x50, 0x4c, 0x41, 0x54, 0x54, 0x45, 0x4e, 0x44, 0x41, 0x52, 0x53, 0x54, 0x45, 0x4c, 0x4c, 0x55, 
	0x4e, 0x47, 0x56, 0x45, 0x52, 0x4c, 0x4f, 0x52, 0x45, 0x4e, 0x21, 0x47, 0x45, 0x57, 0x4f, 0x4e, 
	0x4e, 0x45, 0x4e, 0x21, 0x53, 0x43, 0x4f, 0x52, 0x45, 0x53, 0x4f, 0x55, 0x4e, 0x44, 0x41, 0x55, 
	0x53, 0x47, 0x41, 0x42, 0x45, 0x45, 0x46, 0x46, 0x45, 0x4b, 0x54, 0x45, 0x4d, 0x55, 0x53, 0x49, 
	0x4b, 0x52, 0x45, 0x53, 0x45, 0x54, 0x53, 0x54, 0x45, 0x52, 0x45, 0x4f, 0x4d, 0x4f, 0x4e, 0x4f, 
	0x53, 0x55, 0x52, 0x52, 0x4f, 0x55, 0x4e, 0x44, 0x4c, 0x41, 0x55, 0x54, 0x53, 0x54, 0xc4, 0x52, 
	0x4b, 0x45, 0x4f, 0x50, 0x54, 0x49, 0x4f, 0x4e, 0x45, 0x4e, 0x42, 0x49, 0x4c, 0x44, 0x53, 0x43, 
	0x48, 0x49, 0x52, 0x4d, 0x47, 0x52, 0xd6, 0x53, 0x53, 0x45, 0x5a, 0x57, 0x49, 0x53, 0x43, 0x48, 
	0x45, 0x4e, 0x53, 0x45, 0x51, 0x55, 0x45, 0x4e, 0x5a, 0x45, 0x4e, 0x48, 0x49, 0x47, 0x48, 0x53, 
	0x43, 0x4f, 0x52, 0x45, 0x53, 0x20, 0x4c, 0xd6, 0x53, 0x43, 0x48, 0x45, 0x4e, 0x4b, 0x4f, 0x4e, 
	0x47, 0x20, 0x4b, 0x41, 0x4d, 0x45, 0x52, 0x41, 0x53, 0x50, 0x52, 0x41, 0x43, 0x48, 0x45, 0x4e, 
	0x4f, 0x52, 0x4d, 0x41, 0x4c, 0x57, 0x49, 0x44, 0x45, 0x53, 0x43, 0x52, 0x45, 0x45, 0x4e, 0x41, 
	0x55, 0x53, 0x41, 0x4e, 0x44, 0x45, 0x55, 0x54, 0x53, 0x43, 0x48, 0x46, 0x52, 0x45, 0x49, 0x46, 
	0x4f, 0x4c, 0x47, 0x45, 0x4e, 0x44, 0x4d, 0x59, 0x53, 0x54, 0x45, 0x52, 0x49, 0x45, 0x4e, 0x44, 
	0x4b, 0x20, 0x54, 0x48, 0x45, 0x41, 0x54, 0x45, 0x52, 0x44, 0x4b, 0x20, 0x42, 0x4f, 0x4e, 0x55, 
	0x53, 0x42, 0x4f, 0x53, 0x53, 0x47, 0x45, 0x47, 0x4e, 0x45, 0x52, 0x4b, 0x41, 0x4d, 0x50, 0x46, 
	0x43, 0x48, 0x45, 0x41, 0x54, 0x53, 0x52, 0x41, 0x50, 0x45, 0x49, 0x4e, 0x4c, 0x45, 0x49, 0x54, 
	0x55, 0x4e, 0x47, 0x44, 0x53, 0x43, 0x48, 0x55, 0x4e, 0x47, 0x45, 0x4c, 0x20, 0x49, 0x4e, 0x54, 
	0x52, 0x4f, 0x41, 0x5a, 0x54, 0x45, 0x4b, 0x45, 0x4e, 0x20, 0x49, 0x4e, 0x54, 0x52, 0x4f, 0x46, 
	0x41, 0x42, 0x52, 0x49, 0x4b, 0x20, 0x49, 0x4e, 0x54, 0x52, 0x4f, 0x41, 0x51, 0x55, 0x41, 0x20, 
	0x49, 0x4e, 0x54, 0x52, 0x4f, 0x57, 0x41, 0x4c, 0x44, 0x20, 0x49, 0x4e, 0x54, 0x52, 0x4f, 0x4b, 
	0x41, 0x56, 0x45, 0x52, 0x4e, 0x45, 0x20, 0x49, 0x4e, 0x54, 0x52, 0x4f, 0x4b, 0x41, 0x53, 0x54, 
	0x45, 0x4c, 0x4c, 0x20, 0x49, 0x4e, 0x54, 0x52, 0x4f, 0x4b, 0x4f, 0x4d, 0x4d, 0x41, 0x4e, 0x44, 
	0x41, 0x4e, 0x54, 0x55, 0x52, 0x4b, 0x2e, 0x52, 0x4f, 0x4f, 0x4c, 0x53, 0x20, 0x41, 0x42, 0x47, 
	0x41, 0x4e, 0x47, 0x4b, 0x2e, 0x52, 0x4f, 0x4f, 0x4c, 0x53, 0x20, 0x46, 0x4c, 0x55, 0x43, 0x48, 
	0x54, 0x47, 0x41, 0x4d, 0x45, 0x20, 0x4f, 0x56, 0x45, 0x52, 0x45, 0x4e, 0x44, 0x53, 0x45, 0x51, 
	0x55, 0x45, 0x4e, 0x5a, 0x54, 0x52, 0x4f, 0x50, 0x45, 0x4e, 0x20, 0x54, 0x52, 0x55, 0x42, 0x45, 
	0x4c, 0x41, 0x5a, 0x54, 0x45, 0x4b, 0x45, 0x4e, 0x20, 0x41, 0x52, 0x45, 0x4e, 0x41, 0x46, 0x41, 
	0x42, 0x52, 0x49, 0x4b, 0x20, 0x46, 0x41, 0x54, 0x41, 0x4c, 0x41, 0x51, 0x55, 0x41, 0x20, 0x41, 
	0x4c, 0x50, 0x54, 0x52, 0x41, 0x55, 0x4d, 0x57, 0x55, 0x4e, 0x44, 0x45, 0x52, 0x20, 0x57, 0x41, 
	0x4c, 0x44, 0x4b, 0x52, 0x49, 0x53, 0x54, 0x41, 0x4c, 0x4c, 0x20, 0x4b, 0x41, 0x56, 0x45, 0x52, 
	0x4e, 0x45, 0x4b, 0x41, 0x4d, 0x49, 0x4b, 0x41, 0x5a, 0x45, 0x20, 0x4b, 0x41, 0x53, 0x54, 0x45, 
	0x4c, 0x4c, 0x45, 0x4e, 0x44, 0x4b, 0x41, 0x4d, 0x50, 0x46, 0x52, 0x41, 0x4d, 0x42, 0x49, 0x53, 
	0x20, 0x41, 0x52, 0x45, 0x4e, 0x41, 0x45, 0x4e, 0x47, 0x55, 0x41, 0x52, 0x44, 0x45, 0x53, 0x20, 
	0x41, 0x52, 0x45, 0x4e, 0x41, 0x44, 0x4b, 0x20, 0x41, 0x52, 0x43, 0x41, 0x44, 0x45, 0x4a, 0x45, 
	0x54, 0x50, 0x41, 0x43, 0x4d, 0xdc, 0x4e, 0x5a, 0x45, 0x4e, 0x4d, 0x55, 0x4e, 0x49, 0x54, 0x49, 
	0x4f, 0x4e, 0x4f, 0x52, 0x41, 0x4e, 0x47, 0x45, 0x4e, 0x46, 0x49, 0x4c, 0x4d, 0x4b, 0x52, 0x49, 
	0x53, 0x54, 0x41, 0x4c, 0x4c, 0x20, 0x4b, 0x4f, 0x4b, 0x4f, 0x53, 0x4e, 0xdc, 0x53, 0x53, 0x45, 
	0x49, 0x4e, 0x53, 0x54, 0x52, 0x55, 0x4d, 0x45, 0x4e, 0x54, 0x45, 0x47, 0x45, 0x53, 0x41, 0x4d, 
	0x54, 0x44, 0x45, 0x42, 0x55, 0x47, 0x20, 0x4d, 0x45, 0x4e, 0xdc, 0x4b, 0x52, 0x55, 0x53, 0x48, 
	0x41, 0x52, 0x41, 0x4d, 0x42, 0x49, 0x53, 0x20, 0x48, 0x49, 0x47, 0x48, 0x53, 0x43, 0x4f, 0x52, 
	0x45, 0x45, 0x4e, 0x47, 0x55, 0x41, 0x52, 0x44, 0x45, 0x53, 0x20, 0x48, 0x49, 0x47, 0x48, 0x53, 
	0x43, 0x4f, 0x52, 0x45, 0x52, 0x41, 0x4d, 0x42, 0x49, 0x53, 0x20, 0x41, 0x52, 0x45, 0x4e, 0x41, 
	0x45, 0x4e, 0x47, 0x55, 0x41, 0x52, 0x44, 0x45, 0x53, 0x20, 0x41, 0x52, 0x45, 0x4e, 0x41, 0x43, 
	0x4f, 0x4f, 0x4c, 0x21, 0x20, 0x47, 0x49, 0x42, 0x20, 0x44, 0x45, 0x49, 0x4e, 0x45, 0x4e, 0x20, 
	0x4e, 0x41, 0x4d, 0x45, 0x4e, 0x20, 0x45, 0x49, 0x4e, 0x21, 0x50, 0x45, 0x43, 0x48, 0x20, 0x47, 
	0x45, 0x48, 0x41, 0x42, 0x54, 0x3a, 0x20, 0x44, 0x45, 0x49, 0x4e, 0x20, 0x53, 0x43, 0x4f, 0x52, 
	0x45, 0x45, 0x4e, 0x44, 0x50, 0x55, 0x4e, 0x4b, 0x54, 
};
u8 text_38[] = {
	0xd, 0x1, 0x1, 0x1, 0x0, 0x0, 0x0, 0x0, 0x0, 0x9, 0x0, 0x0, 0x0, 0x0, 0x0, 0x0, 
	0x1, 0x1, 0x1, 0x0, 0x0, 0x0, 0x9, 0x0, 0x7, 0x0, 0x0, 0x0, 0x0, 0x0, 0x0, 0x1, 
	0x1, 0x1, 0x0, 0x0, 0x0, 0x10, 0x0, 0x7, 0x0, 0x0, 0x0, 0x0, 0x0, 0x0, 0x1, 0x1, 
	0x1, 0x0, 0x0, 0x0, 0x17, 0x0, 0xc, 0x0, 0x0, 0x0, 0x0, 0x0, 0x0, 0x1, 0x1, 0x1, 
	0x0, 0x0, 0x0, 0x23, 0x0, 0xa, 0x0, 0x0, 0x0, 0x0, 0x0, 0x0, 0x1, 0x1, 0x1, 0x0, 
	0x0, 0x0, 0x2d, 0x0, 0x2, 0x0, 0x0, 0x0, 0x0, 0x0, 0x0, 0x1, 0x1, 0x1, 0x0, 0x0, 
	0x0, 0x2f, 0x0, 0x2, 0x0, 0x0, 0x0, 0x0, 0x0, 0x0, 0x1, 0x1, 0x1, 0x0, 0x0, 0x0, 
	0x31, 0x0, 0x7, 0x0, 0x0, 0x0, 0x0, 0x0, 0x0, 0x1, 0x1, 0x1, 0x0, 0x0, 0x0, 0x38, 
	0x0, 0xd, 0x0, 0x0, 0x0, 0x0, 0x0, 0x0, 0x1, 0x1, 0x1, 0x0, 0x0, 0x0, 0x45, 0x0, 
	0x4, 0x0, 0x0, 0x0, 0x0, 0x0, 0x0, 0x1, 0x1, 0x1, 0x0, 0x0, 0x0, 0x49, 0x0, 0x7, 
	0x0, 0x0, 0x0, 0x0, 0x0, 0x0, 0x1, 0x1, 0x1, 0x0, 0x0, 0x0, 0x50, 0x0, 0x5, 0x0, 
	0x0, 0x0, 0x0, 0x0, 0x0, 0x1, 0x1, 0x1, 0x0, 0x0, 0x0, 0x55, 0x0, 0x3, 0x0, 0x0, 
	0x0, 0x0, 0x0, 0x0, 0x0, 0x58, 0x47, 0x45, 0x57, 0x49, 0x4e, 0x4e, 0x45, 0x52, 0x21, 0x5a, 
	0x57, 0x45, 0x49, 0x54, 0x45, 0x52, 0x44, 0x52, 0x49, 0x54, 0x54, 0x45, 0x52, 0x50, 0x45, 0x43, 
	0x48, 0x20, 0x47, 0x45, 0x48, 0x41, 0x42, 0x54, 0x21, 0x49, 0x4e, 0x20, 0x46, 0xdc, 0x48, 0x52, 
	0x55, 0x4e, 0x47, 0x32, 0x2e, 0x33, 0x2e, 0x4c, 0x45, 0x54, 0x5a, 0x54, 0x45, 0x52, 0x41, 0x55, 
	0x53, 0x47, 0x45, 0x53, 0x43, 0x48, 0x49, 0x45, 0x44, 0x45, 0x4e, 0x4c, 0x4f, 0x53, 0x21, 0x44, 
	0x41, 0x4e, 0x45, 0x42, 0x45, 0x4e, 0x52, 0x55, 0x4e, 0x44, 0x45, 0x56, 0x4f, 0x4e, 
};
u8 text_39[] = {
	0x35, 0x1, 0x1, 0x1, 0x0, 0x0, 0x0, 0x0, 0x0, 0xd, 0x0, 0x0, 0x0, 0x0, 0x0, 0x0, 
	0x1, 0x1, 0x1, 0x0, 0x0, 0x0, 0xd, 0x0, 0x14, 0x0, 0x0, 0x0, 0x0, 0x0, 0x0, 0x1, 
	0x1, 0x1, 0x0, 0x0, 0x0, 0x21, 0x0, 0x13, 0x0, 0x0, 0x0, 0x0, 0x0, 0x0, 0x1, 0x1, 
	0x1, 0x0, 0x0, 0x0, 0x34, 0x0, 0x1a, 0x0, 0x0, 0x0, 0x0, 0x0, 0x0, 0x1, 0x1, 0x1, 
	0x0, 0x0, 0x0, 0x4e, 0x0, 0x19, 0x0, 0x0, 0x0, 0x0, 0x0, 0x0, 0x1, 0x1, 0x1, 0x0, 
	0x0, 0x0, 0x67, 0x0, 0x1c, 0x0, 0x0, 0x0, 0x0, 0x0, 0x0, 0x1, 0x1, 0x1, 0x0, 0x0, 
	0x0, 0x83, 0x0, 0x10, 0x0, 0x0, 0x0, 0x0, 0x0, 0x0, 0x1, 0x1, 0x1, 0x0, 0x0, 0x0, 
	0x93, 0x0, 0x14, 0x0, 0x0, 0x0, 0x0, 0x0, 0x0, 0x1, 0x1, 0x1, 0x0, 0x0, 0x0, 0xa7, 
	0x0, 0xa, 0x0, 0x0, 0x0, 0x0, 0x0, 0x0, 0x1, 0x1, 0x1, 0x0, 0x0, 0x0, 0xb1, 0x0, 
	0x10, 0x0, 0x0, 0x0, 0x0, 0x0, 0x0, 0x1, 0x1, 0x1, 0x0, 0x0, 0x0, 0xc1, 0x0, 0xc, 
	0x0, 0x0, 0x0, 0x0, 0x0, 0x0, 0x1, 0x1, 0x1, 0x0, 0x0, 0x0, 0xcd, 0x0, 0x12, 0x0, 
	0x0, 0x0, 0x0, 0x0, 0x0, 0x1, 0x1, 0x1, 0x0, 0x0, 0x0, 0xdf, 0x0, 0x11, 0x0, 0x0, 
	0x0, 0x0, 0x0, 0x0, 0x1, 0x1, 0x1, 0x0, 0x0, 0x0, 0xf0, 0x0, 0x14, 0x0, 0x0, 0x0, 
	0x0, 0x0, 0x0, 0x1, 0x1, 0x1, 0x0, 0x0, 0x1, 0x4, 0x0, 0xe, 0x0, 0x0, 0x0, 0x0, 
	0x0, 0x0, 0x1, 0x1, 0x1, 0x0, 0x0, 0x1, 0x12, 0x0, 0x12, 0x0, 0x0, 0x0, 0x0, 0x0, 
	0x0, 0x1, 0x1, 0x1, 0x0, 0x0, 0x1, 0x24, 0x0, 0xe, 0x0, 0x0, 0x0, 0x0, 0x0, 0x0, 
	0x1, 0x1, 0x1, 0x0, 0x0, 0x1, 0x32, 0x0, 0x10, 0x0, 0x0, 0x0, 0x0, 0x0, 0x0, 0x1, 
	0x1, 0x1, 0x0, 0x0, 0x1, 0x42, 0x0, 0xd, 0x0, 0x0, 0x0, 0x0, 0x0, 0x0, 0x1, 0x1, 
	0x1, 0x0, 0x0, 0x1, 0x4f, 0x0, 0x10, 0x0, 0x0, 0x0, 0x0, 0x0, 0x0, 0x1, 0x1, 0x1, 
	0x0, 0x0, 0x1, 0x5f, 0x0, 0xc, 0x0, 0x0, 0x0, 0x0, 0x0, 0x0, 0x1, 0x1, 0x1, 0x0, 
	0x0, 0x1, 0x6b, 0x0, 0x11, 0x0, 0x0, 0x0, 0x0, 0x0, 0x0, 0x1, 0x1, 0x1, 0x0, 0x0, 
	0x1, 0x7c, 0x0, 0xe, 0x0, 0x0, 0x0, 0x0, 0x0, 0x0, 0x1, 0x1, 0x1, 0x0, 0x0, 0x1, 
	0x8a, 0x0, 0x10, 0x0, 0x0, 0x0, 0x0, 0x0, 0x0, 0x1, 0x1, 0x1, 0x0, 0x0, 0x1, 0x9a, 
	0x0, 0xb, 0x0, 0x0, 0x0, 0x0, 0x0, 0x0, 0x1, 0x1, 0x1, 0x0, 0x0, 0x1, 0xa5, 0x0, 
	0x11, 0x0, 0x0, 0x0, 0x0, 0x0, 0x0, 0x1, 0x1, 0x1, 0x0, 0x0, 0x1, 0xb6, 0x0, 0xa, 
	0x0, 0x0, 0x0, 0x0, 0x0, 0x0, 0x1, 0x1, 0x1, 0x0, 0x0, 0x1, 0xc0, 0x0, 0x14, 0x0, 
	0x0, 0x0, 0x0, 0x0, 0x0, 0x1, 0x1, 0x1, 0x0, 0x0, 0x1, 0xd4, 0x0, 0xb, 0x0, 0x0, 
	0x0, 0x0, 0x0, 0x0, 0x1, 0x1, 0x1, 0x0, 0x0, 0x1, 0xdf, 0x0, 0x16, 0x0, 0x0, 0x0, 
	0x0, 0x0, 0x0, 0x1, 0x1, 0x1, 0x0, 0x0, 0x1, 0xf5, 0x0, 0xc, 0x0, 0x0, 0x0, 0x0, 
	0x0, 0x0, 0x1, 0x1, 0x1, 0x0, 0x0, 0x2, 0x1, 0x0, 0x14, 0x0, 0x0, 0x0, 0x0, 0x0, 
	0x0, 0x1, 0x1, 0x1, 0x0, 0x0, 0x2, 0x15, 0x0, 0xe, 0x0, 0x0, 0x0, 0x0, 0x0, 0x0, 
	0x1, 0x1, 0x1, 0x0, 0x0, 0x2, 0x23, 0x0, 0x13, 0x0, 0x0, 0x0, 0x0, 0x0, 0x0, 0x1, 
	0x1, 0x1, 0x0, 0x0, 0x2, 0x36, 0x0, 0x11, 0x0, 0x0, 0x0, 0x0, 0x0, 0x0, 0x1, 0x1, 
	0x1, 0x0, 0x0, 0x2, 0x47, 0x0, 0x16, 0x0, 0x0, 0x0, 0x0, 0x0, 0x0, 0x1, 0x1, 0x1, 
	0x0, 0x0, 0x2, 0x5d, 0x0, 0xc, 0x0, 0x0, 0x0, 0x0, 0x0, 0x0, 0x1, 0x1, 0x1, 0x0, 
	0x0, 0x2, 0x69, 0x0, 0xf, 0x0, 0x0, 0x0, 0x0, 0x0, 0x0, 0x1, 0x1, 0x1, 0x0, 0x0, 
	0x2, 0x78, 0x0, 0xd, 0x0, 0x0, 0x0, 0x0, 0x0, 0x0, 0x1, 0x1, 0x1, 0x0, 0x0, 0x2, 
	0x85, 0x0, 0xc, 0x0, 0x0, 0x0, 0x0, 0x0, 0x0, 0x1, 0x1, 0x1, 0x0, 0x0, 0x2, 0x91, 
	0x0, 0x11, 0x0, 0x0, 0x0, 0x0, 0x0, 0x0, 0x1, 0x1, 0x1, 0x0, 0x0, 0x2, 0xa2, 0x0, 
	0xa, 0x0, 0x0, 0x0, 0x0, 0x0, 0x0, 0x1, 0x1, 0x1, 0x0, 0x0, 0x2, 0xac, 0x0, 0xf, 
	0x0, 0x0, 0x0, 0x0, 0x0, 0x0, 0x1, 0x1, 0x1, 0x0, 0x0, 0x2, 0xbb, 0x0, 0x10, 0x0, 
	0x0, 0x0, 0x0, 0x0, 0x0, 0x1, 0x1, 0x1, 0x0, 0x0, 0x2, 0xcb, 0x0, 0x11, 0x0, 0x0, 
	0x0, 0x0, 0x0, 0x0, 0x1, 0x1, 0x1, 0x0, 0x0, 0x2, 0xdc, 0x0, 0xf, 0x0, 0x0, 0x0, 
	0x0, 0x0, 0x0, 0x1, 0x1, 0x1, 0x0, 0x0, 0x2, 0xeb, 0x0, 0x1e, 0x0, 0x0, 0x0, 0x0, 
	0x0, 0x0, 0x1, 0x1, 0x1, 0x0, 0x0, 0x3, 0x9, 0x0, 0x19, 0x0, 0x0, 0x0, 0x0, 0x0, 
	0x0, 0x1, 0x1, 0x1, 0x0, 0x0, 0x3, 0x22, 0x0, 0x1d, 0x0, 0x0, 0x0, 0x0, 0x0, 0x0, 
	0x1, 0x1, 0x1, 0x0, 0x0, 0x3, 0x3f, 0x0, 0x1e, 0x0, 0x0, 0x0, 0x0, 0x0, 0x0, 0x1, 
	0x1, 0x1, 0x0, 0x0, 0x3, 0x5d, 0x0, 0x9, 0x0, 0x0, 0x0, 0x0, 0x0, 0x0, 0x1, 0x1, 
	0x1, 0x0, 0x0, 0x3, 0x66, 0x0, 0x16, 0x0, 0x0, 0x0, 0x0, 0x0, 0x0, 0x1, 0x1, 0x1, 
	0x0, 0x0, 0x3, 0x7c, 0x0, 0x16, 0x0, 0x0, 0x0, 0x0, 0x0, 0x0, 0x3, 0x92, 0x50, 0x52, 
	0x49, 0x4d, 0x41, 0x54, 0x45, 0x4e, 0x50, 0x4f, 0x57, 0x45, 0x52, 0x28, 0x4b, 0x52, 0x41, 0x46, 
	0x54, 0x55, 0x53, 0x20, 0x50, 0x52, 0x49, 0x4d, 0x41, 0x54, 0x49, 0x4b, 0x55, 0x53, 0x29, 0x53, 
	0x55, 0x50, 0x45, 0x52, 0x20, 0x50, 0x52, 0x49, 0x4d, 0x41, 0x54, 0x45, 0x4e, 0x50, 0x4f, 0x57, 
	0x45, 0x52, 0x28, 0x45, 0x58, 0x54, 0x52, 0x41, 0x20, 0x4b, 0x52, 0x41, 0x46, 0x54, 0x55, 0x53, 
	0x20, 0x50, 0x52, 0x49, 0x4d, 0x41, 0x54, 0x49, 0x4b, 0x55, 0x53, 0x29, 0x53, 0x55, 0x50, 0x45, 
	0x52, 0x20, 0x44, 0x55, 0x50, 0x45, 0x52, 0x20, 0x50, 0x52, 0x49, 0x4d, 0x41, 0x54, 0x45, 0x4e, 
	0x50, 0x4f, 0x57, 0x45, 0x52, 0x28, 0x4d, 0x41, 0x58, 0x49, 0x4d, 0x55, 0x53, 0x20, 0x4b, 0x52, 
	0x41, 0x46, 0x54, 0x55, 0x53, 0x20, 0x50, 0x52, 0x49, 0x4d, 0x41, 0x54, 0x49, 0x4b, 0x55, 0x53, 
	0x29, 0x50, 0x41, 0x56, 0x49, 0x41, 0x4e, 0x20, 0x50, 0x45, 0x52, 0x50, 0x4c, 0x45, 0x58, 0x45, 
	0x52, 0x28, 0x50, 0x41, 0x56, 0x49, 0x41, 0x4e, 0x55, 0x53, 0x20, 0x50, 0x45, 0x52, 0x50, 0x4c, 
	0x45, 0x58, 0x55, 0x53, 0x29, 0x4b, 0x4f, 0x4e, 0x47, 0x20, 0x50, 0x4f, 0x57, 0x45, 0x52, 0x28, 
	0x4b, 0x52, 0x41, 0x46, 0x54, 0x55, 0x53, 0x20, 0x4b, 0x4f, 0x4e, 0x47, 0x55, 0x53, 0x29, 0x47, 
	0x4f, 0x52, 0x49, 0x4c, 0x4c, 0x41, 0x47, 0x52, 0x49, 0x46, 0x46, 0x28, 0x47, 0x4f, 0x52, 0x49, 
	0x4c, 0x4c, 0x55, 0x53, 0x20, 0x48, 0x45, 0x42, 0x55, 0x4c, 0x55, 0x53, 0x29, 0x53, 0x43, 0x48, 
	0x49, 0x4d, 0x53, 0x43, 0x48, 0x55, 0x20, 0x52, 0x45, 0x4d, 0x50, 0x4c, 0x45, 0x52, 0x28, 0x42, 
	0x45, 0x57, 0x45, 0x47, 0x55, 0x4d, 0x20, 0x42, 0x45, 0x52, 0x53, 0x45, 0x52, 0x4b, 0x49, 0x55, 
	0x4d, 0x29, 0x52, 0x41, 0x4b, 0x45, 0x54, 0x45, 0x4e, 0x20, 0x52, 0x4f, 0x43, 0x4b, 0x45, 0x52, 
	0x28, 0x4c, 0x55, 0x46, 0x54, 0x49, 0x4b, 0x55, 0x53, 0x20, 0x4d, 0x41, 0x58, 0x49, 0x4d, 0x55, 
	0x53, 0x29, 0x50, 0x52, 0x49, 0x4d, 0x41, 0x54, 0x45, 0x4e, 0x53, 0x50, 0x52, 0x55, 0x4e, 0x47, 
	0x28, 0x48, 0xdc, 0x50, 0x46, 0x55, 0x53, 0x20, 0x4f, 0x50, 0x54, 0x49, 0x4d, 0x55, 0x53, 0x29, 
	0x4f, 0x52, 0x41, 0x4e, 0x47, 0x2d, 0x55, 0x2d, 0x53, 0x54, 0x41, 0x4e, 0x44, 0x28, 0x50, 0x41, 
	0x4c, 0x4d, 0x55, 0x53, 0x20, 0x50, 0x45, 0x44, 0x55, 0x4c, 0x55, 0x53, 0x29, 0x4b, 0x4f, 0x4e, 
	0x47, 0x20, 0x42, 0x41, 0x4c, 0x4c, 0x4f, 0x4e, 0x47, 0x28, 0x42, 0x41, 0x4c, 0x4c, 0x4f, 0x4e, 
	0x55, 0x53, 0x20, 0x4b, 0x4f, 0x4e, 0x47, 0x55, 0x53, 0x29, 0x4f, 0x52, 0x41, 0x4e, 0x47, 0x2d, 
	0x55, 0x2d, 0x53, 0x50, 0x52, 0x49, 0x4e, 0x54, 0x28, 0x50, 0x41, 0x4c, 0x4d, 0x55, 0x53, 0x20, 
	0x46, 0x4c, 0x49, 0x54, 0x5a, 0x55, 0x53, 0x29, 0x4b, 0x4c, 0x45, 0x49, 0x4e, 0x49, 0x2d, 0x54, 
	0x49, 0x4e, 0x59, 0x28, 0x4b, 0x4c, 0x49, 0x54, 0x5a, 0x55, 0x53, 0x20, 0x4b, 0x4c, 0x45, 0x49, 
	0x4e, 0x55, 0x53, 0x29, 0x57, 0x49, 0x52, 0x42, 0x45, 0x4c, 0x57, 0x49, 0x4e, 0x44, 0x28, 0x50, 
	0x52, 0x4f, 0x50, 0x45, 0x4c, 0x4c, 0x55, 0x53, 0x20, 0x4c, 0x55, 0x46, 0x54, 0x49, 0x4b, 0x55, 
	0x53, 0x29, 0x50, 0x52, 0x49, 0x4d, 0x41, 0x54, 0x4f, 0x50, 0x4f, 0x52, 0x54, 0x28, 0x54, 0x45, 
	0x4c, 0x45, 0x50, 0x4f, 0x52, 0x54, 0x55, 0x53, 0x20, 0x50, 0x45, 0x52, 0x46, 0x45, 0x43, 0x54, 
	0x55, 0x53, 0x29, 0x47, 0x49, 0x47, 0x41, 0x20, 0x47, 0x4f, 0x52, 0x49, 0x4c, 0x4c, 0x41, 0x28, 
	0x4b, 0x52, 0x45, 0x4d, 0x4c, 0x49, 0x4e, 0x55, 0x53, 0x20, 0x4b, 0x41, 0x50, 0x55, 0x54, 0x54, 
	0x55, 0x53, 0x29, 0x50, 0x52, 0x49, 0x4d, 0x41, 0x54, 0x45, 0x4e, 0x20, 0x50, 0x55, 0x4e, 0x43, 
	0x48, 0x28, 0x4b, 0x41, 0x50, 0x55, 0x54, 0x54, 0x55, 0x53, 0x20, 0x44, 0x55, 0x50, 0x4c, 0x45, 
	0x58, 0x55, 0x53, 0x29, 0x41, 0x53, 0x54, 0x52, 0x41, 0x4c, 0x41, 0x56, 0x49, 0x53, 0x54, 0x41, 
	0x20, 0x42, 0x41, 0x42, 0x59, 0x28, 0x41, 0x46, 0x46, 0x55, 0x53, 0x20, 0x56, 0x45, 0x52, 0x53, 
	0x43, 0x48, 0x57, 0x49, 0x4e, 0x44, 0x49, 0x42, 0x55, 0x53, 0x29, 0x4b, 0x4f, 0x4b, 0x4f, 0x53, 
	0x2d, 0x4b, 0x41, 0x4e, 0x4f, 0x4e, 0x45, 0x50, 0x45, 0x41, 0x4e, 0x55, 0x54, 0x2d, 0x50, 0x49, 
	0x53, 0x54, 0x4f, 0x4c, 0x45, 0x4e, 0x54, 0x52, 0x41, 0x55, 0x42, 0x45, 0x4e, 0x2d, 0x54, 0x52, 
	0xd6, 0x54, 0x45, 0x46, 0x45, 0x44, 0x45, 0x52, 0x2d, 0x46, 0x4c, 0x49, 0x54, 0x5a, 0x45, 0x41, 
	0x4e, 0x41, 0x4e, 0x41, 0x53, 0x2d, 0x41, 0x54, 0x4f, 0x4d, 0x49, 0x53, 0x41, 0x54, 0x4f, 0x52, 
	0x42, 0x4f, 0x4f, 0x4d, 0x2d, 0x42, 0x4f, 0x4e, 0x47, 0x4f, 0x4b, 0x52, 0x41, 0x57, 0x41, 0x4c, 
	0x4c, 0x2d, 0x4b, 0x4c, 0x41, 0x4d, 0x50, 0x46, 0x45, 0x50, 0x52, 0x49, 0x4d, 0x41, 0x54, 0x45, 
	0x4e, 0x2d, 0x50, 0x4f, 0x53, 0x41, 0x55, 0x4e, 0x45, 0x53, 0x41, 0x42, 0x4f, 0x54, 0x41, 0x47, 
	0x45, 0x2d, 0x53, 0x41, 0x58, 0x4f, 0x50, 0x48, 0x4f, 0x4e, 0x54, 0x45, 0x52, 0x52, 0x4f, 0x52, 
	0x2d, 0x54, 0x52, 0x49, 0x41, 0x4e, 0x47, 0x45, 0x4c, 0x41, 0x4c, 0x4c, 0x45, 0x20, 0x4b, 0x4f, 
	0x4e, 0x47, 0x53, 0x20, 0x2d, 0x20, 0x5a, 0x49, 0x45, 0x4c, 0x53, 0x55, 0x43, 0x48, 0x2d, 0x4d, 
	0x55, 0x4e, 0x49, 0x54, 0x49, 0x4f, 0x4e, 0x41, 0x4c, 0x4c, 0x45, 0x20, 0x4b, 0x4f, 0x4e, 0x47, 
	0x53, 0x20, 0x2d, 0x20, 0x5a, 0x49, 0x45, 0x4c, 0x46, 0x45, 0x52, 0x4e, 0x52, 0x4f, 0x48, 0x52, 
	0x41, 0x4c, 0x4c, 0x45, 0x20, 0x4b, 0x4f, 0x4e, 0x47, 0x53, 0x2d, 0x20, 0x4d, 0x55, 0x4e, 0x49, 
	0x54, 0x49, 0x4f, 0x4e, 0x53, 0x47, 0xdc, 0x52, 0x54, 0x45, 0x4c, 0x20, 0x31, 0x41, 0x4c, 0x4c, 
	0x45, 0x20, 0x4b, 0x4f, 0x4e, 0x47, 0x53, 0x20, 0x2d, 0x20, 0x4d, 0x55, 0x4e, 0x49, 0x54, 0x49, 
	0x4f, 0x4e, 0x53, 0x47, 0xdc, 0x52, 0x54, 0x45, 0x4c, 0x20, 0x32, 0x33, 0x2e, 0x20, 0x4d, 0x45, 
	0x4c, 0x4f, 0x4e, 0x45, 0x41, 0x4c, 0x4c, 0x45, 0x20, 0x4b, 0x4f, 0x4e, 0x47, 0x53, 0x20, 0x2d, 
	0x20, 0x55, 0x50, 0x47, 0x52, 0x41, 0x44, 0x45, 0x20, 0x31, 0x41, 0x4c, 0x4c, 0x45, 0x20, 0x4b, 
	0x4f, 0x4e, 0x47, 0x53, 0x20, 0x2d, 0x20, 0x55, 0x50, 0x47, 0x52, 0x41, 0x44, 0x45, 0x20, 0x32, 
};
u8 text_40[] = {
	0x6, 0x1, 0x1, 0x1, 0x0, 0x0, 0x0, 0x0, 0x0, 0x78, 0x0, 0x0, 0x0, 0x0, 0x0, 0x0, 
	0x1, 0x1, 0x1, 0x0, 0x0, 0x0, 0x78, 0x0, 0x57, 0x0, 0x0, 0x0, 0x0, 0x0, 0x0, 0x1, 
	0x1, 0x1, 0x0, 0x0, 0x0, 0xcf, 0x0, 0x1, 0x0, 0x0, 0x0, 0x0, 0x0, 0x0, 0x1, 0x1, 
	0x1, 0x0, 0x0, 0x0, 0xd0, 0x0, 0x1, 0x0, 0x0, 0x0, 0x0, 0x0, 0x0, 0x1, 0x1, 0x1, 
	0x0, 0x0, 0x0, 0xd1, 0x0, 0x1, 0x0, 0x0, 0x0, 0x0, 0x0, 0x0, 0x1, 0x1, 0x1, 0x0, 
	0x0, 0x0, 0xd2, 0x0, 0x1, 0x0, 0x0, 0x0, 0x0, 0x0, 0x0, 0x0, 0xd3, 0x7e, 0x21, 0x20, 
	0x44, 0x55, 0x20, 0x48, 0x41, 0x53, 0x54, 0x20, 0x45, 0x53, 0x20, 0x47, 0x45, 0x53, 0x43, 0x48, 
	0x41, 0x46, 0x46, 0x54, 0x2c, 0x20, 0x7e, 0x21, 0x20, 0x41, 0x4c, 0x4c, 0x45, 0x20, 0x42, 0x41, 
	0x4e, 0x41, 0x4e, 0x45, 0x4e, 0x46, 0x45, 0x45, 0x4e, 0x20, 0x53, 0x49, 0x4e, 0x44, 0x20, 0x47, 
	0x45, 0x52, 0x45, 0x54, 0x54, 0x45, 0x54, 0x20, 0x55, 0x4e, 0x44, 0x20, 0x45, 0x53, 0x20, 0x48, 
	0x45, 0x52, 0x52, 0x53, 0x43, 0x48, 0x54, 0x20, 0x57, 0x49, 0x45, 0x44, 0x45, 0x52, 0x20, 0x46, 
	0x52, 0x49, 0x45, 0x44, 0x45, 0x4e, 0x20, 0x41, 0x55, 0x46, 0x20, 0x55, 0x4e, 0x53, 0x45, 0x52, 
	0x45, 0x52, 0x20, 0x49, 0x4e, 0x53, 0x45, 0x4c, 0x21, 0x20, 0x44, 0x41, 0x4e, 0x4b, 0x45, 0x53, 
	0x43, 0x48, 0xd6, 0x4e, 0x21, 0x7e, 0x21, 0x20, 0x4e, 0x4f, 0x43, 0x48, 0x20, 0x4d, 0x41, 0x4c, 
	0x20, 0x44, 0x41, 0x4e, 0x4b, 0x45, 0x53, 0x43, 0x48, 0xd6, 0x4e, 0x21, 0x20, 0x44, 0x41, 0x53, 
	0x20, 0x4b, 0xd6, 0x4e, 0x49, 0x47, 0x52, 0x45, 0x49, 0x43, 0x48, 0x20, 0x44, 0x45, 0x52, 0x20, 
	0x42, 0x41, 0x4e, 0x41, 0x4e, 0x45, 0x4e, 0x46, 0x45, 0x45, 0x4e, 0x20, 0x57, 0x49, 0x52, 0x44, 
	0x20, 0x45, 0x55, 0x43, 0x48, 0x20, 0x41, 0x55, 0x46, 0x20, 0x45, 0x57, 0x49, 0x47, 0x20, 0x44, 
	0x41, 0x4e, 0x4b, 0x42, 0x41, 0x52, 0x20, 0x53, 0x45, 0x49, 0x4e, 0x21, 0x21, 0x21, 0x21, 0x21, 
};
u8 text_41[] = {
	0x24, 0x1, 0x1, 0x4, 0x0, 0x0, 0x0, 0x0, 0x0, 0x39, 0x0, 0x0, 0x0, 0x0, 0x0, 0x39, 
	0x0, 0x62, 0x0, 0x0, 0x0, 0x0, 0x0, 0x9b, 0x0, 0x83, 0x0, 0x0, 0x0, 0x0, 0x1, 0x1e, 
	0x0, 0x20, 0x0, 0x0, 0x0, 0x0, 0x0, 0x0, 0x1, 0x1, 0x1, 0x0, 0x0, 0x1, 0x3e, 0x0, 
	0x5b, 0x0, 0x0, 0x0, 0x0, 0x0, 0x0, 0x1, 0x1, 0x1, 0x0, 0x0, 0x1, 0x99, 0x0, 0x4c, 
	0x0, 0x0, 0x0, 0x0, 0x0, 0x0, 0x1, 0x1, 0x1, 0x0, 0x0, 0x1, 0xe5, 0x0, 0x66, 0x0, 
	0x0, 0x0, 0x0, 0x0, 0x0, 0x1, 0x1, 0x1, 0x0, 0x0, 0x2, 0x4b, 0x0, 0x46, 0x0, 0x0, 
	0x0, 0x0, 0x0, 0x0, 0x1, 0x1, 0x1, 0x0, 0x0, 0x2, 0x91, 0x0, 0x53, 0x0, 0x0, 0x0, 
	0x0, 0x0, 0x0, 0x1, 0x1, 0x1, 0x0, 0x0, 0x2, 0xe4, 0x0, 0x3f, 0x0, 0x0, 0x0, 0x0, 
	0x0, 0x0, 0x1, 0x1, 0x1, 0x0, 0x0, 0x3, 0x23, 0x0, 0x67, 0x0, 0x0, 0x0, 0x0, 0x0, 
	0x0, 0x1, 0x1, 0x1, 0x0, 0x0, 0x3, 0x8a, 0x0, 0x47, 0x0, 0x0, 0x0, 0x0, 0x0, 0x0, 
	0x1, 0x1, 0x1, 0x0, 0x0, 0x3, 0xd1, 0x0, 0x4d, 0x0, 0x0, 0x0, 0x0, 0x0, 0x0, 0x1, 
	0x1, 0x1, 0x0, 0x0, 0x4, 0x1e, 0x0, 0x60, 0x0, 0x0, 0x0, 0x0, 0x0, 0x0, 0x1, 0x1, 
	0x1, 0x0, 0x0, 0x4, 0x7e, 0x0, 0x4f, 0x0, 0x0, 0x0, 0x0, 0x0, 0x0, 0x1, 0x1, 0x1, 
	0x0, 0x0, 0x4, 0xcd, 0x0, 0x54, 0x0, 0x0, 0x0, 0x0, 0x0, 0x0, 0x1, 0x1, 0x1, 0x0, 
	0x0, 0x5, 0x21, 0x0, 0x43, 0x0, 0x0, 0x0, 0x0, 0x0, 0x0, 0x1, 0x1, 0x1, 0x0, 0x0, 
	0x5, 0x64, 0x0, 0x2e, 0x0, 0x0, 0x0, 0x0, 0x0, 0x0, 0x1, 0x1, 0x1, 0x0, 0x0, 0x5, 
	0x92, 0x0, 0x58, 0x0, 0x0, 0x0, 0x0, 0x0, 0x0, 0x1, 0x1, 0x1, 0x0, 0x0, 0x5, 0xea, 
	0x0, 0x39, 0x0, 0x0, 0x0, 0x0, 0x0, 0x0, 0x1, 0x1, 0x1, 0x0, 0x0, 0x6, 0x23, 0x0, 
	0x3f, 0x0, 0x0, 0x0, 0x0, 0x0, 0x0, 0x1, 0x1, 0x1, 0x0, 0x0, 0x6, 0x62, 0x0, 0x4b, 
	0x0, 0x0, 0x0, 0x0, 0x0, 0x0, 0x1, 0x1, 0x1, 0x0, 0x0, 0x6, 0xad, 0x0, 0x56, 0x0, 
	0x0, 0x0, 0x0, 0x0, 0x0, 0x1, 0x1, 0x1, 0x0, 0x0, 0x7, 0x3, 0x0, 0x4c, 0x0, 0x0, 
	0x0, 0x0, 0x0, 0x0, 0x1, 0x1, 0x1, 0x0, 0x0, 0x7, 0x4f, 0x0, 0x31, 0x0, 0x0, 0x0, 
	0x0, 0x0, 0x0, 0x1, 0x1, 0x1, 0x0, 0x0, 0x7, 0x80, 0x0, 0x3e, 0x0, 0x0, 0x0, 0x0, 
	0x0, 0x0, 0x1, 0x1, 0x1, 0x0, 0x0, 0x7, 0xbe, 0x0, 0x65, 0x0, 0x0, 0x0, 0x0, 0x0, 
	0x0, 0x1, 0x1, 0x1, 0x0, 0x0, 0x8, 0x23, 0x0, 0x49, 0x0, 0x0, 0x0, 0x0, 0x0, 0x0, 
	0x1, 0x1, 0x1, 0x0, 0x0, 0x8, 0x6c, 0x0, 0x4d, 0x0, 0x0, 0x0, 0x0, 0x0, 0x0, 0x1, 
	0x1, 0x1, 0x0, 0x0, 0x8, 0xb9, 0x0, 0x4b, 0x0, 0x0, 0x0, 0x0, 0x0, 0x0, 0x1, 0x1, 
	0x1, 0x0, 0x0, 0x9, 0x4, 0x0, 0x48, 0x0, 0x0, 0x0, 0x0, 0x0, 0x0, 0x1, 0x1, 0x1, 
	0x0, 0x0, 0x9, 0x4c, 0x0, 0x6b, 0x0, 0x0, 0x0, 0x0, 0x0, 0x0, 0x1, 0x1, 0x1, 0x0, 
	0x0, 0x9, 0xb7, 0x0, 0x49, 0x0, 0x0, 0x0, 0x0, 0x0, 0x0, 0x1, 0x1, 0x1, 0x0, 0x0, 
	0xa, 0x0, 0x0, 0x3c, 0x0, 0x0, 0x0, 0x0, 0x0, 0x0, 0x1, 0x1, 0x1, 0x0, 0x0, 0xa, 
	0x3c, 0x0, 0x76, 0x0, 0x0, 0x0, 0x0, 0x0, 0x0, 0x1, 0x1, 0x1, 0x0, 0x0, 0xa, 0xb2, 
	0x0, 0x4b, 0x0, 0x0, 0x0, 0x0, 0x0, 0x0, 0x1, 0x1, 0x1, 0x0, 0x0, 0xa, 0xfd, 0x0, 
	0x58, 0x0, 0x0, 0x0, 0x0, 0x0, 0x0, 0x1, 0x1, 0x1, 0x0, 0x0, 0xb, 0x55, 0x0, 0x47, 
	0x0, 0x0, 0x0, 0x0, 0x0, 0x0, 0x1, 0x1, 0x1, 0x0, 0x0, 0xb, 0x9c, 0x0, 0x49, 0x0, 
	0x0, 0x0, 0x0, 0x0, 0x0, 0xb, 0xe5, 0x4b, 0x45, 0x49, 0x4e, 0x45, 0x20, 0x41, 0x4e, 0x47, 
	0x53, 0x54, 0x2c, 0x20, 0x4d, 0x45, 0x49, 0x4e, 0x45, 0x20, 0x4b, 0x4c, 0x45, 0x49, 0x4e, 0x45, 
	0x4e, 0x21, 0x20, 0x49, 0x43, 0x48, 0x20, 0x42, 0x49, 0x4e, 0x20, 0x45, 0x53, 0x20, 0x4e, 0x55, 
	0x52, 0x2c, 0x20, 0x57, 0x52, 0x49, 0x4e, 0x4b, 0x4c, 0x59, 0x20, 0x4b, 0x4f, 0x4e, 0x47, 0x21, 
	0x41, 0x55, 0x43, 0x48, 0x20, 0x57, 0x45, 0x4e, 0x4e, 0x20, 0x45, 0x55, 0x43, 0x48, 0x20, 0x4d, 
	0x45, 0x49, 0x4e, 0x20, 0x4b, 0xd6, 0x52, 0x50, 0x45, 0x52, 0x20, 0x4e, 0x41, 0x43, 0x48, 0x20, 
	0x44, 0x4b, 0x43, 0x33, 0x20, 0x56, 0x45, 0x52, 0x4c, 0x41, 0x53, 0x53, 0x45, 0x4e, 0x20, 0x48, 
	0x41, 0x54, 0x2c, 0x20, 0x47, 0x45, 0x42, 0x45, 0x20, 0x49, 0x43, 0x48, 0x20, 0x45, 0x55, 0x43, 
	0x48, 0x20, 0x55, 0x4e, 0x54, 0x45, 0x52, 0x53, 0x54, 0xdc, 0x54, 0x5a, 0x55, 0x4e, 0x47, 0x20, 
	0x41, 0x55, 0x53, 0x20, 0x44, 0x45, 0x4d, 0x20, 0x4a, 0x45, 0x4e, 0x53, 0x45, 0x49, 0x54, 0x53, 
	0x21, 0x20, 0x4d, 0x49, 0x54, 0x20, 0x4d, 0x45, 0x49, 0x4e, 0x45, 0x4e, 0x20, 0xdc, 0x42, 0x45, 
	0x52, 0x4e, 0x41, 0x54, 0xdc, 0x52, 0x4c, 0x49, 0x43, 0x48, 0x45, 0x4e, 0x20, 0x4b, 0x52, 0xc4, 
	0x46, 0x54, 0x45, 0x4e, 0x20, 0x4b, 0x41, 0x4e, 0x4e, 0x20, 0x49, 0x43, 0x48, 0x20, 0x41, 0x55, 
	0x46, 0x53, 0x50, 0xdc, 0x52, 0x45, 0x4e, 0x2c, 0x20, 0x57, 0x4f, 0x20, 0x44, 0x45, 0x52, 0x20, 
	0x53, 0x43, 0x48, 0x55, 0x46, 0x54, 0x20, 0x4b, 0x2e, 0x20, 0x52, 0x4f, 0x4f, 0x4c, 0x20, 0x45, 
	0x49, 0x4e, 0x49, 0x47, 0x45, 0x20, 0x45, 0x55, 0x52, 0x45, 0x52, 0x20, 0x4b, 0x4f, 0x53, 0x54, 
	0x42, 0x41, 0x52, 0x45, 0x4e, 0x20, 0x47, 0x4f, 0x4c, 0x44, 0x45, 0x4e, 0x45, 0x4e, 0x20, 0x42, 
	0x41, 0x4e, 0x41, 0x4e, 0x45, 0x4e, 0x20, 0x56, 0x45, 0x52, 0x53, 0x54, 0x45, 0x43, 0x4b, 0x54, 
	0x20, 0x48, 0x41, 0x54, 0x21, 0x48, 0x41, 0x42, 0x54, 0x20, 0x4b, 0x45, 0x49, 0x4e, 0x45, 0x20, 
	0x53, 0x43, 0x48, 0x45, 0x55, 0x2c, 0x20, 0x4d, 0x45, 0x49, 0x4e, 0x45, 0x20, 0x4b, 0x4c, 0x45, 
	0x49, 0x4e, 0x45, 0x4e, 0x21, 0x48, 0x4f, 0x4c, 0x20, 0x44, 0x49, 0x52, 0x20, 0x44, 0x4f, 0x4e, 
	0x4b, 0x45, 0x59, 0x53, 0x20, 0x4b, 0x4f, 0x4b, 0x4f, 0x53, 0x2d, 0x4b, 0x41, 0x4e, 0x4f, 0x4e, 
	0x45, 0x20, 0x41, 0x55, 0x53, 0x20, 0x46, 0x55, 0x4e, 0x4b, 0x59, 0x53, 0x20, 0x4c, 0x41, 0x44, 
	0x45, 0x4e, 0x20, 0x55, 0x4e, 0x44, 0x20, 0x53, 0x43, 0x48, 0x49, 0x45, 0x53, 0x53, 0x20, 0x44, 
	0x41, 0x4d, 0x49, 0x54, 0x20, 0x41, 0x55, 0x46, 0x20, 0x44, 0x49, 0x45, 0x20, 0x4b, 0x4f, 0x4b, 
	0x4f, 0x53, 0x4e, 0x55, 0x53, 0x53, 0x20, 0x53, 0x43, 0x48, 0x41, 0x4c, 0x54, 0x45, 0x52, 0x21, 
	0x53, 0x43, 0x48, 0x49, 0x45, 0x53, 0x53, 0x20, 0x41, 0x55, 0x46, 0x20, 0x44, 0x45, 0x4e, 0x20, 
	0x53, 0x43, 0x48, 0x41, 0x4c, 0x54, 0x45, 0x52, 0x20, 0x49, 0x4e, 0x20, 0x44, 0x49, 0x44, 0x44, 
	0x59, 0x53, 0x20, 0x4d, 0x49, 0x4e, 0x45, 0x2c, 0x20, 0x55, 0x4d, 0x20, 0x45, 0x49, 0x4e, 0x45, 
	0x4e, 0x20, 0x47, 0x45, 0x48, 0x45, 0x49, 0x4d, 0x45, 0x4e, 0x20, 0x50, 0x46, 0x41, 0x44, 0x20, 
	0x5a, 0x55, 0x20, 0x45, 0x52, 0x48, 0x41, 0x4c, 0x54, 0x45, 0x4e, 0x21, 0x4d, 0x49, 0x54, 0x20, 
	0x44, 0x49, 0x44, 0x44, 0x59, 0x20, 0x4b, 0x41, 0x4e, 0x4e, 0x53, 0x54, 0x20, 0x44, 0x55, 0x20, 
	0x4c, 0x41, 0x4e, 0x4b, 0x59, 0x53, 0x20, 0x48, 0xd6, 0x48, 0x4c, 0x45, 0x20, 0xd6, 0x46, 0x46, 
	0x4e, 0x45, 0x4e, 0x21, 0x20, 0x44, 0x52, 0x49, 0x4e, 0x4e, 0x45, 0x4e, 0x20, 0x53, 0x50, 0x52, 
	0x49, 0x4e, 0x47, 0x53, 0x54, 0x20, 0x44, 0x55, 0x20, 0x41, 0x55, 0x46, 0x20, 0x44, 0x49, 0x45, 
	0x20, 0x50, 0x46, 0x4f, 0x53, 0x54, 0x45, 0x4e, 0x20, 0x55, 0x4e, 0x44, 0x20, 0x45, 0x52, 0x4c, 
	0x45, 0x44, 0x49, 0x47, 0x53, 0x54, 0x20, 0x44, 0x49, 0x45, 0x20, 0x5a, 0x49, 0x4e, 0x47, 0x45, 
	0x52, 0x21, 0x47, 0x45, 0x48, 0x20, 0x5a, 0x55, 0x20, 0x43, 0x52, 0x41, 0x4e, 0x4b, 0x59, 0x21, 
	0x20, 0x4f, 0x48, 0x4e, 0x45, 0x20, 0x53, 0x45, 0x49, 0x4e, 0x45, 0x20, 0x48, 0x49, 0x4c, 0x46, 
	0x45, 0x20, 0x57, 0x49, 0x52, 0x44, 0x20, 0x54, 0x49, 0x4e, 0x59, 0x20, 0x4e, 0x49, 0x45, 0x20, 
	0x49, 0x4e, 0x20, 0x44, 0x45, 0x4e, 0x20, 0x42, 0x41, 0x55, 0x4d, 0x53, 0x54, 0x41, 0x4d, 0x4d, 
	0x20, 0x50, 0x41, 0x53, 0x53, 0x45, 0x4e, 0x21, 0x44, 0x41, 0x53, 0x20, 0x58, 0x20, 0x47, 0x49, 
	0x42, 0x54, 0x20, 0x44, 0x49, 0x45, 0x20, 0x53, 0x54, 0x45, 0x4c, 0x4c, 0x45, 0x20, 0x56, 0x4f, 
	0x52, 0x2c, 0x20, 0x41, 0x4e, 0x20, 0x44, 0x45, 0x52, 0x20, 0x43, 0x48, 0x55, 0x4e, 0x4b, 0x59, 
	0x20, 0x47, 0x45, 0x4c, 0x45, 0x47, 0x45, 0x4e, 0x48, 0x45, 0x49, 0x54, 0x20, 0x48, 0x41, 0x54, 
	0x2c, 0x20, 0x53, 0x45, 0x49, 0x4e, 0x20, 0x47, 0x45, 0x57, 0x49, 0x43, 0x48, 0x54, 0x20, 0x45, 
	0x49, 0x4e, 0x5a, 0x55, 0x53, 0x45, 0x54, 0x5a, 0x45, 0x4e, 0x21, 0x42, 0x45, 0x46, 0x52, 0x45, 
	0x49, 0x45, 0x20, 0x44, 0x41, 0x53, 0x20, 0x4c, 0x41, 0x4d, 0x41, 0x2c, 0x20, 0x49, 0x4e, 0x44, 
	0x45, 0x4d, 0x20, 0x44, 0x55, 0x20, 0x44, 0x4f, 0x4e, 0x4b, 0x45, 0x59, 0x53, 0x20, 0x4b, 0x41, 
	0x4e, 0x4f, 0x4e, 0x45, 0x4e, 0x46, 0x41, 0x53, 0x53, 0x20, 0x4b, 0x55, 0x52, 0x53, 0x20, 0x56, 
	0x4f, 0x4c, 0x4c, 0x45, 0x4e, 0x44, 0x45, 0x53, 0x54, 0x21, 0x42, 0x52, 0x49, 0x4e, 0x47, 0x45, 
	0x20, 0x44, 0x49, 0x45, 0x20, 0x47, 0x4f, 0x4e, 0x47, 0x53, 0x20, 0x4d, 0x49, 0x54, 0x20, 0x44, 
	0x49, 0x44, 0x44, 0x59, 0x53, 0x20, 0x53, 0x43, 0x48, 0x49, 0x4d, 0x53, 0x43, 0x48, 0x55, 0x20, 
	0x52, 0x45, 0x4d, 0x50, 0x4c, 0x45, 0x52, 0x20, 0x5a, 0x55, 0x4d, 0x20, 0x45, 0x52, 0x54, 0xd6, 
	0x4e, 0x45, 0x4e, 0x21, 0x20, 0x44, 0x41, 0x4e, 0x4e, 0x20, 0x45, 0x4e, 0x54, 0x44, 0x45, 0x43, 
	0x4b, 0x53, 0x54, 0x20, 0x44, 0x55, 0x20, 0x56, 0x45, 0x52, 0x53, 0x54, 0x45, 0x43, 0x4b, 0x54, 
	0x45, 0x20, 0xdc, 0x42, 0x45, 0x52, 0x52, 0x41, 0x53, 0x43, 0x48, 0x55, 0x4e, 0x47, 0x45, 0x4e, 
	0x21, 0x46, 0x49, 0x4e, 0x44, 0x45, 0x20, 0x44, 0x49, 0x45, 0x20, 0x52, 0x49, 0x43, 0x48, 0x54, 
	0x49, 0x47, 0x45, 0x4e, 0x20, 0x4b, 0x4c, 0xc4, 0x4e, 0x47, 0x45, 0x20, 0x4d, 0x49, 0x54, 0x20, 
	0x4c, 0x41, 0x4e, 0x4b, 0x59, 0x20, 0x49, 0x4d, 0x20, 0x48, 0x49, 0x4e, 0x54, 0x45, 0x52, 0x45, 
	0x4e, 0x20, 0x54, 0x45, 0x49, 0x4c, 0x20, 0x44, 0x45, 0x53, 0x20, 0x4c, 0x41, 0x4d, 0x41, 0x2d, 
	0x54, 0x45, 0x4d, 0x50, 0x45, 0x4c, 0x53, 0x21, 0x54, 0x49, 0x4e, 0x59, 0x20, 0x53, 0x4f, 0x4c, 
	0x4c, 0x54, 0x45, 0x20, 0x4b, 0x4c, 0x45, 0x49, 0x4e, 0x20, 0x53, 0x45, 0x49, 0x4e, 0x2c, 0x20, 
	0x57, 0x45, 0x4e, 0x4e, 0x20, 0x53, 0x49, 0x45, 0x20, 0x49, 0x48, 0x52, 0x45, 0x20, 0x4d, 0x45, 
	0x4c, 0x4f, 0x44, 0x49, 0x45, 0x20, 0x49, 0x4e, 0x20, 0x44, 0x45, 0x52, 0x20, 0x4e, 0xc4, 0x48, 
	0x45, 0x20, 0x44, 0x45, 0x52, 0x20, 0x34, 0x20, 0x47, 0x4f, 0x4e, 0x47, 0x53, 0x20, 0x53, 0x50, 
	0x49, 0x45, 0x4c, 0x54, 0x21, 0x4f, 0x52, 0x44, 0x4e, 0x45, 0x20, 0x44, 0x49, 0x45, 0x20, 0x4b, 
	0x41, 0x4e, 0x4e, 0x45, 0x4e, 0x20, 0x44, 0x45, 0x4e, 0x20, 0x45, 0x4e, 0x54, 0x53, 0x50, 0x52, 
	0x45, 0x43, 0x48, 0x45, 0x4e, 0x44, 0x45, 0x4e, 0x20, 0x4d, 0x41, 0x52, 0x4b, 0x49, 0x45, 0x52, 
	0x55, 0x4e, 0x47, 0x45, 0x4e, 0x20, 0x5a, 0x55, 0x2c, 0x20, 0x57, 0x45, 0x4e, 0x4e, 0x20, 0x44, 
	0x55, 0x20, 0x49, 0x4e, 0x20, 0x43, 0x48, 0x55, 0x4e, 0x4b, 0x59, 0x53, 0x20, 0x48, 0xd6, 0x48, 
	0x4c, 0x45, 0x20, 0x42, 0x45, 0x49, 0x4d, 0x20, 0x45, 0x49, 0x4e, 0x47, 0x41, 0x4e, 0x47, 0x20, 
	0x42, 0x49, 0x53, 0x54, 0x21, 0x44, 0x4f, 0x4e, 0x4b, 0x45, 0x59, 0x20, 0x4d, 0x55, 0x53, 0x53, 
	0x20, 0x49, 0x4e, 0x20, 0x44, 0x41, 0x53, 0x20, 0x4f, 0x42, 0x45, 0x52, 0x53, 0x54, 0x45, 0x20, 
	0x53, 0x54, 0x4f, 0x43, 0x4b, 0x57, 0x45, 0x52, 0x4b, 0x20, 0x4b, 0x4c, 0x45, 0x54, 0x54, 0x45, 
	0x52, 0x4e, 0x2c, 0x20, 0x55, 0x4d, 0x20, 0x4c, 0x45, 0x42, 0x45, 0x4e, 0x20, 0x49, 0x4e, 0x20, 
	0x44, 0x49, 0x45, 0x20, 0x42, 0x55, 0x44, 0x45, 0x20, 0x5a, 0x55, 0x20, 0x42, 0x52, 0x49, 0x4e, 
	0x47, 0x45, 0x4e, 0x21, 0x43, 0x52, 0x41, 0x4e, 0x4b, 0x59, 0x53, 0x20, 0x50, 0x52, 0x49, 0x4d, 
	0x41, 0x54, 0x45, 0x4e, 0x53, 0x50, 0x52, 0x55, 0x4e, 0x47, 0x20, 0x45, 0x52, 0x4d, 0xd6, 0x47, 
	0x4c, 0x49, 0x43, 0x48, 0x54, 0x20, 0x44, 0x49, 0x44, 0x44, 0x59, 0x2c, 0x20, 0x44, 0x41, 0x53, 
	0x20, 0x4f, 0x42, 0x45, 0x52, 0x45, 0x20, 0x45, 0x4e, 0x44, 0x45, 0x20, 0x44, 0x45, 0x52, 0x20, 
	0x41, 0x42, 0x43, 0x2d, 0x42, 0x4c, 0xd6, 0x43, 0x4b, 0x45, 0x20, 0x5a, 0x55, 0x20, 0x45, 0x52, 
	0x52, 0x45, 0x49, 0x43, 0x48, 0x45, 0x4e, 0x21, 0x4c, 0x41, 0x4e, 0x4b, 0x59, 0x53, 0x20, 0x4f, 
	0x52, 0x41, 0x4e, 0x47, 0x2d, 0x55, 0x2d, 0x53, 0x54, 0x41, 0x4e, 0x44, 0x20, 0x56, 0x45, 0x52, 
	0x48, 0x49, 0x4c, 0x46, 0x54, 0x20, 0x43, 0x48, 0x55, 0x4e, 0x4b, 0x59, 0x20, 0x5a, 0x55, 0x20, 
	0x45, 0x49, 0x4e, 0x45, 0x4d, 0x20, 0x53, 0x49, 0x43, 0x48, 0x45, 0x52, 0x45, 0x4e, 0x20, 0x56, 
	0x4f, 0x52, 0x41, 0x4e, 0x4b, 0x4f, 0x4d, 0x4d, 0x45, 0x4e, 0x21, 0x43, 0x52, 0x41, 0x4e, 0x4b, 
	0x59, 0x20, 0x4b, 0x41, 0x4e, 0x4e, 0x20, 0x54, 0x49, 0x4e, 0x59, 0x20, 0x48, 0x45, 0x4c, 0x46, 
	0x45, 0x4e, 0x2c, 0x20, 0x4d, 0x41, 0x44, 0x20, 0x4a, 0x41, 0x43, 0x4b, 0x20, 0x5a, 0x55, 0x20, 
	0x53, 0x43, 0x48, 0x4c, 0x41, 0x47, 0x45, 0x4e, 0x21, 0x45, 0x49, 0x4e, 0x49, 0x47, 0x45, 0x20, 
	0x56, 0x4f, 0x4e, 0x20, 0x4b, 0x2e, 0x52, 0x4f, 0x4f, 0x4c, 0x53, 0x20, 0x47, 0x49, 0x54, 0x54, 
	0x45, 0x52, 0x54, 0xdc, 0x52, 0x45, 0x4e, 0x20, 0x53, 0x49, 0x4e, 0x44, 0x20, 0x5a, 0x55, 0x20, 
	0x49, 0x4e, 0x53, 0x54, 0x41, 0x42, 0x49, 0x4c, 0x2c, 0x20, 0x55, 0x4d, 0x20, 0x43, 0x48, 0x55, 
	0x4e, 0x4b, 0x59, 0x53, 0x20, 0x50, 0x52, 0x49, 0x4d, 0x41, 0x54, 0x45, 0x4e, 0x50, 0x55, 0x4e, 
	0x43, 0x48, 0x20, 0x53, 0x54, 0x41, 0x4e, 0x44, 0x5a, 0x55, 0x48, 0x41, 0x4c, 0x54, 0x45, 0x4e, 
	0x21, 0x57, 0x45, 0x4e, 0x4e, 0x20, 0x44, 0x45, 0x52, 0x20, 0x53, 0x45, 0x45, 0x48, 0x55, 0x4e, 
	0x44, 0x20, 0x42, 0x45, 0x46, 0x52, 0x45, 0x49, 0x54, 0x20, 0x49, 0x53, 0x54, 0x2c, 0x20, 0x57, 
	0x41, 0x52, 0x54, 0x45, 0x54, 0x20, 0x45, 0x52, 0x20, 0x42, 0x45, 0x49, 0x20, 0x43, 0x41, 0x4e, 
	0x44, 0x59, 0x20, 0x41, 0x55, 0x46, 0x20, 0x44, 0x4b, 0x21, 0x4b, 0x4c, 0x45, 0x54, 0x54, 0x45, 
	0x52, 0x45, 0x20, 0x41, 0x4e, 0x20, 0x42, 0x4f, 0x52, 0x44, 0x20, 0x55, 0x4e, 0x44, 0x20, 0x5a, 
	0xdc, 0x4e, 0x44, 0x45, 0x20, 0x44, 0x49, 0x45, 0x20, 0x4b, 0x41, 0x4e, 0x4f, 0x4e, 0x45, 0x2c, 
	0x20, 0x57, 0x45, 0x4e, 0x4e, 0x20, 0x44, 0x41, 0x53, 0x20, 0x53, 0x43, 0x48, 0x49, 0x46, 0x46, 
	0x20, 0x41, 0x4e, 0x4b, 0x4f, 0x4d, 0x4d, 0x54, 0x21, 0x53, 0x50, 0x52, 0x49, 0x4e, 0x47, 0x20, 
	0x4d, 0x49, 0x54, 0x20, 0x45, 0x4e, 0x47, 0x55, 0x41, 0x52, 0x44, 0x45, 0x20, 0x44, 0x55, 0x52, 
	0x43, 0x48, 0x20, 0x44, 0x49, 0x45, 0x20, 0x53, 0x54, 0x45, 0x52, 0x4e, 0x45, 0x2c, 0x20, 0x55, 
	0x4e, 0x44, 0x20, 0x44, 0x49, 0x45, 0x20, 0x53, 0x43, 0x48, 0x41, 0x54, 0x5a, 0x54, 0x52, 0x55, 
	0x48, 0x45, 0x20, 0x57, 0x49, 0x52, 0x44, 0x20, 0x53, 0x49, 0x43, 0x48, 0x20, 0xd6, 0x46, 0x46, 
	0x4e, 0x45, 0x4e, 0x21, 0x55, 0x4e, 0x54, 0x45, 0x52, 0x48, 0x41, 0x4c, 0x42, 0x20, 0x56, 0x4f, 
	0x4e, 0x20, 0x46, 0x55, 0x4e, 0x4b, 0x59, 0x53, 0x20, 0x48, 0xdc, 0x54, 0x54, 0x45, 0x20, 0x46, 
	0x49, 0x4e, 0x44, 0x45, 0x53, 0x54, 0x20, 0x44, 0x55, 0x20, 0x45, 0x49, 0x4e, 0x20, 0x55, 0x2d, 
	0x42, 0x4f, 0x4f, 0x54, 0x21, 0x20, 0x53, 0x55, 0x43, 0x48, 0x45, 0x20, 0x4d, 0x49, 0x54, 0x20, 
	0x54, 0x49, 0x4e, 0x59, 0x20, 0x45, 0x49, 0x4e, 0x45, 0x4e, 0x20, 0x57, 0x45, 0x47, 0x20, 0x49, 
	0x4e, 0x53, 0x20, 0x49, 0x4e, 0x4e, 0x45, 0x52, 0x45, 0x21, 0x43, 0x48, 0x55, 0x4e, 0x4b, 0x59, 
	0x20, 0x42, 0x52, 0x41, 0x55, 0x43, 0x48, 0x54, 0x20, 0x4b, 0x45, 0x49, 0x4e, 0x45, 0x4e, 0x20, 
	0x53, 0x43, 0x48, 0x4c, 0xdc, 0x53, 0x53, 0x45, 0x4c, 0x2c, 0x20, 0x55, 0x4d, 0x20, 0x44, 0x49, 
	0x45, 0x20, 0x4b, 0x49, 0x53, 0x54, 0x45, 0x4e, 0x20, 0x4e, 0x41, 0x48, 0x45, 0x20, 0x43, 0x52, 
	0x41, 0x4e, 0x4b, 0x59, 0x53, 0x20, 0x4c, 0x41, 0x42, 0x4f, 0x52, 0x20, 0x5a, 0x55, 0x20, 0xd6, 
	0x46, 0x46, 0x4e, 0x45, 0x4e, 0x21, 0x32, 0x31, 0x31, 0x33, 0x32, 0x20, 0x49, 0x53, 0x54, 0x20, 
	0x45, 0x49, 0x4e, 0x45, 0x20, 0x5a, 0x41, 0x48, 0x4c, 0x2c, 0x20, 0x44, 0x49, 0x45, 0x20, 0x44, 
	0x4b, 0x20, 0x4e, 0xdc, 0x54, 0x5a, 0x4c, 0x49, 0x43, 0x48, 0x20, 0x53, 0x45, 0x49, 0x4e, 0x20, 
	0x4b, 0xd6, 0x4e, 0x4e, 0x54, 0x45, 0x21, 0x4d, 0x41, 0x43, 0x48, 0x20, 0x4d, 0x49, 0x54, 0x20, 
	0x44, 0x49, 0x44, 0x44, 0x59, 0x20, 0x45, 0x49, 0x4e, 0x45, 0x20, 0x4c, 0x55, 0x46, 0x54, 0x49, 
	0x47, 0x45, 0x20, 0x52, 0x45, 0x49, 0x53, 0x45, 0x20, 0x5a, 0x55, 0x52, 0x20, 0x53, 0x50, 0x49, 
	0x54, 0x5a, 0x45, 0x20, 0x44, 0x45, 0x53, 0x20, 0x52, 0x49, 0x45, 0x53, 0x45, 0x4e, 0x50, 0x49, 
	0x4c, 0x5a, 0x45, 0x53, 0x21, 0x49, 0x4e, 0x20, 0x45, 0x49, 0x4e, 0x45, 0x4d, 0x20, 0x44, 0x45, 
	0x52, 0x20, 0x52, 0xc4, 0x55, 0x4d, 0x45, 0x20, 0x49, 0x4e, 0x20, 0x44, 0x45, 0x52, 0x20, 0x53, 
	0x50, 0x49, 0x54, 0x5a, 0x45, 0x20, 0x44, 0x45, 0x53, 0x20, 0x52, 0x49, 0x45, 0x53, 0x45, 0x4e, 
	0x50, 0x49, 0x4c, 0x5a, 0x45, 0x53, 0x20, 0x45, 0x52, 0x48, 0xc4, 0x4c, 0x54, 0x20, 0x4c, 0x41, 
	0x4e, 0x4b, 0x59, 0x20, 0x44, 0x55, 0x52, 0x43, 0x48, 0x20, 0x44, 0x49, 0x45, 0x20, 0x42, 0x41, 
	0x4e, 0x41, 0x4e, 0x45, 0x4e, 0x46, 0x41, 0x52, 0x42, 0x45, 0x4e, 0x20, 0x45, 0x49, 0x4e, 0x45, 
	0x4e, 0x20, 0x48, 0x49, 0x4e, 0x57, 0x45, 0x49, 0x53, 0x21, 0x4e, 0x55, 0x52, 0x20, 0x4d, 0x49, 
	0x54, 0x20, 0x43, 0x48, 0x55, 0x4e, 0x4b, 0x59, 0x53, 0x20, 0x48, 0x49, 0x4c, 0x46, 0x45, 0x20, 
	0x4b, 0x41, 0x4e, 0x4e, 0x20, 0x4b, 0x4c, 0x45, 0x49, 0x4e, 0x49, 0x2d, 0x54, 0x49, 0x4e, 0x59, 
	0x20, 0x42, 0x45, 0x49, 0x20, 0x4e, 0x41, 0x43, 0x48, 0x54, 0x20, 0x49, 0x4e, 0x20, 0x44, 0x49, 
	0x45, 0x20, 0x53, 0x43, 0x48, 0x45, 0x55, 0x4e, 0x45, 0x20, 0x47, 0x45, 0x4c, 0x41, 0x4e, 0x47, 
	0x45, 0x4e, 0x21, 0x53, 0x54, 0x41, 0x54, 0x54, 0x20, 0x45, 0x49, 0x4e, 0x20, 0x50, 0x41, 0x41, 
	0x52, 0x20, 0x4d, 0xdc, 0x4e, 0x5a, 0x45, 0x4e, 0x20, 0x53, 0x4f, 0x4c, 0x4c, 0x54, 0x45, 0x53, 
	0x54, 0x20, 0x44, 0x55, 0x20, 0x4c, 0x49, 0x45, 0x42, 0x45, 0x52, 0x20, 0x43, 0x48, 0x55, 0x4e, 
	0x4b, 0x59, 0x20, 0x49, 0x4e, 0x20, 0x44, 0x45, 0x4e, 0x20, 0x42, 0x52, 0x55, 0x4e, 0x4e, 0x45, 
	0x4e, 0x20, 0x46, 0x41, 0x4c, 0x4c, 0x45, 0x4e, 0x20, 0x4c, 0x41, 0x53, 0x53, 0x45, 0x4e, 0x21, 
	0x53, 0x55, 0x43, 0x48, 0x45, 0x20, 0x4a, 0x45, 0x57, 0x45, 0x49, 0x4c, 0x53, 0x20, 0x5a, 0x57, 
	0x45, 0x49, 0x20, 0x44, 0x45, 0x52, 0x20, 0x47, 0x4c, 0x45, 0x49, 0x43, 0x48, 0x45, 0x4e, 0x20, 
	0x42, 0x49, 0x4c, 0x44, 0x45, 0x52, 0x20, 0x49, 0x4d, 0x20, 0x41, 0x42, 0x47, 0x45, 0x44, 0x52, 
	0x45, 0x48, 0x54, 0x45, 0x4e, 0x20, 0x20, 0x42, 0x4c, 0x4f, 0x43, 0x4b, 0x48, 0x41, 0x55, 0x53, 
	0x20, 0x42, 0x45, 0x49, 0x20, 0x43, 0x41, 0x4e, 0x44, 0x59, 0x21, 0x46, 0x4c, 0x49, 0x45, 0x47, 
	0x45, 0x20, 0x4d, 0x49, 0x54, 0x20, 0x44, 0x49, 0x44, 0x44, 0x59, 0x20, 0x44, 0x55, 0x52, 0x43, 
	0x48, 0x20, 0x44, 0x45, 0x4e, 0x20, 0x53, 0x54, 0x45, 0x52, 0x4e, 0x2c, 0x20, 0x44, 0x41, 0x4e, 
	0x4e, 0x20, 0x45, 0x52, 0xd6, 0x46, 0x46, 0x4e, 0x45, 0x4e, 0x20, 0x53, 0x49, 0x43, 0x48, 0x20, 
	0x4e, 0x45, 0x55, 0x45, 0x20, 0x4d, 0xd6, 0x47, 0x4c, 0x49, 0x43, 0x48, 0x4b, 0x45, 0x49, 0x54, 
	0x45, 0x4e, 0x21, 0x4c, 0x41, 0x53, 0x53, 0x20, 0x44, 0x49, 0x43, 0x48, 0x20, 0x42, 0x49, 0x53, 
	0x20, 0x5a, 0x55, 0x52, 0x20, 0x53, 0x50, 0x49, 0x54, 0x5a, 0x45, 0x20, 0x44, 0x45, 0x53, 0x20, 
	0x45, 0x49, 0x53, 0x53, 0x43, 0x48, 0x4c, 0x4f, 0x53, 0x53, 0x45, 0x53, 0x20, 0x54, 0x52, 0x45, 
	0x49, 0x42, 0x45, 0x4e, 0x2c, 0x20, 0x55, 0x4d, 0x20, 0x45, 0x49, 0x4e, 0x20, 0x57, 0x49, 0x45, 
	0x44, 0x45, 0x52, 0x53, 0x45, 0x48, 0x45, 0x4e, 0x20, 0x4d, 0x49, 0x54, 0x20, 0x44, 0x45, 0x4d, 
	0x20, 0x52, 0x55, 0x54, 0x53, 0x43, 0x48, 0x45, 0x4e, 0x44, 0x45, 0x4e, 0x20, 0x4b, 0xc4, 0x46, 
	0x45, 0x52, 0x20, 0x5a, 0x55, 0x20, 0x45, 0x52, 0x4c, 0x45, 0x42, 0x45, 0x4e, 0x21, 0x54, 0x49, 
	0x4e, 0x59, 0x20, 0x42, 0x52, 0x41, 0x55, 0x43, 0x48, 0x54, 0x20, 0x44, 0x45, 0x4e, 0x20, 0x50, 
	0x52, 0x49, 0x4d, 0x41, 0x54, 0x4f, 0x50, 0x4f, 0x52, 0x54, 0x20, 0x55, 0x4d, 0x20, 0x41, 0x4e, 
	0x20, 0x44, 0x49, 0x45, 0x20, 0x42, 0x41, 0x4e, 0x41, 0x4e, 0x45, 0x20, 0x55, 0x4e, 0x54, 0x45, 
	0x52, 0x20, 0x44, 0x45, 0x4d, 0x20, 0x49, 0x47, 0x4c, 0x55, 0x20, 0x5a, 0x55, 0x20, 0x47, 0x45, 
	0x4c, 0x41, 0x4e, 0x47, 0x45, 0x4e, 0x21, 0x43, 0x48, 0x55, 0x4e, 0x4b, 0x59, 0x20, 0x57, 0x49, 
	0x52, 0x44, 0x20, 0x41, 0x4e, 0x20, 0x44, 0x45, 0x4e, 0x20, 0x45, 0x49, 0x53, 0x57, 0xc4, 0x4e, 
	0x44, 0x45, 0x4e, 0x20, 0x44, 0x55, 0x52, 0x43, 0x48, 0x53, 0x43, 0x48, 0x4c, 0x41, 0x47, 0x45, 
	0x4e, 0x44, 0x45, 0x20, 0x45, 0x52, 0x46, 0x4f, 0x4c, 0x47, 0x45, 0x20, 0x46, 0x45, 0x49, 0x45, 
	0x52, 0x4e, 0x21, 0x5a, 0x49, 0x45, 0x48, 0x20, 0x49, 0x4e, 0x20, 0x55, 0x4d, 0x47, 0x45, 0x4b, 
	0x45, 0x48, 0x52, 0x54, 0x45, 0x52, 0x20, 0x52, 0x45, 0x49, 0x48, 0x45, 0x4e, 0x46, 0x4f, 0x4c, 
	0x47, 0x45, 0x20, 0x41, 0x4e, 0x20, 0x44, 0x45, 0x4e, 0x20, 0x48, 0x45, 0x42, 0x45, 0x4c, 0x4e, 
	0x20, 0x4c, 0x49, 0x4e, 0x4b, 0x53, 0x20, 0x55, 0x4e, 0x54, 0x45, 0x4e, 0x2c, 0x20, 0x4f, 0x42, 
	0x45, 0x4e, 0x20, 0x52, 0x45, 0x43, 0x48, 0x54, 0x53, 0x20, 0x55, 0x4e, 0x44, 0x20, 0x4f, 0x42, 
	0x45, 0x4e, 0x20, 0x4c, 0x49, 0x4e, 0x4b, 0x53, 0x2c, 0x20, 0x55, 0x4d, 0x20, 0x44, 0x45, 0x4e, 
	0x20, 0x57, 0x45, 0x47, 0x20, 0x46, 0xdc, 0x52, 0x20, 0x44, 0x4b, 0x20, 0x46, 0x52, 0x45, 0x49, 
	0x5a, 0x55, 0x4d, 0x41, 0x43, 0x48, 0x45, 0x4e, 0x21, 0x53, 0xc4, 0x55, 0x42, 0x45, 0x52, 0x45, 
	0x20, 0x44, 0x45, 0x4e, 0x20, 0x42, 0x41, 0x4c, 0x4c, 0x53, 0x41, 0x41, 0x4c, 0x20, 0x56, 0x4f, 
	0x4e, 0x20, 0x47, 0x45, 0x49, 0x53, 0x54, 0x45, 0x52, 0x4e, 0x20, 0x55, 0x4e, 0x44, 0x20, 0x5a, 
	0xdc, 0x4e, 0x44, 0x45, 0x20, 0x44, 0x49, 0x45, 0x20, 0x4b, 0x45, 0x52, 0x5a, 0x45, 0x4e, 0x20, 
	0x4d, 0x49, 0x54, 0x20, 0x44, 0x49, 0x44, 0x44, 0x59, 0x53, 0x20, 0x48, 0x49, 0x4c, 0x46, 0x45, 
	0x20, 0x41, 0x4e, 0x21, 0x4c, 0x41, 0x4e, 0x4b, 0x59, 0x20, 0x49, 0x53, 0x54, 0x20, 0x41, 0x55, 
	0x46, 0x20, 0x46, 0x55, 0x4e, 0x4b, 0x59, 0x53, 0x20, 0x4c, 0x45, 0x54, 0x5a, 0x54, 0x45, 0x53, 
	0x20, 0x55, 0x50, 0x47, 0x52, 0x41, 0x44, 0x45, 0x20, 0x41, 0x4e, 0x47, 0x45, 0x57, 0x49, 0x45, 
	0x53, 0x45, 0x4e, 0x2c, 0x20, 0x42, 0x45, 0x56, 0x4f, 0x52, 0x20, 0x45, 0x52, 0x20, 0x44, 0x45, 
	0x4e, 0x20, 0x4f, 0x42, 0x45, 0x52, 0x45, 0x4e, 0x20, 0x54, 0x55, 0x52, 0x4d, 0x20, 0x42, 0x45, 
	0x54, 0x52, 0x45, 0x54, 0x45, 0x4e, 0x20, 0x4b, 0x41, 0x4e, 0x4e, 0x2e, 0x42, 0x52, 0x49, 0x4e, 
	0x47, 0x20, 0x54, 0x49, 0x4e, 0x59, 0x20, 0x49, 0x4e, 0x20, 0x44, 0x45, 0x4e, 0x20, 0x42, 0x41, 
	0x4c, 0x4c, 0x53, 0x41, 0x41, 0x4c, 0x20, 0x55, 0x4e, 0x44, 0x20, 0x50, 0x52, 0x49, 0x4d, 0x41, 
	0x54, 0x4f, 0x50, 0x4f, 0x52, 0x54, 0x49, 0x45, 0x52, 0x45, 0x20, 0x44, 0x49, 0x43, 0x48, 0x20, 
	0x44, 0x41, 0x4e, 0x4e, 0x20, 0x49, 0x4e, 0x20, 0x44, 0x41, 0x53, 0x20, 0x4d, 0x55, 0x53, 0x45, 
	0x55, 0x4d, 0x21, 0x57, 0x45, 0x4e, 0x4e, 0x20, 0x41, 0x4c, 0x4c, 0x45, 0x53, 0x20, 0x41, 0x4e, 
	0x44, 0x45, 0x52, 0x45, 0x20, 0x53, 0x43, 0x48, 0x49, 0x45, 0x46, 0x47, 0x45, 0x48, 0x54, 0x2c, 
	0x20, 0x48, 0x41, 0x54, 0x20, 0x43, 0x48, 0x55, 0x4e, 0x4b, 0x59, 0x20, 0x49, 0x4d, 0x4d, 0x45, 
	0x52, 0x20, 0x4e, 0x4f, 0x43, 0x48, 0x20, 0x53, 0x43, 0x48, 0x4c, 0x41, 0x47, 0x45, 0x4e, 0x44, 
	0x45, 0x20, 0x41, 0x52, 0x47, 0x55, 0x4d, 0x45, 0x4e, 0x54, 0x45, 0x21, 
};
u8 text_42[] = {
	0xc, 0x1, 0x1, 0x1, 0x0, 0x0, 0x0, 0x0, 0x0, 0xa, 0x0, 0x0, 0x0, 0x0, 0x0, 0x0, 
	0x1, 0x1, 0x1, 0x0, 0x0, 0x0, 0xa, 0x0, 0x7, 0x0, 0x0, 0x0, 0x0, 0x0, 0x0, 0x1, 
	0x1, 0x1, 0x0, 0x0, 0x0, 0x11, 0x0, 0x6, 0x0, 0x0, 0x0, 0x0, 0x0, 0x0, 0x1, 0x1, 
	0x1, 0x0, 0x0, 0x0, 0x17, 0x0, 0xf, 0x0, 0x0, 0x0, 0x0, 0x0, 0x0, 0x1, 0x1, 0x1, 
	0x0, 0x0, 0x0, 0x26, 0x0, 0xf, 0x0, 0x0, 0x0, 0x0, 0x0, 0x0, 0x1, 0x1, 0x1, 0x0, 
	0x0, 0x0, 0x35, 0x0, 0x10, 0x0, 0x0, 0x0, 0x0, 0x0, 0x0, 0x1, 0x1, 0x1, 0x0, 0x0, 
	0x0, 0x45, 0x0, 0x10, 0x0, 0x0, 0x0, 0x0, 0x0, 0x0, 0x1, 0x1, 0x1, 0x0, 0x0, 0x0, 
	0x55, 0x0, 0x11, 0x0, 0x0, 0x0, 0x0, 0x0, 0x0, 0x1, 0x1, 0x1, 0x0, 0x0, 0x0, 0x66, 
	0x0, 0xf, 0x0, 0x0, 0x0, 0x0, 0x0, 0x0, 0x1, 0x1, 0x1, 0x0, 0x0, 0x0, 0x75, 0x0, 
	0x12, 0x0, 0x0, 0x0, 0x0, 0x0, 0x0, 0x1, 0x1, 0x1, 0x0, 0x0, 0x0, 0x87, 0x0, 0x11, 
	0x0, 0x0, 0x0, 0x0, 0x0, 0x0, 0x1, 0x1, 0x1, 0x0, 0x0, 0x0, 0x98, 0x0, 0x13, 0x0, 
	0x0, 0x0, 0x0, 0x0, 0x0, 0x0, 0xab, 0x42, 0x4c, 0x41, 0x55, 0x50, 0x41, 0x55, 0x53, 0x45, 
	0x4e, 0x41, 0x55, 0x53, 0x47, 0x41, 0x4e, 0x47, 0x42, 0x4f, 0x4e, 0x55, 0x53, 0x21, 0x4b, 0x41, 
	0x4f, 0x53, 0x2d, 0x4b, 0x52, 0x45, 0x4d, 0x4c, 0x49, 0x4e, 0x47, 0x53, 0x21, 0x42, 0x41, 0x4e, 
	0x41, 0x4e, 0x45, 0x4e, 0x20, 0x42, 0x41, 0x4e, 0x44, 0x49, 0x54, 0x21, 0x42, 0x49, 0x42, 0x45, 
	0x52, 0x20, 0x42, 0x55, 0x54, 0x5a, 0x45, 0x4d, 0x41, 0x4e, 0x4e, 0x21, 0x53, 0x43, 0x48, 0x45, 
	0x49, 0x4e, 0x20, 0x55, 0x4e, 0x44, 0x20, 0x53, 0x45, 0x49, 0x4e, 0x21, 0x42, 0x41, 0x4e, 0x41, 
	0x4e, 0x45, 0x4e, 0x20, 0x42, 0x41, 0x4c, 0x4c, 0x45, 0x52, 0x45, 0x49, 0x21, 0x46, 0x55, 0x4e, 
	0x4b, 0x45, 0x4c, 0x4e, 0x44, 0x45, 0x20, 0x46, 0x45, 0x45, 0x4e, 0x21, 0x46, 0x4c, 0x49, 0x45, 
	0x48, 0x45, 0x4e, 0x44, 0x45, 0x20, 0x46, 0x4c, 0x49, 0x45, 0x47, 0x45, 0x4e, 0x21, 0x4b, 0x52, 
	0xd6, 0x54, 0x45, 0x4e, 0x20, 0x4b, 0x41, 0x52, 0x55, 0x53, 0x53, 0x45, 0x4c, 0x4c, 0x21, 0x4e, 
	0x4f, 0x43, 0x48, 0x20, 0x45, 0x49, 0x4e, 0x20, 0x53, 0x50, 0x49, 0x45, 0x4c, 0x43, 0x48, 0x45, 
	0x4e, 0x3f, 
};
u8 *text_files[] = {
	&text_0[0],
	&text_1[0],
	&text_2[0],
	&text_3[0],
	&text_4[0],
	&text_5[0],
	&text_6[0],
	&text_7[0],
	&text_8[0],
	&text_9[0],
	&text_10[0],
	&text_11[0],
	&text_12[0],
	&text_13[0],
	&text_14[0],
	&text_15[0],
	&text_16[0],
	&text_17[0],
	&text_18[0],
	&text_19[0],
	&text_20[0],
	&text_21[0],
	&text_22[0],
	&text_23[0],
	&text_24[0],
	&text_25[0],
	&text_26[0],
	&text_27[0],
	&text_28[0],
	&text_29[0],
	&text_30[0],
	&text_31[0],
	&text_32[0],
	&text_33[0],
	&text_34[0],
	&text_35[0],
	&text_36[0],
	&text_37[0],
	&text_38[0],
	&text_39[0],
	&text_40[0],
	&text_41[0],
	&text_42[0],
};
u16 text_file_sizes[] = {
	0xb35,
	0xf39,
	0x91,
	0x150,
	0x1a8,
	0x13e,
	0x11d,
	0xafc,
	0x1bc2,
	0xb4c,
	0x104,
	0x6dd,
	0x7b,
	0x92,
	0x245,
	0x1dd,
	0xda7,
	0x35c,
	0x1c7,
	0xcf8,
	0x318,
	0x17c,
	0x25e,
	0x1ee,
	0xae,
	0x39e,
	0x316,
	0x399,
	0x269,
	0x6e8,
	0x4c7,
	0xb0,
	0x45,
	0x213,
	0x31c,
	0x4c4,
	0x2d3,
	0x9c9,
	0x11e,
	0x6b0,
	0x130,
	0xe1c,
	0x162,
};
